[     132ms] [LOG] [Fast Refresh] rebuilding @ http://localhost:3000/_next/static/chunks/079ae_next_dist_e4f9772e._.js:2297
[     262ms] [LOG] [Fast Refresh] done in 241ms @ http://localhost:3000/_next/static/chunks/079ae_next_dist_e4f9772e._.js:2297
[     364ms] [LOG] [Fast Refresh] rebuilding @ http://localhost:3000/_next/static/chunks/079ae_next_dist_e4f9772e._.js:2297
[     573ms] [INFO] %cDownload the React DevTools for a better development experience: https://react.dev/link/react-devtools font-weight:bold @ http://localhost:3000/_next/static/chunks/079ae_next_dist_e4f9772e._.js:2297
[     691ms] [LOG] [HMR] connected @ http://localhost:3000/_next/static/chunks/079ae_next_dist_e4f9772e._.js:2297
[    5868ms] [LOG] [Fast Refresh] rebuilding @ http://localhost:3000/_next/static/chunks/079ae_next_dist_e4f9772e._.js:2297
[    6119ms] [LOG] [Fast Refresh] done in 358ms @ http://localhost:3000/_next/static/chunks/079ae_next_dist_e4f9772e._.js:2297
[   35518ms] [LOG] [Fast Refresh] rebuilding @ http://localhost:3000/_next/static/chunks/079ae_next_dist_e4f9772e._.js:2297
[   36024ms] [ERROR] ./app/(root)/bekleidung/[brand]/[slug]/components/ProductDetails.tsx:306:9
Parsing ecmascript source code failed
  304 |           </div>
  305 |         </div>
> 306 |       </div>
      |         ^^^
  307 |
  308 |       {/* ── Sticky add-to-cart bar ──────────────────────── */}
  309 |       <StickyAddToCart

Expected '>', got 'ident'

Import trace:
  Server Component:
    ./app/(root)/bekleidung/[brand]/[slug]/components/ProductDetails.tsx
    ./app/(root)/bekleidung/[brand]/[slug]/page.tsx @ http://localhost:3000/_next/static/chunks/079ae_next_dist_e4f9772e._.js:3127
[   36110ms] [ERROR] ./app/(root)/bekleidung/[brand]/[slug]/components/ProductDetails.tsx:306:9
Parsing ecmascript source code failed
  304 |           </div>
  305 |         </div>
> 306 |       </div>
      |         ^^^
  307 |
  308 |       {/* ── Sticky add-to-cart bar ──────────────────────── */}
  309 |       <StickyAddToCart

Expected '>', got 'ident'

Import trace:
  Server Component:
    ./app/(root)/bekleidung/[brand]/[slug]/components/ProductDetails.tsx
    ./app/(root)/bekleidung/[brand]/[slug]/page.tsx @ http://localhost:3000/_next/static/chunks/079ae_next_dist_e4f9772e._.js:3127
[   36193ms] [ERROR] ./app/(root)/bekleidung/[brand]/[slug]/components/ProductDetails.tsx:306:9
Parsing ecmascript source code failed
  304 |           </div>
  305 |         </div>
> 306 |       </div>
      |         ^^^
  307 |
  308 |       {/* ── Sticky add-to-cart bar ──────────────────────── */}
  309 |       <StickyAddToCart

Expected '>', got 'ident'

Import trace:
  Server Component:
    ./app/(root)/bekleidung/[brand]/[slug]/components/ProductDetails.tsx
    ./app/(root)/bekleidung/[brand]/[slug]/page.tsx @ http://localhost:3000/_next/static/chunks/079ae_next_dist_e4f9772e._.js:3127
[   36260ms] [ERROR] ./app/(root)/bekleidung/[brand]/[slug]/components/ProductDetails.tsx:306:9
Parsing ecmascript source code failed
  304 |           </div>
  305 |         </div>
> 306 |       </div>
      |         ^^^
  307 |
  308 |       {/* ── Sticky add-to-cart bar ──────────────────────── */}
  309 |       <StickyAddToCart

Expected '>', got 'ident'

Import trace:
  Server Component:
    ./app/(root)/bekleidung/[brand]/[slug]/components/ProductDetails.tsx
    ./app/(root)/bekleidung/[brand]/[slug]/page.tsx @ http://localhost:3000/_next/static/chunks/079ae_next_dist_e4f9772e._.js:3127
[   36320ms] [ERROR] ./app/(root)/bekleidung/[brand]/[slug]/components/ProductDetails.tsx:306:9
Parsing ecmascript source code failed
  304 |           </div>
  305 |         </div>
> 306 |       </div>
      |         ^^^
  307 |
  308 |       {/* ── Sticky add-to-cart bar ──────────────────────── */}
  309 |       <StickyAddToCart

Expected '>', got 'ident'

Import trace:
  Server Component:
    ./app/(root)/bekleidung/[brand]/[slug]/components/ProductDetails.tsx
    ./app/(root)/bekleidung/[brand]/[slug]/page.tsx @ http://localhost:3000/_next/static/chunks/079ae_next_dist_e4f9772e._.js:3127
[   36382ms] [ERROR] ./app/(root)/bekleidung/[brand]/[slug]/components/ProductDetails.tsx:306:9
Parsing ecmascript source code failed
  304 |           </div>
  305 |         </div>
> 306 |       </div>
      |         ^^^
  307 |
  308 |       {/* ── Sticky add-to-cart bar ──────────────────────── */}
  309 |       <StickyAddToCart

Expected '>', got 'ident'

Import trace:
  Server Component:
    ./app/(root)/bekleidung/[brand]/[slug]/components/ProductDetails.tsx
    ./app/(root)/bekleidung/[brand]/[slug]/page.tsx @ http://localhost:3000/_next/static/chunks/079ae_next_dist_e4f9772e._.js:3127
[   36445ms] [ERROR] ./app/(root)/bekleidung/[brand]/[slug]/components/ProductDetails.tsx:306:9
Parsing ecmascript source code failed
  304 |           </div>
  305 |         </div>
> 306 |       </div>
      |         ^^^
  307 |
  308 |       {/* ── Sticky add-to-cart bar ──────────────────────── */}
  309 |       <StickyAddToCart

Expected '>', got 'ident'

Import trace:
  Server Component:
    ./app/(root)/bekleidung/[brand]/[slug]/components/ProductDetails.tsx
    ./app/(root)/bekleidung/[brand]/[slug]/page.tsx @ http://localhost:3000/_next/static/chunks/079ae_next_dist_e4f9772e._.js:3127
[   36506ms] [ERROR] ./app/(root)/bekleidung/[brand]/[slug]/components/ProductDetails.tsx:306:9
Parsing ecmascript source code failed
  304 |           </div>
  305 |         </div>
> 306 |       </div>
      |         ^^^
  307 |
  308 |       {/* ── Sticky add-to-cart bar ──────────────────────── */}
  309 |       <StickyAddToCart

Expected '>', got 'ident'

Import trace:
  Server Component:
    ./app/(root)/bekleidung/[brand]/[slug]/components/ProductDetails.tsx
    ./app/(root)/bekleidung/[brand]/[slug]/page.tsx @ http://localhost:3000/_next/static/chunks/079ae_next_dist_e4f9772e._.js:3127
[   36580ms] [ERROR] ./app/(root)/bekleidung/[brand]/[slug]/components/ProductDetails.tsx:306:9
Parsing ecmascript source code failed
  304 |           </div>
  305 |         </div>
> 306 |       </div>
      |         ^^^
  307 |
  308 |       {/* ── Sticky add-to-cart bar ──────────────────────── */}
  309 |       <StickyAddToCart

Expected '>', got 'ident'

Import trace:
  Server Component:
    ./app/(root)/bekleidung/[brand]/[slug]/components/ProductDetails.tsx
    ./app/(root)/bekleidung/[brand]/[slug]/page.tsx @ http://localhost:3000/_next/static/chunks/079ae_next_dist_e4f9772e._.js:3127
[   36641ms] [ERROR] ./app/(root)/bekleidung/[brand]/[slug]/components/ProductDetails.tsx:306:9
Parsing ecmascript source code failed
  304 |           </div>
  305 |         </div>
> 306 |       </div>
      |         ^^^
  307 |
  308 |       {/* ── Sticky add-to-cart bar ──────────────────────── */}
  309 |       <StickyAddToCart

Expected '>', got 'ident'

Import trace:
  Server Component:
    ./app/(root)/bekleidung/[brand]/[slug]/components/ProductDetails.tsx
    ./app/(root)/bekleidung/[brand]/[slug]/page.tsx @ http://localhost:3000/_next/static/chunks/079ae_next_dist_e4f9772e._.js:3127
[   36704ms] [ERROR] ./app/(root)/bekleidung/[brand]/[slug]/components/ProductDetails.tsx:306:9
Parsing ecmascript source code failed
  304 |           </div>
  305 |         </div>
> 306 |       </div>
      |         ^^^
  307 |
  308 |       {/* ── Sticky add-to-cart bar ──────────────────────── */}
  309 |       <StickyAddToCart

Expected '>', got 'ident'

Import trace:
  Server Component:
    ./app/(root)/bekleidung/[brand]/[slug]/components/ProductDetails.tsx
    ./app/(root)/bekleidung/[brand]/[slug]/page.tsx @ http://localhost:3000/_next/static/chunks/079ae_next_dist_e4f9772e._.js:3127
[   36783ms] [ERROR] ./app/(root)/bekleidung/[brand]/[slug]/components/ProductDetails.tsx:306:9
Parsing ecmascript source code failed
  304 |           </div>
  305 |         </div>
> 306 |       </div>
      |         ^^^
  307 |
  308 |       {/* ── Sticky add-to-cart bar ──────────────────────── */}
  309 |       <StickyAddToCart

Expected '>', got 'ident'

Import trace:
  Server Component:
    ./app/(root)/bekleidung/[brand]/[slug]/components/ProductDetails.tsx
    ./app/(root)/bekleidung/[brand]/[slug]/page.tsx @ http://localhost:3000/_next/static/chunks/079ae_next_dist_e4f9772e._.js:3127
[   36854ms] [ERROR] ./app/(root)/bekleidung/[brand]/[slug]/components/ProductDetails.tsx:306:9
Parsing ecmascript source code failed
  304 |           </div>
  305 |         </div>
> 306 |       </div>
      |         ^^^
  307 |
  308 |       {/* ── Sticky add-to-cart bar ──────────────────────── */}
  309 |       <StickyAddToCart

Expected '>', got 'ident'

Import trace:
  Server Component:
    ./app/(root)/bekleidung/[brand]/[slug]/components/ProductDetails.tsx
    ./app/(root)/bekleidung/[brand]/[slug]/page.tsx @ http://localhost:3000/_next/static/chunks/079ae_next_dist_e4f9772e._.js:3127
[   36931ms] [ERROR] ./app/(root)/bekleidung/[brand]/[slug]/components/ProductDetails.tsx:306:9
Parsing ecmascript source code failed
  304 |           </div>
  305 |         </div>
> 306 |       </div>
      |         ^^^
  307 |
  308 |       {/* ── Sticky add-to-cart bar ──────────────────────── */}
  309 |       <StickyAddToCart

Expected '>', got 'ident'

Import trace:
  Server Component:
    ./app/(root)/bekleidung/[brand]/[slug]/components/ProductDetails.tsx
    ./app/(root)/bekleidung/[brand]/[slug]/page.tsx @ http://localhost:3000/_next/static/chunks/079ae_next_dist_e4f9772e._.js:3127
[   37009ms] [ERROR] ./app/(root)/bekleidung/[brand]/[slug]/components/ProductDetails.tsx:306:9
Parsing ecmascript source code failed
  304 |           </div>
  305 |         </div>
> 306 |       </div>
      |         ^^^
  307 |
  308 |       {/* ── Sticky add-to-cart bar ──────────────────────── */}
  309 |       <StickyAddToCart

Expected '>', got 'ident'

Import trace:
  Server Component:
    ./app/(root)/bekleidung/[brand]/[slug]/components/ProductDetails.tsx
    ./app/(root)/bekleidung/[brand]/[slug]/page.tsx @ http://localhost:3000/_next/static/chunks/079ae_next_dist_e4f9772e._.js:3127
[   37084ms] [ERROR] ./app/(root)/bekleidung/[brand]/[slug]/components/ProductDetails.tsx:306:9
Parsing ecmascript source code failed
  304 |           </div>
  305 |         </div>
> 306 |       </div>
      |         ^^^
  307 |
  308 |       {/* ── Sticky add-to-cart bar ──────────────────────── */}
  309 |       <StickyAddToCart

Expected '>', got 'ident'

Import trace:
  Server Component:
    ./app/(root)/bekleidung/[brand]/[slug]/components/ProductDetails.tsx
    ./app/(root)/bekleidung/[brand]/[slug]/page.tsx @ http://localhost:3000/_next/static/chunks/079ae_next_dist_e4f9772e._.js:3127
[   37159ms] [ERROR] ./app/(root)/bekleidung/[brand]/[slug]/components/ProductDetails.tsx:306:9
Parsing ecmascript source code failed
  304 |           </div>
  305 |         </div>
> 306 |       </div>
      |         ^^^
  307 |
  308 |       {/* ── Sticky add-to-cart bar ──────────────────────── */}
  309 |       <StickyAddToCart

Expected '>', got 'ident'

Import trace:
  Server Component:
    ./app/(root)/bekleidung/[brand]/[slug]/components/ProductDetails.tsx
    ./app/(root)/bekleidung/[brand]/[slug]/page.tsx @ http://localhost:3000/_next/static/chunks/079ae_next_dist_e4f9772e._.js:3127
[   37219ms] [ERROR] ./app/(root)/bekleidung/[brand]/[slug]/components/ProductDetails.tsx:306:9
Parsing ecmascript source code failed
  304 |           </div>
  305 |         </div>
> 306 |       </div>
      |         ^^^
  307 |
  308 |       {/* ── Sticky add-to-cart bar ──────────────────────── */}
  309 |       <StickyAddToCart

Expected '>', got 'ident'

Import trace:
  Server Component:
    ./app/(root)/bekleidung/[brand]/[slug]/components/ProductDetails.tsx
    ./app/(root)/bekleidung/[brand]/[slug]/page.tsx @ http://localhost:3000/_next/static/chunks/079ae_next_dist_e4f9772e._.js:3127
[   37295ms] [ERROR] ./app/(root)/bekleidung/[brand]/[slug]/components/ProductDetails.tsx:306:9
Parsing ecmascript source code failed
  304 |           </div>
  305 |         </div>
> 306 |       </div>
      |         ^^^
  307 |
  308 |       {/* ── Sticky add-to-cart bar ──────────────────────── */}
  309 |       <StickyAddToCart

Expected '>', got 'ident'

Import trace:
  Server Component:
    ./app/(root)/bekleidung/[brand]/[slug]/components/ProductDetails.tsx
    ./app/(root)/bekleidung/[brand]/[slug]/page.tsx @ http://localhost:3000/_next/static/chunks/079ae_next_dist_e4f9772e._.js:3127
[   37357ms] [ERROR] ./app/(root)/bekleidung/[brand]/[slug]/components/ProductDetails.tsx:306:9
Parsing ecmascript source code failed
  304 |           </div>
  305 |         </div>
> 306 |       </div>
      |         ^^^
  307 |
  308 |       {/* ── Sticky add-to-cart bar ──────────────────────── */}
  309 |       <StickyAddToCart

Expected '>', got 'ident'

Import trace:
  Server Component:
    ./app/(root)/bekleidung/[brand]/[slug]/components/ProductDetails.tsx
    ./app/(root)/bekleidung/[brand]/[slug]/page.tsx @ http://localhost:3000/_next/static/chunks/079ae_next_dist_e4f9772e._.js:3127
[   37420ms] [ERROR] ./app/(root)/bekleidung/[brand]/[slug]/components/ProductDetails.tsx:306:9
Parsing ecmascript source code failed
  304 |           </div>
  305 |         </div>
> 306 |       </div>
      |         ^^^
  307 |
  308 |       {/* ── Sticky add-to-cart bar ──────────────────────── */}
  309 |       <StickyAddToCart

Expected '>', got 'ident'

Import trace:
  Server Component:
    ./app/(root)/bekleidung/[brand]/[slug]/components/ProductDetails.tsx
    ./app/(root)/bekleidung/[brand]/[slug]/page.tsx @ http://localhost:3000/_next/static/chunks/079ae_next_dist_e4f9772e._.js:3127
[   37481ms] [ERROR] ./app/(root)/bekleidung/[brand]/[slug]/components/ProductDetails.tsx:306:9
Parsing ecmascript source code failed
  304 |           </div>
  305 |         </div>
> 306 |       </div>
      |         ^^^
  307 |
  308 |       {/* ── Sticky add-to-cart bar ──────────────────────── */}
  309 |       <StickyAddToCart

Expected '>', got 'ident'

Import trace:
  Server Component:
    ./app/(root)/bekleidung/[brand]/[slug]/components/ProductDetails.tsx
    ./app/(root)/bekleidung/[brand]/[slug]/page.tsx @ http://localhost:3000/_next/static/chunks/079ae_next_dist_e4f9772e._.js:3127
[   37543ms] [ERROR] ./app/(root)/bekleidung/[brand]/[slug]/components/ProductDetails.tsx:306:9
Parsing ecmascript source code failed
  304 |           </div>
  305 |         </div>
> 306 |       </div>
      |         ^^^
  307 |
  308 |       {/* ── Sticky add-to-cart bar ──────────────────────── */}
  309 |       <StickyAddToCart

Expected '>', got 'ident'

Import trace:
  Server Component:
    ./app/(root)/bekleidung/[brand]/[slug]/components/ProductDetails.tsx
    ./app/(root)/bekleidung/[brand]/[slug]/page.tsx @ http://localhost:3000/_next/static/chunks/079ae_next_dist_e4f9772e._.js:3127
[   37606ms] [ERROR] ./app/(root)/bekleidung/[brand]/[slug]/components/ProductDetails.tsx:306:9
Parsing ecmascript source code failed
  304 |           </div>
  305 |         </div>
> 306 |       </div>
      |         ^^^
  307 |
  308 |       {/* ── Sticky add-to-cart bar ──────────────────────── */}
  309 |       <StickyAddToCart

Expected '>', got 'ident'

Import trace:
  Server Component:
    ./app/(root)/bekleidung/[brand]/[slug]/components/ProductDetails.tsx
    ./app/(root)/bekleidung/[brand]/[slug]/page.tsx @ http://localhost:3000/_next/static/chunks/079ae_next_dist_e4f9772e._.js:3127
[   37668ms] [ERROR] ./app/(root)/bekleidung/[brand]/[slug]/components/ProductDetails.tsx:306:9
Parsing ecmascript source code failed
  304 |           </div>
  305 |         </div>
> 306 |       </div>
      |         ^^^
  307 |
  308 |       {/* ── Sticky add-to-cart bar ──────────────────────── */}
  309 |       <StickyAddToCart

Expected '>', got 'ident'

Import trace:
  Server Component:
    ./app/(root)/bekleidung/[brand]/[slug]/components/ProductDetails.tsx
    ./app/(root)/bekleidung/[brand]/[slug]/page.tsx @ http://localhost:3000/_next/static/chunks/079ae_next_dist_e4f9772e._.js:3127
[   37732ms] [ERROR] ./app/(root)/bekleidung/[brand]/[slug]/components/ProductDetails.tsx:306:9
Parsing ecmascript source code failed
  304 |           </div>
  305 |         </div>
> 306 |       </div>
      |         ^^^
  307 |
  308 |       {/* ── Sticky add-to-cart bar ──────────────────────── */}
  309 |       <StickyAddToCart

Expected '>', got 'ident'

Import trace:
  Server Component:
    ./app/(root)/bekleidung/[brand]/[slug]/components/ProductDetails.tsx
    ./app/(root)/bekleidung/[brand]/[slug]/page.tsx @ http://localhost:3000/_next/static/chunks/079ae_next_dist_e4f9772e._.js:3127
[   37791ms] [ERROR] ./app/(root)/bekleidung/[brand]/[slug]/components/ProductDetails.tsx:306:9
Parsing ecmascript source code failed
  304 |           </div>
  305 |         </div>
> 306 |       </div>
      |         ^^^
  307 |
  308 |       {/* ── Sticky add-to-cart bar ──────────────────────── */}
  309 |       <StickyAddToCart

Expected '>', got 'ident'

Import trace:
  Server Component:
    ./app/(root)/bekleidung/[brand]/[slug]/components/ProductDetails.tsx
    ./app/(root)/bekleidung/[brand]/[slug]/page.tsx @ http://localhost:3000/_next/static/chunks/079ae_next_dist_e4f9772e._.js:3127
[   37855ms] [ERROR] ./app/(root)/bekleidung/[brand]/[slug]/components/ProductDetails.tsx:306:9
Parsing ecmascript source code failed
  304 |           </div>
  305 |         </div>
> 306 |       </div>
      |         ^^^
  307 |
  308 |       {/* ── Sticky add-to-cart bar ──────────────────────── */}
  309 |       <StickyAddToCart

Expected '>', got 'ident'

Import trace:
  Server Component:
    ./app/(root)/bekleidung/[brand]/[slug]/components/ProductDetails.tsx
    ./app/(root)/bekleidung/[brand]/[slug]/page.tsx @ http://localhost:3000/_next/static/chunks/079ae_next_dist_e4f9772e._.js:3127
[   37916ms] [ERROR] ./app/(root)/bekleidung/[brand]/[slug]/components/ProductDetails.tsx:306:9
Parsing ecmascript source code failed
  304 |           </div>
  305 |         </div>
> 306 |       </div>
      |         ^^^
  307 |
  308 |       {/* ── Sticky add-to-cart bar ──────────────────────── */}
  309 |       <StickyAddToCart

Expected '>', got 'ident'

Import trace:
  Server Component:
    ./app/(root)/bekleidung/[brand]/[slug]/components/ProductDetails.tsx
    ./app/(root)/bekleidung/[brand]/[slug]/page.tsx @ http://localhost:3000/_next/static/chunks/079ae_next_dist_e4f9772e._.js:3127
[   37979ms] [ERROR] ./app/(root)/bekleidung/[brand]/[slug]/components/ProductDetails.tsx:306:9
Parsing ecmascript source code failed
  304 |           </div>
  305 |         </div>
> 306 |       </div>
      |         ^^^
  307 |
  308 |       {/* ── Sticky add-to-cart bar ──────────────────────── */}
  309 |       <StickyAddToCart

Expected '>', got 'ident'

Import trace:
  Server Component:
    ./app/(root)/bekleidung/[brand]/[slug]/components/ProductDetails.tsx
    ./app/(root)/bekleidung/[brand]/[slug]/page.tsx @ http://localhost:3000/_next/static/chunks/079ae_next_dist_e4f9772e._.js:3127
[   38038ms] [ERROR] ./app/(root)/bekleidung/[brand]/[slug]/components/ProductDetails.tsx:306:9
Parsing ecmascript source code failed
  304 |           </div>
  305 |         </div>
> 306 |       </div>
      |         ^^^
  307 |
  308 |       {/* ── Sticky add-to-cart bar ──────────────────────── */}
  309 |       <StickyAddToCart

Expected '>', got 'ident'

Import trace:
  Server Component:
    ./app/(root)/bekleidung/[brand]/[slug]/components/ProductDetails.tsx
    ./app/(root)/bekleidung/[brand]/[slug]/page.tsx @ http://localhost:3000/_next/static/chunks/079ae_next_dist_e4f9772e._.js:3127
[   38106ms] [ERROR] ./app/(root)/bekleidung/[brand]/[slug]/components/ProductDetails.tsx:306:9
Parsing ecmascript source code failed
  304 |           </div>
  305 |         </div>
> 306 |       </div>
      |         ^^^
  307 |
  308 |       {/* ── Sticky add-to-cart bar ──────────────────────── */}
  309 |       <StickyAddToCart

Expected '>', got 'ident'

Import trace:
  Server Component:
    ./app/(root)/bekleidung/[brand]/[slug]/components/ProductDetails.tsx
    ./app/(root)/bekleidung/[brand]/[slug]/page.tsx @ http://localhost:3000/_next/static/chunks/079ae_next_dist_e4f9772e._.js:3127
[   38178ms] [ERROR] ./app/(root)/bekleidung/[brand]/[slug]/components/ProductDetails.tsx:306:9
Parsing ecmascript source code failed
  304 |           </div>
  305 |         </div>
> 306 |       </div>
      |         ^^^
  307 |
  308 |       {/* ── Sticky add-to-cart bar ──────────────────────── */}
  309 |       <StickyAddToCart

Expected '>', got 'ident'

Import trace:
  Server Component:
    ./app/(root)/bekleidung/[brand]/[slug]/components/ProductDetails.tsx
    ./app/(root)/bekleidung/[brand]/[slug]/page.tsx @ http://localhost:3000/_next/static/chunks/079ae_next_dist_e4f9772e._.js:3127
[   38239ms] [ERROR] ./app/(root)/bekleidung/[brand]/[slug]/components/ProductDetails.tsx:306:9
Parsing ecmascript source code failed
  304 |           </div>
  305 |         </div>
> 306 |       </div>
      |         ^^^
  307 |
  308 |       {/* ── Sticky add-to-cart bar ──────────────────────── */}
  309 |       <StickyAddToCart

Expected '>', got 'ident'

Import trace:
  Server Component:
    ./app/(root)/bekleidung/[brand]/[slug]/components/ProductDetails.tsx
    ./app/(root)/bekleidung/[brand]/[slug]/page.tsx @ http://localhost:3000/_next/static/chunks/079ae_next_dist_e4f9772e._.js:3127
[   38303ms] [ERROR] ./app/(root)/bekleidung/[brand]/[slug]/components/ProductDetails.tsx:306:9
Parsing ecmascript source code failed
  304 |           </div>
  305 |         </div>
> 306 |       </div>
      |         ^^^
  307 |
  308 |       {/* ── Sticky add-to-cart bar ──────────────────────── */}
  309 |       <StickyAddToCart

Expected '>', got 'ident'

Import trace:
  Server Component:
    ./app/(root)/bekleidung/[brand]/[slug]/components/ProductDetails.tsx
    ./app/(root)/bekleidung/[brand]/[slug]/page.tsx @ http://localhost:3000/_next/static/chunks/079ae_next_dist_e4f9772e._.js:3127
[   38379ms] [ERROR] ./app/(root)/bekleidung/[brand]/[slug]/components/ProductDetails.tsx:306:9
Parsing ecmascript source code failed
  304 |           </div>
  305 |         </div>
> 306 |       </div>
      |         ^^^
  307 |
  308 |       {/* ── Sticky add-to-cart bar ──────────────────────── */}
  309 |       <StickyAddToCart

Expected '>', got 'ident'

Import trace:
  Server Component:
    ./app/(root)/bekleidung/[brand]/[slug]/components/ProductDetails.tsx
    ./app/(root)/bekleidung/[brand]/[slug]/page.tsx @ http://localhost:3000/_next/static/chunks/079ae_next_dist_e4f9772e._.js:3127
[   38443ms] [ERROR] ./app/(root)/bekleidung/[brand]/[slug]/components/ProductDetails.tsx:306:9
Parsing ecmascript source code failed
  304 |           </div>
  305 |         </div>
> 306 |       </div>
      |         ^^^
  307 |
  308 |       {/* ── Sticky add-to-cart bar ──────────────────────── */}
  309 |       <StickyAddToCart

Expected '>', got 'ident'

Import trace:
  Server Component:
    ./app/(root)/bekleidung/[brand]/[slug]/components/ProductDetails.tsx
    ./app/(root)/bekleidung/[brand]/[slug]/page.tsx @ http://localhost:3000/_next/static/chunks/079ae_next_dist_e4f9772e._.js:3127
[   38503ms] [ERROR] ./app/(root)/bekleidung/[brand]/[slug]/components/ProductDetails.tsx:306:9
Parsing ecmascript source code failed
  304 |           </div>
  305 |         </div>
> 306 |       </div>
      |         ^^^
  307 |
  308 |       {/* ── Sticky add-to-cart bar ──────────────────────── */}
  309 |       <StickyAddToCart

Expected '>', got 'ident'

Import trace:
  Server Component:
    ./app/(root)/bekleidung/[brand]/[slug]/components/ProductDetails.tsx
    ./app/(root)/bekleidung/[brand]/[slug]/page.tsx @ http://localhost:3000/_next/static/chunks/079ae_next_dist_e4f9772e._.js:3127
[   38566ms] [ERROR] ./app/(root)/bekleidung/[brand]/[slug]/components/ProductDetails.tsx:306:9
Parsing ecmascript source code failed
  304 |           </div>
  305 |         </div>
> 306 |       </div>
      |         ^^^
  307 |
  308 |       {/* ── Sticky add-to-cart bar ──────────────────────── */}
  309 |       <StickyAddToCart

Expected '>', got 'ident'

Import trace:
  Server Component:
    ./app/(root)/bekleidung/[brand]/[slug]/components/ProductDetails.tsx
    ./app/(root)/bekleidung/[brand]/[slug]/page.tsx @ http://localhost:3000/_next/static/chunks/079ae_next_dist_e4f9772e._.js:3127
[   38625ms] [ERROR] ./app/(root)/bekleidung/[brand]/[slug]/components/ProductDetails.tsx:306:9
Parsing ecmascript source code failed
  304 |           </div>
  305 |         </div>
> 306 |       </div>
      |         ^^^
  307 |
  308 |       {/* ── Sticky add-to-cart bar ──────────────────────── */}
  309 |       <StickyAddToCart

Expected '>', got 'ident'

Import trace:
  Server Component:
    ./app/(root)/bekleidung/[brand]/[slug]/components/ProductDetails.tsx
    ./app/(root)/bekleidung/[brand]/[slug]/page.tsx @ http://localhost:3000/_next/static/chunks/079ae_next_dist_e4f9772e._.js:3127
[   38688ms] [ERROR] ./app/(root)/bekleidung/[brand]/[slug]/components/ProductDetails.tsx:306:9
Parsing ecmascript source code failed
  304 |           </div>
  305 |         </div>
> 306 |       </div>
      |         ^^^
  307 |
  308 |       {/* ── Sticky add-to-cart bar ──────────────────────── */}
  309 |       <StickyAddToCart

Expected '>', got 'ident'

Import trace:
  Server Component:
    ./app/(root)/bekleidung/[brand]/[slug]/components/ProductDetails.tsx
    ./app/(root)/bekleidung/[brand]/[slug]/page.tsx @ http://localhost:3000/_next/static/chunks/079ae_next_dist_e4f9772e._.js:3127
[   38747ms] [ERROR] ./app/(root)/bekleidung/[brand]/[slug]/components/ProductDetails.tsx:306:9
Parsing ecmascript source code failed
  304 |           </div>
  305 |         </div>
> 306 |       </div>
      |         ^^^
  307 |
  308 |       {/* ── Sticky add-to-cart bar ──────────────────────── */}
  309 |       <StickyAddToCart

Expected '>', got 'ident'

Import trace:
  Server Component:
    ./app/(root)/bekleidung/[brand]/[slug]/components/ProductDetails.tsx
    ./app/(root)/bekleidung/[brand]/[slug]/page.tsx @ http://localhost:3000/_next/static/chunks/079ae_next_dist_e4f9772e._.js:3127
[   38809ms] [ERROR] ./app/(root)/bekleidung/[brand]/[slug]/components/ProductDetails.tsx:306:9
Parsing ecmascript source code failed
  304 |           </div>
  305 |         </div>
> 306 |       </div>
      |         ^^^
  307 |
  308 |       {/* ── Sticky add-to-cart bar ──────────────────────── */}
  309 |       <StickyAddToCart

Expected '>', got 'ident'

Import trace:
  Server Component:
    ./app/(root)/bekleidung/[brand]/[slug]/components/ProductDetails.tsx
    ./app/(root)/bekleidung/[brand]/[slug]/page.tsx @ http://localhost:3000/_next/static/chunks/079ae_next_dist_e4f9772e._.js:3127
[   38870ms] [ERROR] ./app/(root)/bekleidung/[brand]/[slug]/components/ProductDetails.tsx:306:9
Parsing ecmascript source code failed
  304 |           </div>
  305 |         </div>
> 306 |       </div>
      |         ^^^
  307 |
  308 |       {/* ── Sticky add-to-cart bar ──────────────────────── */}
  309 |       <StickyAddToCart

Expected '>', got 'ident'

Import trace:
  Server Component:
    ./app/(root)/bekleidung/[brand]/[slug]/components/ProductDetails.tsx
    ./app/(root)/bekleidung/[brand]/[slug]/page.tsx @ http://localhost:3000/_next/static/chunks/079ae_next_dist_e4f9772e._.js:3127
[   38935ms] [ERROR] ./app/(root)/bekleidung/[brand]/[slug]/components/ProductDetails.tsx:306:9
Parsing ecmascript source code failed
  304 |           </div>
  305 |         </div>
> 306 |       </div>
      |         ^^^
  307 |
  308 |       {/* ── Sticky add-to-cart bar ──────────────────────── */}
  309 |       <StickyAddToCart

Expected '>', got 'ident'

Import trace:
  Server Component:
    ./app/(root)/bekleidung/[brand]/[slug]/components/ProductDetails.tsx
    ./app/(root)/bekleidung/[brand]/[slug]/page.tsx @ http://localhost:3000/_next/static/chunks/079ae_next_dist_e4f9772e._.js:3127
[   38995ms] [ERROR] ./app/(root)/bekleidung/[brand]/[slug]/components/ProductDetails.tsx:306:9
Parsing ecmascript source code failed
  304 |           </div>
  305 |         </div>
> 306 |       </div>
      |         ^^^
  307 |
  308 |       {/* ── Sticky add-to-cart bar ──────────────────────── */}
  309 |       <StickyAddToCart

Expected '>', got 'ident'

Import trace:
  Server Component:
    ./app/(root)/bekleidung/[brand]/[slug]/components/ProductDetails.tsx
    ./app/(root)/bekleidung/[brand]/[slug]/page.tsx @ http://localhost:3000/_next/static/chunks/079ae_next_dist_e4f9772e._.js:3127
[   39057ms] [ERROR] ./app/(root)/bekleidung/[brand]/[slug]/components/ProductDetails.tsx:306:9
Parsing ecmascript source code failed
  304 |           </div>
  305 |         </div>
> 306 |       </div>
      |         ^^^
  307 |
  308 |       {/* ── Sticky add-to-cart bar ──────────────────────── */}
  309 |       <StickyAddToCart

Expected '>', got 'ident'

Import trace:
  Server Component:
    ./app/(root)/bekleidung/[brand]/[slug]/components/ProductDetails.tsx
    ./app/(root)/bekleidung/[brand]/[slug]/page.tsx @ http://localhost:3000/_next/static/chunks/079ae_next_dist_e4f9772e._.js:3127
[   39120ms] [ERROR] ./app/(root)/bekleidung/[brand]/[slug]/components/ProductDetails.tsx:306:9
Parsing ecmascript source code failed
  304 |           </div>
  305 |         </div>
> 306 |       </div>
      |         ^^^
  307 |
  308 |       {/* ── Sticky add-to-cart bar ──────────────────────── */}
  309 |       <StickyAddToCart

Expected '>', got 'ident'

Import trace:
  Server Component:
    ./app/(root)/bekleidung/[brand]/[slug]/components/ProductDetails.tsx
    ./app/(root)/bekleidung/[brand]/[slug]/page.tsx @ http://localhost:3000/_next/static/chunks/079ae_next_dist_e4f9772e._.js:3127
[   39180ms] [ERROR] ./app/(root)/bekleidung/[brand]/[slug]/components/ProductDetails.tsx:306:9
Parsing ecmascript source code failed
  304 |           </div>
  305 |         </div>
> 306 |       </div>
      |         ^^^
  307 |
  308 |       {/* ── Sticky add-to-cart bar ──────────────────────── */}
  309 |       <StickyAddToCart

Expected '>', got 'ident'

Import trace:
  Server Component:
    ./app/(root)/bekleidung/[brand]/[slug]/components/ProductDetails.tsx
    ./app/(root)/bekleidung/[brand]/[slug]/page.tsx @ http://localhost:3000/_next/static/chunks/079ae_next_dist_e4f9772e._.js:3127
[   39242ms] [ERROR] ./app/(root)/bekleidung/[brand]/[slug]/components/ProductDetails.tsx:306:9
Parsing ecmascript source code failed
  304 |           </div>
  305 |         </div>
> 306 |       </div>
      |         ^^^
  307 |
  308 |       {/* ── Sticky add-to-cart bar ──────────────────────── */}
  309 |       <StickyAddToCart

Expected '>', got 'ident'

Import trace:
  Server Component:
    ./app/(root)/bekleidung/[brand]/[slug]/components/ProductDetails.tsx
    ./app/(root)/bekleidung/[brand]/[slug]/page.tsx @ http://localhost:3000/_next/static/chunks/079ae_next_dist_e4f9772e._.js:3127
[   39304ms] [ERROR] ./app/(root)/bekleidung/[brand]/[slug]/components/ProductDetails.tsx:306:9
Parsing ecmascript source code failed
  304 |           </div>
  305 |         </div>
> 306 |       </div>
      |         ^^^
  307 |
  308 |       {/* ── Sticky add-to-cart bar ──────────────────────── */}
  309 |       <StickyAddToCart

Expected '>', got 'ident'

Import trace:
  Server Component:
    ./app/(root)/bekleidung/[brand]/[slug]/components/ProductDetails.tsx
    ./app/(root)/bekleidung/[brand]/[slug]/page.tsx @ http://localhost:3000/_next/static/chunks/079ae_next_dist_e4f9772e._.js:3127
[   39384ms] [ERROR] ./app/(root)/bekleidung/[brand]/[slug]/components/ProductDetails.tsx:306:9
Parsing ecmascript source code failed
  304 |           </div>
  305 |         </div>
> 306 |       </div>
      |         ^^^
  307 |
  308 |       {/* ── Sticky add-to-cart bar ──────────────────────── */}
  309 |       <StickyAddToCart

Expected '>', got 'ident'

Import trace:
  Server Component:
    ./app/(root)/bekleidung/[brand]/[slug]/components/ProductDetails.tsx
    ./app/(root)/bekleidung/[brand]/[slug]/page.tsx @ http://localhost:3000/_next/static/chunks/079ae_next_dist_e4f9772e._.js:3127
[   39459ms] [ERROR] ./app/(root)/bekleidung/[brand]/[slug]/components/ProductDetails.tsx:306:9
Parsing ecmascript source code failed
  304 |           </div>
  305 |         </div>
> 306 |       </div>
      |         ^^^
  307 |
  308 |       {/* ── Sticky add-to-cart bar ──────────────────────── */}
  309 |       <StickyAddToCart

Expected '>', got 'ident'

Import trace:
  Server Component:
    ./app/(root)/bekleidung/[brand]/[slug]/components/ProductDetails.tsx
    ./app/(root)/bekleidung/[brand]/[slug]/page.tsx @ http://localhost:3000/_next/static/chunks/079ae_next_dist_e4f9772e._.js:3127
[   39521ms] [ERROR] ./app/(root)/bekleidung/[brand]/[slug]/components/ProductDetails.tsx:306:9
Parsing ecmascript source code failed
  304 |           </div>
  305 |         </div>
> 306 |       </div>
      |         ^^^
  307 |
  308 |       {/* ── Sticky add-to-cart bar ──────────────────────── */}
  309 |       <StickyAddToCart

Expected '>', got 'ident'

Import trace:
  Server Component:
    ./app/(root)/bekleidung/[brand]/[slug]/components/ProductDetails.tsx
    ./app/(root)/bekleidung/[brand]/[slug]/page.tsx @ http://localhost:3000/_next/static/chunks/079ae_next_dist_e4f9772e._.js:3127
[   39583ms] [ERROR] ./app/(root)/bekleidung/[brand]/[slug]/components/ProductDetails.tsx:306:9
Parsing ecmascript source code failed
  304 |           </div>
  305 |         </div>
> 306 |       </div>
      |         ^^^
  307 |
  308 |       {/* ── Sticky add-to-cart bar ──────────────────────── */}
  309 |       <StickyAddToCart

Expected '>', got 'ident'

Import trace:
  Server Component:
    ./app/(root)/bekleidung/[brand]/[slug]/components/ProductDetails.tsx
    ./app/(root)/bekleidung/[brand]/[slug]/page.tsx @ http://localhost:3000/_next/static/chunks/079ae_next_dist_e4f9772e._.js:3127
[   39648ms] [ERROR] ./app/(root)/bekleidung/[brand]/[slug]/components/ProductDetails.tsx:306:9
Parsing ecmascript source code failed
  304 |           </div>
  305 |         </div>
> 306 |       </div>
      |         ^^^
  307 |
  308 |       {/* ── Sticky add-to-cart bar ──────────────────────── */}
  309 |       <StickyAddToCart

Expected '>', got 'ident'

Import trace:
  Server Component:
    ./app/(root)/bekleidung/[brand]/[slug]/components/ProductDetails.tsx
    ./app/(root)/bekleidung/[brand]/[slug]/page.tsx @ http://localhost:3000/_next/static/chunks/079ae_next_dist_e4f9772e._.js:3127
[   39709ms] [ERROR] ./app/(root)/bekleidung/[brand]/[slug]/components/ProductDetails.tsx:306:9
Parsing ecmascript source code failed
  304 |           </div>
  305 |         </div>
> 306 |       </div>
      |         ^^^
  307 |
  308 |       {/* ── Sticky add-to-cart bar ──────────────────────── */}
  309 |       <StickyAddToCart

Expected '>', got 'ident'

Import trace:
  Server Component:
    ./app/(root)/bekleidung/[brand]/[slug]/components/ProductDetails.tsx
    ./app/(root)/bekleidung/[brand]/[slug]/page.tsx @ http://localhost:3000/_next/static/chunks/079ae_next_dist_e4f9772e._.js:3127
[   39770ms] [ERROR] ./app/(root)/bekleidung/[brand]/[slug]/components/ProductDetails.tsx:306:9
Parsing ecmascript source code failed
  304 |           </div>
  305 |         </div>
> 306 |       </div>
      |         ^^^
  307 |
  308 |       {/* ── Sticky add-to-cart bar ──────────────────────── */}
  309 |       <StickyAddToCart

Expected '>', got 'ident'

Import trace:
  Server Component:
    ./app/(root)/bekleidung/[brand]/[slug]/components/ProductDetails.tsx
    ./app/(root)/bekleidung/[brand]/[slug]/page.tsx @ http://localhost:3000/_next/static/chunks/079ae_next_dist_e4f9772e._.js:3127
[   39836ms] [ERROR] ./app/(root)/bekleidung/[brand]/[slug]/components/ProductDetails.tsx:306:9
Parsing ecmascript source code failed
  304 |           </div>
  305 |         </div>
> 306 |       </div>
      |         ^^^
  307 |
  308 |       {/* ── Sticky add-to-cart bar ──────────────────────── */}
  309 |       <StickyAddToCart

Expected '>', got 'ident'

Import trace:
  Server Component:
    ./app/(root)/bekleidung/[brand]/[slug]/components/ProductDetails.tsx
    ./app/(root)/bekleidung/[brand]/[slug]/page.tsx @ http://localhost:3000/_next/static/chunks/079ae_next_dist_e4f9772e._.js:3127
[   39912ms] [ERROR] ./app/(root)/bekleidung/[brand]/[slug]/components/ProductDetails.tsx:306:9
Parsing ecmascript source code failed
  304 |           </div>
  305 |         </div>
> 306 |       </div>
      |         ^^^
  307 |
  308 |       {/* ── Sticky add-to-cart bar ──────────────────────── */}
  309 |       <StickyAddToCart

Expected '>', got 'ident'

Import trace:
  Server Component:
    ./app/(root)/bekleidung/[brand]/[slug]/components/ProductDetails.tsx
    ./app/(root)/bekleidung/[brand]/[slug]/page.tsx @ http://localhost:3000/_next/static/chunks/079ae_next_dist_e4f9772e._.js:3127
[   39996ms] [ERROR] ./app/(root)/bekleidung/[brand]/[slug]/components/ProductDetails.tsx:306:9
Parsing ecmascript source code failed
  304 |           </div>
  305 |         </div>
> 306 |       </div>
      |         ^^^
  307 |
  308 |       {/* ── Sticky add-to-cart bar ──────────────────────── */}
  309 |       <StickyAddToCart

Expected '>', got 'ident'

Import trace:
  Server Component:
    ./app/(root)/bekleidung/[brand]/[slug]/components/ProductDetails.tsx
    ./app/(root)/bekleidung/[brand]/[slug]/page.tsx @ http://localhost:3000/_next/static/chunks/079ae_next_dist_e4f9772e._.js:3127
[   40068ms] [ERROR] ./app/(root)/bekleidung/[brand]/[slug]/components/ProductDetails.tsx:306:9
Parsing ecmascript source code failed
  304 |           </div>
  305 |         </div>
> 306 |       </div>
      |         ^^^
  307 |
  308 |       {/* ── Sticky add-to-cart bar ──────────────────────── */}
  309 |       <StickyAddToCart

Expected '>', got 'ident'

Import trace:
  Server Component:
    ./app/(root)/bekleidung/[brand]/[slug]/components/ProductDetails.tsx
    ./app/(root)/bekleidung/[brand]/[slug]/page.tsx @ http://localhost:3000/_next/static/chunks/079ae_next_dist_e4f9772e._.js:3127
[   40151ms] [ERROR] ./app/(root)/bekleidung/[brand]/[slug]/components/ProductDetails.tsx:306:9
Parsing ecmascript source code failed
  304 |           </div>
  305 |         </div>
> 306 |       </div>
      |         ^^^
  307 |
  308 |       {/* ── Sticky add-to-cart bar ──────────────────────── */}
  309 |       <StickyAddToCart

Expected '>', got 'ident'

Import trace:
  Server Component:
    ./app/(root)/bekleidung/[brand]/[slug]/components/ProductDetails.tsx
    ./app/(root)/bekleidung/[brand]/[slug]/page.tsx @ http://localhost:3000/_next/static/chunks/079ae_next_dist_e4f9772e._.js:3127
[   40220ms] [ERROR] ./app/(root)/bekleidung/[brand]/[slug]/components/ProductDetails.tsx:306:9
Parsing ecmascript source code failed
  304 |           </div>
  305 |         </div>
> 306 |       </div>
      |         ^^^
  307 |
  308 |       {/* ── Sticky add-to-cart bar ──────────────────────── */}
  309 |       <StickyAddToCart

Expected '>', got 'ident'

Import trace:
  Server Component:
    ./app/(root)/bekleidung/[brand]/[slug]/components/ProductDetails.tsx
    ./app/(root)/bekleidung/[brand]/[slug]/page.tsx @ http://localhost:3000/_next/static/chunks/079ae_next_dist_e4f9772e._.js:3127
[   40289ms] [ERROR] ./app/(root)/bekleidung/[brand]/[slug]/components/ProductDetails.tsx:306:9
Parsing ecmascript source code failed
  304 |           </div>
  305 |         </div>
> 306 |       </div>
      |         ^^^
  307 |
  308 |       {/* ── Sticky add-to-cart bar ──────────────────────── */}
  309 |       <StickyAddToCart

Expected '>', got 'ident'

Import trace:
  Server Component:
    ./app/(root)/bekleidung/[brand]/[slug]/components/ProductDetails.tsx
    ./app/(root)/bekleidung/[brand]/[slug]/page.tsx @ http://localhost:3000/_next/static/chunks/079ae_next_dist_e4f9772e._.js:3127
[   40362ms] [ERROR] ./app/(root)/bekleidung/[brand]/[slug]/components/ProductDetails.tsx:306:9
Parsing ecmascript source code failed
  304 |           </div>
  305 |         </div>
> 306 |       </div>
      |         ^^^
  307 |
  308 |       {/* ── Sticky add-to-cart bar ──────────────────────── */}
  309 |       <StickyAddToCart

Expected '>', got 'ident'

Import trace:
  Server Component:
    ./app/(root)/bekleidung/[brand]/[slug]/components/ProductDetails.tsx
    ./app/(root)/bekleidung/[brand]/[slug]/page.tsx @ http://localhost:3000/_next/static/chunks/079ae_next_dist_e4f9772e._.js:3127
[   40444ms] [ERROR] ./app/(root)/bekleidung/[brand]/[slug]/components/ProductDetails.tsx:306:9
Parsing ecmascript source code failed
  304 |           </div>
  305 |         </div>
> 306 |       </div>
      |         ^^^
  307 |
  308 |       {/* ── Sticky add-to-cart bar ──────────────────────── */}
  309 |       <StickyAddToCart

Expected '>', got 'ident'

Import trace:
  Server Component:
    ./app/(root)/bekleidung/[brand]/[slug]/components/ProductDetails.tsx
    ./app/(root)/bekleidung/[brand]/[slug]/page.tsx @ http://localhost:3000/_next/static/chunks/079ae_next_dist_e4f9772e._.js:3127
[   40513ms] [ERROR] ./app/(root)/bekleidung/[brand]/[slug]/components/ProductDetails.tsx:306:9
Parsing ecmascript source code failed
  304 |           </div>
  305 |         </div>
> 306 |       </div>
      |         ^^^
  307 |
  308 |       {/* ── Sticky add-to-cart bar ──────────────────────── */}
  309 |       <StickyAddToCart

Expected '>', got 'ident'

Import trace:
  Server Component:
    ./app/(root)/bekleidung/[brand]/[slug]/components/ProductDetails.tsx
    ./app/(root)/bekleidung/[brand]/[slug]/page.tsx @ http://localhost:3000/_next/static/chunks/079ae_next_dist_e4f9772e._.js:3127
[   40578ms] [ERROR] ./app/(root)/bekleidung/[brand]/[slug]/components/ProductDetails.tsx:306:9
Parsing ecmascript source code failed
  304 |           </div>
  305 |         </div>
> 306 |       </div>
      |         ^^^
  307 |
  308 |       {/* ── Sticky add-to-cart bar ──────────────────────── */}
  309 |       <StickyAddToCart

Expected '>', got 'ident'

Import trace:
  Server Component:
    ./app/(root)/bekleidung/[brand]/[slug]/components/ProductDetails.tsx
    ./app/(root)/bekleidung/[brand]/[slug]/page.tsx @ http://localhost:3000/_next/static/chunks/079ae_next_dist_e4f9772e._.js:3127
[   40658ms] [ERROR] ./app/(root)/bekleidung/[brand]/[slug]/components/ProductDetails.tsx:306:9
Parsing ecmascript source code failed
  304 |           </div>
  305 |         </div>
> 306 |       </div>
      |         ^^^
  307 |
  308 |       {/* ── Sticky add-to-cart bar ──────────────────────── */}
  309 |       <StickyAddToCart

Expected '>', got 'ident'

Import trace:
  Server Component:
    ./app/(root)/bekleidung/[brand]/[slug]/components/ProductDetails.tsx
    ./app/(root)/bekleidung/[brand]/[slug]/page.tsx @ http://localhost:3000/_next/static/chunks/079ae_next_dist_e4f9772e._.js:3127
[   40736ms] [ERROR] ./app/(root)/bekleidung/[brand]/[slug]/components/ProductDetails.tsx:306:9
Parsing ecmascript source code failed
  304 |           </div>
  305 |         </div>
> 306 |       </div>
      |         ^^^
  307 |
  308 |       {/* ── Sticky add-to-cart bar ──────────────────────── */}
  309 |       <StickyAddToCart

Expected '>', got 'ident'

Import trace:
  Server Component:
    ./app/(root)/bekleidung/[brand]/[slug]/components/ProductDetails.tsx
    ./app/(root)/bekleidung/[brand]/[slug]/page.tsx @ http://localhost:3000/_next/static/chunks/079ae_next_dist_e4f9772e._.js:3127
[   40814ms] [ERROR] ./app/(root)/bekleidung/[brand]/[slug]/components/ProductDetails.tsx:306:9
Parsing ecmascript source code failed
  304 |           </div>
  305 |         </div>
> 306 |       </div>
      |         ^^^
  307 |
  308 |       {/* ── Sticky add-to-cart bar ──────────────────────── */}
  309 |       <StickyAddToCart

Expected '>', got 'ident'

Import trace:
  Server Component:
    ./app/(root)/bekleidung/[brand]/[slug]/components/ProductDetails.tsx
    ./app/(root)/bekleidung/[brand]/[slug]/page.tsx @ http://localhost:3000/_next/static/chunks/079ae_next_dist_e4f9772e._.js:3127
[   40874ms] [ERROR] ./app/(root)/bekleidung/[brand]/[slug]/components/ProductDetails.tsx:306:9
Parsing ecmascript source code failed
  304 |           </div>
  305 |         </div>
> 306 |       </div>
      |         ^^^
  307 |
  308 |       {/* ── Sticky add-to-cart bar ──────────────────────── */}
  309 |       <StickyAddToCart

Expected '>', got 'ident'

Import trace:
  Server Component:
    ./app/(root)/bekleidung/[brand]/[slug]/components/ProductDetails.tsx
    ./app/(root)/bekleidung/[brand]/[slug]/page.tsx @ http://localhost:3000/_next/static/chunks/079ae_next_dist_e4f9772e._.js:3127
[   40940ms] [ERROR] ./app/(root)/bekleidung/[brand]/[slug]/components/ProductDetails.tsx:306:9
Parsing ecmascript source code failed
  304 |           </div>
  305 |         </div>
> 306 |       </div>
      |         ^^^
  307 |
  308 |       {/* ── Sticky add-to-cart bar ──────────────────────── */}
  309 |       <StickyAddToCart

Expected '>', got 'ident'

Import trace:
  Server Component:
    ./app/(root)/bekleidung/[brand]/[slug]/components/ProductDetails.tsx
    ./app/(root)/bekleidung/[brand]/[slug]/page.tsx @ http://localhost:3000/_next/static/chunks/079ae_next_dist_e4f9772e._.js:3127
[   41015ms] [ERROR] ./app/(root)/bekleidung/[brand]/[slug]/components/ProductDetails.tsx:306:9
Parsing ecmascript source code failed
  304 |           </div>
  305 |         </div>
> 306 |       </div>
      |         ^^^
  307 |
  308 |       {/* ── Sticky add-to-cart bar ──────────────────────── */}
  309 |       <StickyAddToCart

Expected '>', got 'ident'

Import trace:
  Server Component:
    ./app/(root)/bekleidung/[brand]/[slug]/components/ProductDetails.tsx
    ./app/(root)/bekleidung/[brand]/[slug]/page.tsx @ http://localhost:3000/_next/static/chunks/079ae_next_dist_e4f9772e._.js:3127
[   41077ms] [ERROR] ./app/(root)/bekleidung/[brand]/[slug]/components/ProductDetails.tsx:306:9
Parsing ecmascript source code failed
  304 |           </div>
  305 |         </div>
> 306 |       </div>
      |         ^^^
  307 |
  308 |       {/* ── Sticky add-to-cart bar ──────────────────────── */}
  309 |       <StickyAddToCart

Expected '>', got 'ident'

Import trace:
  Server Component:
    ./app/(root)/bekleidung/[brand]/[slug]/components/ProductDetails.tsx
    ./app/(root)/bekleidung/[brand]/[slug]/page.tsx @ http://localhost:3000/_next/static/chunks/079ae_next_dist_e4f9772e._.js:3127
[   41133ms] [LOG] [Fast Refresh] rebuilding @ http://localhost:3000/_next/static/chunks/079ae_next_dist_e4f9772e._.js:2297
[   41154ms] [ERROR] ./app/(root)/bekleidung/[brand]/[slug]/components/ProductDetails.tsx:306:9
Parsing ecmascript source code failed
  304 |           </div>
  305 |         </div>
> 306 |       </div>
      |         ^^^
  307 |
  308 |       {/* ── Sticky add-to-cart bar ──────────────────────── */}
  309 |       <StickyAddToCart

Expected '>', got 'ident'

Import trace:
  Server Component:
    ./app/(root)/bekleidung/[brand]/[slug]/components/ProductDetails.tsx
    ./app/(root)/bekleidung/[brand]/[slug]/page.tsx @ http://localhost:3000/_next/static/chunks/079ae_next_dist_e4f9772e._.js:3127
[   41216ms] [ERROR] ./app/(root)/bekleidung/[brand]/[slug]/components/ProductDetails.tsx:306:9
Parsing ecmascript source code failed
  304 |           </div>
  305 |         </div>
> 306 |       </div>
      |         ^^^
  307 |
  308 |       {/* ── Sticky add-to-cart bar ──────────────────────── */}
  309 |       <StickyAddToCart

Expected '>', got 'ident'

Import trace:
  Server Component:
    ./app/(root)/bekleidung/[brand]/[slug]/components/ProductDetails.tsx
    ./app/(root)/bekleidung/[brand]/[slug]/page.tsx @ http://localhost:3000/_next/static/chunks/079ae_next_dist_e4f9772e._.js:3127
[   41276ms] [ERROR] ./app/(root)/bekleidung/[brand]/[slug]/components/ProductDetails.tsx:306:9
Parsing ecmascript source code failed
  304 |           </div>
  305 |         </div>
> 306 |       </div>
      |         ^^^
  307 |
  308 |       {/* ── Sticky add-to-cart bar ──────────────────────── */}
  309 |       <StickyAddToCart

Expected '>', got 'ident'

Import trace:
  Server Component:
    ./app/(root)/bekleidung/[brand]/[slug]/components/ProductDetails.tsx
    ./app/(root)/bekleidung/[brand]/[slug]/page.tsx @ http://localhost:3000/_next/static/chunks/079ae_next_dist_e4f9772e._.js:3127
[   41339ms] [ERROR] ./app/(root)/bekleidung/[brand]/[slug]/components/ProductDetails.tsx:306:9
Parsing ecmascript source code failed
  304 |           </div>
  305 |         </div>
> 306 |       </div>
      |         ^^^
  307 |
  308 |       {/* ── Sticky add-to-cart bar ──────────────────────── */}
  309 |       <StickyAddToCart

Expected '>', got 'ident'

Import trace:
  Server Component:
    ./app/(root)/bekleidung/[brand]/[slug]/components/ProductDetails.tsx
    ./app/(root)/bekleidung/[brand]/[slug]/page.tsx @ http://localhost:3000/_next/static/chunks/079ae_next_dist_e4f9772e._.js:3127
[   41416ms] [ERROR] ./app/(root)/bekleidung/[brand]/[slug]/components/ProductDetails.tsx:306:9
Parsing ecmascript source code failed
  304 |           </div>
  305 |         </div>
> 306 |       </div>
      |         ^^^
  307 |
  308 |       {/* ── Sticky add-to-cart bar ──────────────────────── */}
  309 |       <StickyAddToCart

Expected '>', got 'ident'

Import trace:
  Server Component:
    ./app/(root)/bekleidung/[brand]/[slug]/components/ProductDetails.tsx
    ./app/(root)/bekleidung/[brand]/[slug]/page.tsx @ http://localhost:3000/_next/static/chunks/079ae_next_dist_e4f9772e._.js:3127
[   41491ms] [ERROR] ./app/(root)/bekleidung/[brand]/[slug]/components/ProductDetails.tsx:306:9
Parsing ecmascript source code failed
  304 |           </div>
  305 |         </div>
> 306 |       </div>
      |         ^^^
  307 |
  308 |       {/* ── Sticky add-to-cart bar ──────────────────────── */}
  309 |       <StickyAddToCart

Expected '>', got 'ident'

Import trace:
  Server Component:
    ./app/(root)/bekleidung/[brand]/[slug]/components/ProductDetails.tsx
    ./app/(root)/bekleidung/[brand]/[slug]/page.tsx @ http://localhost:3000/_next/static/chunks/079ae_next_dist_e4f9772e._.js:3127
[   41552ms] [ERROR] ./app/(root)/bekleidung/[brand]/[slug]/components/ProductDetails.tsx:306:9
Parsing ecmascript source code failed
  304 |           </div>
  305 |         </div>
> 306 |       </div>
      |         ^^^
  307 |
  308 |       {/* ── Sticky add-to-cart bar ──────────────────────── */}
  309 |       <StickyAddToCart

Expected '>', got 'ident'

Import trace:
  Server Component:
    ./app/(root)/bekleidung/[brand]/[slug]/components/ProductDetails.tsx
    ./app/(root)/bekleidung/[brand]/[slug]/page.tsx @ http://localhost:3000/_next/static/chunks/079ae_next_dist_e4f9772e._.js:3127
[   41617ms] [ERROR] ./app/(root)/bekleidung/[brand]/[slug]/components/ProductDetails.tsx:306:9
Parsing ecmascript source code failed
  304 |           </div>
  305 |         </div>
> 306 |       </div>
      |         ^^^
  307 |
  308 |       {/* ── Sticky add-to-cart bar ──────────────────────── */}
  309 |       <StickyAddToCart

Expected '>', got 'ident'

Import trace:
  Server Component:
    ./app/(root)/bekleidung/[brand]/[slug]/components/ProductDetails.tsx
    ./app/(root)/bekleidung/[brand]/[slug]/page.tsx @ http://localhost:3000/_next/static/chunks/079ae_next_dist_e4f9772e._.js:3127
[   41691ms] [ERROR] ./app/(root)/bekleidung/[brand]/[slug]/components/ProductDetails.tsx:306:9
Parsing ecmascript source code failed
  304 |           </div>
  305 |         </div>
> 306 |       </div>
      |         ^^^
  307 |
  308 |       {/* ── Sticky add-to-cart bar ──────────────────────── */}
  309 |       <StickyAddToCart

Expected '>', got 'ident'

Import trace:
  Server Component:
    ./app/(root)/bekleidung/[brand]/[slug]/components/ProductDetails.tsx
    ./app/(root)/bekleidung/[brand]/[slug]/page.tsx @ http://localhost:3000/_next/static/chunks/079ae_next_dist_e4f9772e._.js:3127
[   41754ms] [ERROR] ./app/(root)/bekleidung/[brand]/[slug]/components/ProductDetails.tsx:306:9
Parsing ecmascript source code failed
  304 |           </div>
  305 |         </div>
> 306 |       </div>
      |         ^^^
  307 |
  308 |       {/* ── Sticky add-to-cart bar ──────────────────────── */}
  309 |       <StickyAddToCart

Expected '>', got 'ident'

Import trace:
  Server Component:
    ./app/(root)/bekleidung/[brand]/[slug]/components/ProductDetails.tsx
    ./app/(root)/bekleidung/[brand]/[slug]/page.tsx @ http://localhost:3000/_next/static/chunks/079ae_next_dist_e4f9772e._.js:3127
[   41829ms] [ERROR] ./app/(root)/bekleidung/[brand]/[slug]/components/ProductDetails.tsx:306:9
Parsing ecmascript source code failed
  304 |           </div>
  305 |         </div>
> 306 |       </div>
      |         ^^^
  307 |
  308 |       {/* ── Sticky add-to-cart bar ──────────────────────── */}
  309 |       <StickyAddToCart

Expected '>', got 'ident'

Import trace:
  Server Component:
    ./app/(root)/bekleidung/[brand]/[slug]/components/ProductDetails.tsx
    ./app/(root)/bekleidung/[brand]/[slug]/page.tsx @ http://localhost:3000/_next/static/chunks/079ae_next_dist_e4f9772e._.js:3127
[   41891ms] [ERROR] ./app/(root)/bekleidung/[brand]/[slug]/components/ProductDetails.tsx:306:9
Parsing ecmascript source code failed
  304 |           </div>
  305 |         </div>
> 306 |       </div>
      |         ^^^
  307 |
  308 |       {/* ── Sticky add-to-cart bar ──────────────────────── */}
  309 |       <StickyAddToCart

Expected '>', got 'ident'

Import trace:
  Server Component:
    ./app/(root)/bekleidung/[brand]/[slug]/components/ProductDetails.tsx
    ./app/(root)/bekleidung/[brand]/[slug]/page.tsx @ http://localhost:3000/_next/static/chunks/079ae_next_dist_e4f9772e._.js:3127
[   41953ms] [ERROR] ./app/(root)/bekleidung/[brand]/[slug]/components/ProductDetails.tsx:306:9
Parsing ecmascript source code failed
  304 |           </div>
  305 |         </div>
> 306 |       </div>
      |         ^^^
  307 |
  308 |       {/* ── Sticky add-to-cart bar ──────────────────────── */}
  309 |       <StickyAddToCart

Expected '>', got 'ident'

Import trace:
  Server Component:
    ./app/(root)/bekleidung/[brand]/[slug]/components/ProductDetails.tsx
    ./app/(root)/bekleidung/[brand]/[slug]/page.tsx @ http://localhost:3000/_next/static/chunks/079ae_next_dist_e4f9772e._.js:3127
[   42027ms] [ERROR] ./app/(root)/bekleidung/[brand]/[slug]/components/ProductDetails.tsx:306:9
Parsing ecmascript source code failed
  304 |           </div>
  305 |         </div>
> 306 |       </div>
      |         ^^^
  307 |
  308 |       {/* ── Sticky add-to-cart bar ──────────────────────── */}
  309 |       <StickyAddToCart

Expected '>', got 'ident'

Import trace:
  Server Component:
    ./app/(root)/bekleidung/[brand]/[slug]/components/ProductDetails.tsx
    ./app/(root)/bekleidung/[brand]/[slug]/page.tsx @ http://localhost:3000/_next/static/chunks/079ae_next_dist_e4f9772e._.js:3127
[   42089ms] [ERROR] ./app/(root)/bekleidung/[brand]/[slug]/components/ProductDetails.tsx:306:9
Parsing ecmascript source code failed
  304 |           </div>
  305 |         </div>
> 306 |       </div>
      |         ^^^
  307 |
  308 |       {/* ── Sticky add-to-cart bar ──────────────────────── */}
  309 |       <StickyAddToCart

Expected '>', got 'ident'

Import trace:
  Server Component:
    ./app/(root)/bekleidung/[brand]/[slug]/components/ProductDetails.tsx
    ./app/(root)/bekleidung/[brand]/[slug]/page.tsx @ http://localhost:3000/_next/static/chunks/079ae_next_dist_e4f9772e._.js:3127
[   42150ms] [ERROR] ./app/(root)/bekleidung/[brand]/[slug]/components/ProductDetails.tsx:306:9
Parsing ecmascript source code failed
  304 |           </div>
  305 |         </div>
> 306 |       </div>
      |         ^^^
  307 |
  308 |       {/* ── Sticky add-to-cart bar ──────────────────────── */}
  309 |       <StickyAddToCart

Expected '>', got 'ident'

Import trace:
  Server Component:
    ./app/(root)/bekleidung/[brand]/[slug]/components/ProductDetails.tsx
    ./app/(root)/bekleidung/[brand]/[slug]/page.tsx @ http://localhost:3000/_next/static/chunks/079ae_next_dist_e4f9772e._.js:3127
[   42212ms] [ERROR] ./app/(root)/bekleidung/[brand]/[slug]/components/ProductDetails.tsx:306:9
Parsing ecmascript source code failed
  304 |           </div>
  305 |         </div>
> 306 |       </div>
      |         ^^^
  307 |
  308 |       {/* ── Sticky add-to-cart bar ──────────────────────── */}
  309 |       <StickyAddToCart

Expected '>', got 'ident'

Import trace:
  Server Component:
    ./app/(root)/bekleidung/[brand]/[slug]/components/ProductDetails.tsx
    ./app/(root)/bekleidung/[brand]/[slug]/page.tsx @ http://localhost:3000/_next/static/chunks/079ae_next_dist_e4f9772e._.js:3127
[   42272ms] [ERROR] ./app/(root)/bekleidung/[brand]/[slug]/components/ProductDetails.tsx:306:9
Parsing ecmascript source code failed
  304 |           </div>
  305 |         </div>
> 306 |       </div>
      |         ^^^
  307 |
  308 |       {/* ── Sticky add-to-cart bar ──────────────────────── */}
  309 |       <StickyAddToCart

Expected '>', got 'ident'

Import trace:
  Server Component:
    ./app/(root)/bekleidung/[brand]/[slug]/components/ProductDetails.tsx
    ./app/(root)/bekleidung/[brand]/[slug]/page.tsx @ http://localhost:3000/_next/static/chunks/079ae_next_dist_e4f9772e._.js:3127
[   42335ms] [ERROR] ./app/(root)/bekleidung/[brand]/[slug]/components/ProductDetails.tsx:306:9
Parsing ecmascript source code failed
  304 |           </div>
  305 |         </div>
> 306 |       </div>
      |         ^^^
  307 |
  308 |       {/* ── Sticky add-to-cart bar ──────────────────────── */}
  309 |       <StickyAddToCart

Expected '>', got 'ident'

Import trace:
  Server Component:
    ./app/(root)/bekleidung/[brand]/[slug]/components/ProductDetails.tsx
    ./app/(root)/bekleidung/[brand]/[slug]/page.tsx @ http://localhost:3000/_next/static/chunks/079ae_next_dist_e4f9772e._.js:3127
[   42393ms] [ERROR] ./app/(root)/bekleidung/[brand]/[slug]/components/ProductDetails.tsx:306:9
Parsing ecmascript source code failed
  304 |           </div>
  305 |         </div>
> 306 |       </div>
      |         ^^^
  307 |
  308 |       {/* ── Sticky add-to-cart bar ──────────────────────── */}
  309 |       <StickyAddToCart

Expected '>', got 'ident'

Import trace:
  Server Component:
    ./app/(root)/bekleidung/[brand]/[slug]/components/ProductDetails.tsx
    ./app/(root)/bekleidung/[brand]/[slug]/page.tsx @ http://localhost:3000/_next/static/chunks/079ae_next_dist_e4f9772e._.js:3127
[   42459ms] [ERROR] ./app/(root)/bekleidung/[brand]/[slug]/components/ProductDetails.tsx:306:9
Parsing ecmascript source code failed
  304 |           </div>
  305 |         </div>
> 306 |       </div>
      |         ^^^
  307 |
  308 |       {/* ── Sticky add-to-cart bar ──────────────────────── */}
  309 |       <StickyAddToCart

Expected '>', got 'ident'

Import trace:
  Server Component:
    ./app/(root)/bekleidung/[brand]/[slug]/components/ProductDetails.tsx
    ./app/(root)/bekleidung/[brand]/[slug]/page.tsx @ http://localhost:3000/_next/static/chunks/079ae_next_dist_e4f9772e._.js:3127
[   42517ms] [ERROR] ./app/(root)/bekleidung/[brand]/[slug]/components/ProductDetails.tsx:306:9
Parsing ecmascript source code failed
  304 |           </div>
  305 |         </div>
> 306 |       </div>
      |         ^^^
  307 |
  308 |       {/* ── Sticky add-to-cart bar ──────────────────────── */}
  309 |       <StickyAddToCart

Expected '>', got 'ident'

Import trace:
  Server Component:
    ./app/(root)/bekleidung/[brand]/[slug]/components/ProductDetails.tsx
    ./app/(root)/bekleidung/[brand]/[slug]/page.tsx @ http://localhost:3000/_next/static/chunks/079ae_next_dist_e4f9772e._.js:3127
[   42577ms] [ERROR] ./app/(root)/bekleidung/[brand]/[slug]/components/ProductDetails.tsx:306:9
Parsing ecmascript source code failed
  304 |           </div>
  305 |         </div>
> 306 |       </div>
      |         ^^^
  307 |
  308 |       {/* ── Sticky add-to-cart bar ──────────────────────── */}
  309 |       <StickyAddToCart

Expected '>', got 'ident'

Import trace:
  Server Component:
    ./app/(root)/bekleidung/[brand]/[slug]/components/ProductDetails.tsx
    ./app/(root)/bekleidung/[brand]/[slug]/page.tsx @ http://localhost:3000/_next/static/chunks/079ae_next_dist_e4f9772e._.js:3127
[   42638ms] [ERROR] ./app/(root)/bekleidung/[brand]/[slug]/components/ProductDetails.tsx:306:9
Parsing ecmascript source code failed
  304 |           </div>
  305 |         </div>
> 306 |       </div>
      |         ^^^
  307 |
  308 |       {/* ── Sticky add-to-cart bar ──────────────────────── */}
  309 |       <StickyAddToCart

Expected '>', got 'ident'

Import trace:
  Server Component:
    ./app/(root)/bekleidung/[brand]/[slug]/components/ProductDetails.tsx
    ./app/(root)/bekleidung/[brand]/[slug]/page.tsx @ http://localhost:3000/_next/static/chunks/079ae_next_dist_e4f9772e._.js:3127
[   42714ms] [ERROR] ./app/(root)/bekleidung/[brand]/[slug]/components/ProductDetails.tsx:306:9
Parsing ecmascript source code failed
  304 |           </div>
  305 |         </div>
> 306 |       </div>
      |         ^^^
  307 |
  308 |       {/* ── Sticky add-to-cart bar ──────────────────────── */}
  309 |       <StickyAddToCart

Expected '>', got 'ident'

Import trace:
  Server Component:
    ./app/(root)/bekleidung/[brand]/[slug]/components/ProductDetails.tsx
    ./app/(root)/bekleidung/[brand]/[slug]/page.tsx @ http://localhost:3000/_next/static/chunks/079ae_next_dist_e4f9772e._.js:3127
[   42777ms] [ERROR] ./app/(root)/bekleidung/[brand]/[slug]/components/ProductDetails.tsx:306:9
Parsing ecmascript source code failed
  304 |           </div>
  305 |         </div>
> 306 |       </div>
      |         ^^^
  307 |
  308 |       {/* ── Sticky add-to-cart bar ──────────────────────── */}
  309 |       <StickyAddToCart

Expected '>', got 'ident'

Import trace:
  Server Component:
    ./app/(root)/bekleidung/[brand]/[slug]/components/ProductDetails.tsx
    ./app/(root)/bekleidung/[brand]/[slug]/page.tsx @ http://localhost:3000/_next/static/chunks/079ae_next_dist_e4f9772e._.js:3127
[   42838ms] [ERROR] ./app/(root)/bekleidung/[brand]/[slug]/components/ProductDetails.tsx:306:9
Parsing ecmascript source code failed
  304 |           </div>
  305 |         </div>
> 306 |       </div>
      |         ^^^
  307 |
  308 |       {/* ── Sticky add-to-cart bar ──────────────────────── */}
  309 |       <StickyAddToCart

Expected '>', got 'ident'

Import trace:
  Server Component:
    ./app/(root)/bekleidung/[brand]/[slug]/components/ProductDetails.tsx
    ./app/(root)/bekleidung/[brand]/[slug]/page.tsx @ http://localhost:3000/_next/static/chunks/079ae_next_dist_e4f9772e._.js:3127
[   42913ms] [ERROR] ./app/(root)/bekleidung/[brand]/[slug]/components/ProductDetails.tsx:306:9
Parsing ecmascript source code failed
  304 |           </div>
  305 |         </div>
> 306 |       </div>
      |         ^^^
  307 |
  308 |       {/* ── Sticky add-to-cart bar ──────────────────────── */}
  309 |       <StickyAddToCart

Expected '>', got 'ident'

Import trace:
  Server Component:
    ./app/(root)/bekleidung/[brand]/[slug]/components/ProductDetails.tsx
    ./app/(root)/bekleidung/[brand]/[slug]/page.tsx @ http://localhost:3000/_next/static/chunks/079ae_next_dist_e4f9772e._.js:3127
[   42974ms] [ERROR] ./app/(root)/bekleidung/[brand]/[slug]/components/ProductDetails.tsx:306:9
Parsing ecmascript source code failed
  304 |           </div>
  305 |         </div>
> 306 |       </div>
      |         ^^^
  307 |
  308 |       {/* ── Sticky add-to-cart bar ──────────────────────── */}
  309 |       <StickyAddToCart

Expected '>', got 'ident'

Import trace:
  Server Component:
    ./app/(root)/bekleidung/[brand]/[slug]/components/ProductDetails.tsx
    ./app/(root)/bekleidung/[brand]/[slug]/page.tsx @ http://localhost:3000/_next/static/chunks/079ae_next_dist_e4f9772e._.js:3127
[   43040ms] [ERROR] ./app/(root)/bekleidung/[brand]/[slug]/components/ProductDetails.tsx:306:9
Parsing ecmascript source code failed
  304 |           </div>
  305 |         </div>
> 306 |       </div>
      |         ^^^
  307 |
  308 |       {/* ── Sticky add-to-cart bar ──────────────────────── */}
  309 |       <StickyAddToCart

Expected '>', got 'ident'

Import trace:
  Server Component:
    ./app/(root)/bekleidung/[brand]/[slug]/components/ProductDetails.tsx
    ./app/(root)/bekleidung/[brand]/[slug]/page.tsx @ http://localhost:3000/_next/static/chunks/079ae_next_dist_e4f9772e._.js:3127
[   43113ms] [ERROR] ./app/(root)/bekleidung/[brand]/[slug]/components/ProductDetails.tsx:306:9
Parsing ecmascript source code failed
  304 |           </div>
  305 |         </div>
> 306 |       </div>
      |         ^^^
  307 |
  308 |       {/* ── Sticky add-to-cart bar ──────────────────────── */}
  309 |       <StickyAddToCart

Expected '>', got 'ident'

Import trace:
  Server Component:
    ./app/(root)/bekleidung/[brand]/[slug]/components/ProductDetails.tsx
    ./app/(root)/bekleidung/[brand]/[slug]/page.tsx @ http://localhost:3000/_next/static/chunks/079ae_next_dist_e4f9772e._.js:3127
[   43175ms] [ERROR] ./app/(root)/bekleidung/[brand]/[slug]/components/ProductDetails.tsx:306:9
Parsing ecmascript source code failed
  304 |           </div>
  305 |         </div>
> 306 |       </div>
      |         ^^^
  307 |
  308 |       {/* ── Sticky add-to-cart bar ──────────────────────── */}
  309 |       <StickyAddToCart

Expected '>', got 'ident'

Import trace:
  Server Component:
    ./app/(root)/bekleidung/[brand]/[slug]/components/ProductDetails.tsx
    ./app/(root)/bekleidung/[brand]/[slug]/page.tsx @ http://localhost:3000/_next/static/chunks/079ae_next_dist_e4f9772e._.js:3127
[   43238ms] [ERROR] ./app/(root)/bekleidung/[brand]/[slug]/components/ProductDetails.tsx:306:9
Parsing ecmascript source code failed
  304 |           </div>
  305 |         </div>
> 306 |       </div>
      |         ^^^
  307 |
  308 |       {/* ── Sticky add-to-cart bar ──────────────────────── */}
  309 |       <StickyAddToCart

Expected '>', got 'ident'

Import trace:
  Server Component:
    ./app/(root)/bekleidung/[brand]/[slug]/components/ProductDetails.tsx
    ./app/(root)/bekleidung/[brand]/[slug]/page.tsx @ http://localhost:3000/_next/static/chunks/079ae_next_dist_e4f9772e._.js:3127
[   43304ms] [ERROR] ./app/(root)/bekleidung/[brand]/[slug]/components/ProductDetails.tsx:306:9
Parsing ecmascript source code failed
  304 |           </div>
  305 |         </div>
> 306 |       </div>
      |         ^^^
  307 |
  308 |       {/* ── Sticky add-to-cart bar ──────────────────────── */}
  309 |       <StickyAddToCart

Expected '>', got 'ident'

Import trace:
  Server Component:
    ./app/(root)/bekleidung/[brand]/[slug]/components/ProductDetails.tsx
    ./app/(root)/bekleidung/[brand]/[slug]/page.tsx @ http://localhost:3000/_next/static/chunks/079ae_next_dist_e4f9772e._.js:3127
[   43378ms] [ERROR] ./app/(root)/bekleidung/[brand]/[slug]/components/ProductDetails.tsx:306:9
Parsing ecmascript source code failed
  304 |           </div>
  305 |         </div>
> 306 |       </div>
      |         ^^^
  307 |
  308 |       {/* ── Sticky add-to-cart bar ──────────────────────── */}
  309 |       <StickyAddToCart

Expected '>', got 'ident'

Import trace:
  Server Component:
    ./app/(root)/bekleidung/[brand]/[slug]/components/ProductDetails.tsx
    ./app/(root)/bekleidung/[brand]/[slug]/page.tsx @ http://localhost:3000/_next/static/chunks/079ae_next_dist_e4f9772e._.js:3127
[   43452ms] [ERROR] ./app/(root)/bekleidung/[brand]/[slug]/components/ProductDetails.tsx:306:9
Parsing ecmascript source code failed
  304 |           </div>
  305 |         </div>
> 306 |       </div>
      |         ^^^
  307 |
  308 |       {/* ── Sticky add-to-cart bar ──────────────────────── */}
  309 |       <StickyAddToCart

Expected '>', got 'ident'

Import trace:
  Server Component:
    ./app/(root)/bekleidung/[brand]/[slug]/components/ProductDetails.tsx
    ./app/(root)/bekleidung/[brand]/[slug]/page.tsx @ http://localhost:3000/_next/static/chunks/079ae_next_dist_e4f9772e._.js:3127
[   43518ms] [ERROR] ./app/(root)/bekleidung/[brand]/[slug]/components/ProductDetails.tsx:306:9
Parsing ecmascript source code failed
  304 |           </div>
  305 |         </div>
> 306 |       </div>
      |         ^^^
  307 |
  308 |       {/* ── Sticky add-to-cart bar ──────────────────────── */}
  309 |       <StickyAddToCart

Expected '>', got 'ident'

Import trace:
  Server Component:
    ./app/(root)/bekleidung/[brand]/[slug]/components/ProductDetails.tsx
    ./app/(root)/bekleidung/[brand]/[slug]/page.tsx @ http://localhost:3000/_next/static/chunks/079ae_next_dist_e4f9772e._.js:3127
[   43593ms] [ERROR] ./app/(root)/bekleidung/[brand]/[slug]/components/ProductDetails.tsx:306:9
Parsing ecmascript source code failed
  304 |           </div>
  305 |         </div>
> 306 |       </div>
      |         ^^^
  307 |
  308 |       {/* ── Sticky add-to-cart bar ──────────────────────── */}
  309 |       <StickyAddToCart

Expected '>', got 'ident'

Import trace:
  Server Component:
    ./app/(root)/bekleidung/[brand]/[slug]/components/ProductDetails.tsx
    ./app/(root)/bekleidung/[brand]/[slug]/page.tsx @ http://localhost:3000/_next/static/chunks/079ae_next_dist_e4f9772e._.js:3127
[   43656ms] [ERROR] ./app/(root)/bekleidung/[brand]/[slug]/components/ProductDetails.tsx:306:9
Parsing ecmascript source code failed
  304 |           </div>
  305 |         </div>
> 306 |       </div>
      |         ^^^
  307 |
  308 |       {/* ── Sticky add-to-cart bar ──────────────────────── */}
  309 |       <StickyAddToCart

Expected '>', got 'ident'

Import trace:
  Server Component:
    ./app/(root)/bekleidung/[brand]/[slug]/components/ProductDetails.tsx
    ./app/(root)/bekleidung/[brand]/[slug]/page.tsx @ http://localhost:3000/_next/static/chunks/079ae_next_dist_e4f9772e._.js:3127
[   43752ms] [ERROR] ./app/(root)/bekleidung/[brand]/[slug]/components/ProductDetails.tsx:306:9
Parsing ecmascript source code failed
  304 |           </div>
  305 |         </div>
> 306 |       </div>
      |         ^^^
  307 |
  308 |       {/* ── Sticky add-to-cart bar ──────────────────────── */}
  309 |       <StickyAddToCart

Expected '>', got 'ident'

Import trace:
  Server Component:
    ./app/(root)/bekleidung/[brand]/[slug]/components/ProductDetails.tsx
    ./app/(root)/bekleidung/[brand]/[slug]/page.tsx @ http://localhost:3000/_next/static/chunks/079ae_next_dist_e4f9772e._.js:3127
[   43829ms] [ERROR] ./app/(root)/bekleidung/[brand]/[slug]/components/ProductDetails.tsx:306:9
Parsing ecmascript source code failed
  304 |           </div>
  305 |         </div>
> 306 |       </div>
      |         ^^^
  307 |
  308 |       {/* ── Sticky add-to-cart bar ──────────────────────── */}
  309 |       <StickyAddToCart

Expected '>', got 'ident'

Import trace:
  Server Component:
    ./app/(root)/bekleidung/[brand]/[slug]/components/ProductDetails.tsx
    ./app/(root)/bekleidung/[brand]/[slug]/page.tsx @ http://localhost:3000/_next/static/chunks/079ae_next_dist_e4f9772e._.js:3127
[   43890ms] [ERROR] ./app/(root)/bekleidung/[brand]/[slug]/components/ProductDetails.tsx:306:9
Parsing ecmascript source code failed
  304 |           </div>
  305 |         </div>
> 306 |       </div>
      |         ^^^
  307 |
  308 |       {/* ── Sticky add-to-cart bar ──────────────────────── */}
  309 |       <StickyAddToCart

Expected '>', got 'ident'

Import trace:
  Server Component:
    ./app/(root)/bekleidung/[brand]/[slug]/components/ProductDetails.tsx
    ./app/(root)/bekleidung/[brand]/[slug]/page.tsx @ http://localhost:3000/_next/static/chunks/079ae_next_dist_e4f9772e._.js:3127
[   43951ms] [ERROR] ./app/(root)/bekleidung/[brand]/[slug]/components/ProductDetails.tsx:306:9
Parsing ecmascript source code failed
  304 |           </div>
  305 |         </div>
> 306 |       </div>
      |         ^^^
  307 |
  308 |       {/* ── Sticky add-to-cart bar ──────────────────────── */}
  309 |       <StickyAddToCart

Expected '>', got 'ident'

Import trace:
  Server Component:
    ./app/(root)/bekleidung/[brand]/[slug]/components/ProductDetails.tsx
    ./app/(root)/bekleidung/[brand]/[slug]/page.tsx @ http://localhost:3000/_next/static/chunks/079ae_next_dist_e4f9772e._.js:3127
[   44013ms] [ERROR] ./app/(root)/bekleidung/[brand]/[slug]/components/ProductDetails.tsx:306:9
Parsing ecmascript source code failed
  304 |           </div>
  305 |         </div>
> 306 |       </div>
      |         ^^^
  307 |
  308 |       {/* ── Sticky add-to-cart bar ──────────────────────── */}
  309 |       <StickyAddToCart

Expected '>', got 'ident'

Import trace:
  Server Component:
    ./app/(root)/bekleidung/[brand]/[slug]/components/ProductDetails.tsx
    ./app/(root)/bekleidung/[brand]/[slug]/page.tsx @ http://localhost:3000/_next/static/chunks/079ae_next_dist_e4f9772e._.js:3127
[   44074ms] [ERROR] ./app/(root)/bekleidung/[brand]/[slug]/components/ProductDetails.tsx:306:9
Parsing ecmascript source code failed
  304 |           </div>
  305 |         </div>
> 306 |       </div>
      |         ^^^
  307 |
  308 |       {/* ── Sticky add-to-cart bar ──────────────────────── */}
  309 |       <StickyAddToCart

Expected '>', got 'ident'

Import trace:
  Server Component:
    ./app/(root)/bekleidung/[brand]/[slug]/components/ProductDetails.tsx
    ./app/(root)/bekleidung/[brand]/[slug]/page.tsx @ http://localhost:3000/_next/static/chunks/079ae_next_dist_e4f9772e._.js:3127
[   44139ms] [ERROR] ./app/(root)/bekleidung/[brand]/[slug]/components/ProductDetails.tsx:306:9
Parsing ecmascript source code failed
  304 |           </div>
  305 |         </div>
> 306 |       </div>
      |         ^^^
  307 |
  308 |       {/* ── Sticky add-to-cart bar ──────────────────────── */}
  309 |       <StickyAddToCart

Expected '>', got 'ident'

Import trace:
  Server Component:
    ./app/(root)/bekleidung/[brand]/[slug]/components/ProductDetails.tsx
    ./app/(root)/bekleidung/[brand]/[slug]/page.tsx @ http://localhost:3000/_next/static/chunks/079ae_next_dist_e4f9772e._.js:3127
[   44214ms] [ERROR] ./app/(root)/bekleidung/[brand]/[slug]/components/ProductDetails.tsx:306:9
Parsing ecmascript source code failed
  304 |           </div>
  305 |         </div>
> 306 |       </div>
      |         ^^^
  307 |
  308 |       {/* ── Sticky add-to-cart bar ──────────────────────── */}
  309 |       <StickyAddToCart

Expected '>', got 'ident'

Import trace:
  Server Component:
    ./app/(root)/bekleidung/[brand]/[slug]/components/ProductDetails.tsx
    ./app/(root)/bekleidung/[brand]/[slug]/page.tsx @ http://localhost:3000/_next/static/chunks/079ae_next_dist_e4f9772e._.js:3127
[   44277ms] [ERROR] ./app/(root)/bekleidung/[brand]/[slug]/components/ProductDetails.tsx:306:9
Parsing ecmascript source code failed
  304 |           </div>
  305 |         </div>
> 306 |       </div>
      |         ^^^
  307 |
  308 |       {/* ── Sticky add-to-cart bar ──────────────────────── */}
  309 |       <StickyAddToCart

Expected '>', got 'ident'

Import trace:
  Server Component:
    ./app/(root)/bekleidung/[brand]/[slug]/components/ProductDetails.tsx
    ./app/(root)/bekleidung/[brand]/[slug]/page.tsx @ http://localhost:3000/_next/static/chunks/079ae_next_dist_e4f9772e._.js:3127
[   44354ms] [ERROR] ./app/(root)/bekleidung/[brand]/[slug]/components/ProductDetails.tsx:306:9
Parsing ecmascript source code failed
  304 |           </div>
  305 |         </div>
> 306 |       </div>
      |         ^^^
  307 |
  308 |       {/* ── Sticky add-to-cart bar ──────────────────────── */}
  309 |       <StickyAddToCart

Expected '>', got 'ident'

Import trace:
  Server Component:
    ./app/(root)/bekleidung/[brand]/[slug]/components/ProductDetails.tsx
    ./app/(root)/bekleidung/[brand]/[slug]/page.tsx @ http://localhost:3000/_next/static/chunks/079ae_next_dist_e4f9772e._.js:3127
[   44433ms] [ERROR] ./app/(root)/bekleidung/[brand]/[slug]/components/ProductDetails.tsx:306:9
Parsing ecmascript source code failed
  304 |           </div>
  305 |         </div>
> 306 |       </div>
      |         ^^^
  307 |
  308 |       {/* ── Sticky add-to-cart bar ──────────────────────── */}
  309 |       <StickyAddToCart

Expected '>', got 'ident'

Import trace:
  Server Component:
    ./app/(root)/bekleidung/[brand]/[slug]/components/ProductDetails.tsx
    ./app/(root)/bekleidung/[brand]/[slug]/page.tsx @ http://localhost:3000/_next/static/chunks/079ae_next_dist_e4f9772e._.js:3127
[   44510ms] [ERROR] ./app/(root)/bekleidung/[brand]/[slug]/components/ProductDetails.tsx:306:9
Parsing ecmascript source code failed
  304 |           </div>
  305 |         </div>
> 306 |       </div>
      |         ^^^
  307 |
  308 |       {/* ── Sticky add-to-cart bar ──────────────────────── */}
  309 |       <StickyAddToCart

Expected '>', got 'ident'

Import trace:
  Server Component:
    ./app/(root)/bekleidung/[brand]/[slug]/components/ProductDetails.tsx
    ./app/(root)/bekleidung/[brand]/[slug]/page.tsx @ http://localhost:3000/_next/static/chunks/079ae_next_dist_e4f9772e._.js:3127
[   44586ms] [ERROR] ./app/(root)/bekleidung/[brand]/[slug]/components/ProductDetails.tsx:306:9
Parsing ecmascript source code failed
  304 |           </div>
  305 |         </div>
> 306 |       </div>
      |         ^^^
  307 |
  308 |       {/* ── Sticky add-to-cart bar ──────────────────────── */}
  309 |       <StickyAddToCart

Expected '>', got 'ident'

Import trace:
  Server Component:
    ./app/(root)/bekleidung/[brand]/[slug]/components/ProductDetails.tsx
    ./app/(root)/bekleidung/[brand]/[slug]/page.tsx @ http://localhost:3000/_next/static/chunks/079ae_next_dist_e4f9772e._.js:3127
[   44661ms] [ERROR] ./app/(root)/bekleidung/[brand]/[slug]/components/ProductDetails.tsx:306:9
Parsing ecmascript source code failed
  304 |           </div>
  305 |         </div>
> 306 |       </div>
      |         ^^^
  307 |
  308 |       {/* ── Sticky add-to-cart bar ──────────────────────── */}
  309 |       <StickyAddToCart

Expected '>', got 'ident'

Import trace:
  Server Component:
    ./app/(root)/bekleidung/[brand]/[slug]/components/ProductDetails.tsx
    ./app/(root)/bekleidung/[brand]/[slug]/page.tsx @ http://localhost:3000/_next/static/chunks/079ae_next_dist_e4f9772e._.js:3127
[   44722ms] [ERROR] ./app/(root)/bekleidung/[brand]/[slug]/components/ProductDetails.tsx:306:9
Parsing ecmascript source code failed
  304 |           </div>
  305 |         </div>
> 306 |       </div>
      |         ^^^
  307 |
  308 |       {/* ── Sticky add-to-cart bar ──────────────────────── */}
  309 |       <StickyAddToCart

Expected '>', got 'ident'

Import trace:
  Server Component:
    ./app/(root)/bekleidung/[brand]/[slug]/components/ProductDetails.tsx
    ./app/(root)/bekleidung/[brand]/[slug]/page.tsx @ http://localhost:3000/_next/static/chunks/079ae_next_dist_e4f9772e._.js:3127
[   44787ms] [ERROR] ./app/(root)/bekleidung/[brand]/[slug]/components/ProductDetails.tsx:306:9
Parsing ecmascript source code failed
  304 |           </div>
  305 |         </div>
> 306 |       </div>
      |         ^^^
  307 |
  308 |       {/* ── Sticky add-to-cart bar ──────────────────────── */}
  309 |       <StickyAddToCart

Expected '>', got 'ident'

Import trace:
  Server Component:
    ./app/(root)/bekleidung/[brand]/[slug]/components/ProductDetails.tsx
    ./app/(root)/bekleidung/[brand]/[slug]/page.tsx @ http://localhost:3000/_next/static/chunks/079ae_next_dist_e4f9772e._.js:3127
[   44863ms] [ERROR] ./app/(root)/bekleidung/[brand]/[slug]/components/ProductDetails.tsx:306:9
Parsing ecmascript source code failed
  304 |           </div>
  305 |         </div>
> 306 |       </div>
      |         ^^^
  307 |
  308 |       {/* ── Sticky add-to-cart bar ──────────────────────── */}
  309 |       <StickyAddToCart

Expected '>', got 'ident'

Import trace:
  Server Component:
    ./app/(root)/bekleidung/[brand]/[slug]/components/ProductDetails.tsx
    ./app/(root)/bekleidung/[brand]/[slug]/page.tsx @ http://localhost:3000/_next/static/chunks/079ae_next_dist_e4f9772e._.js:3127
[   44940ms] [ERROR] ./app/(root)/bekleidung/[brand]/[slug]/components/ProductDetails.tsx:306:9
Parsing ecmascript source code failed
  304 |           </div>
  305 |         </div>
> 306 |       </div>
      |         ^^^
  307 |
  308 |       {/* ── Sticky add-to-cart bar ──────────────────────── */}
  309 |       <StickyAddToCart

Expected '>', got 'ident'

Import trace:
  Server Component:
    ./app/(root)/bekleidung/[brand]/[slug]/components/ProductDetails.tsx
    ./app/(root)/bekleidung/[brand]/[slug]/page.tsx @ http://localhost:3000/_next/static/chunks/079ae_next_dist_e4f9772e._.js:3127
[   45003ms] [ERROR] ./app/(root)/bekleidung/[brand]/[slug]/components/ProductDetails.tsx:306:9
Parsing ecmascript source code failed
  304 |           </div>
  305 |         </div>
> 306 |       </div>
      |         ^^^
  307 |
  308 |       {/* ── Sticky add-to-cart bar ──────────────────────── */}
  309 |       <StickyAddToCart

Expected '>', got 'ident'

Import trace:
  Server Component:
    ./app/(root)/bekleidung/[brand]/[slug]/components/ProductDetails.tsx
    ./app/(root)/bekleidung/[brand]/[slug]/page.tsx @ http://localhost:3000/_next/static/chunks/079ae_next_dist_e4f9772e._.js:3127
[   45068ms] [ERROR] ./app/(root)/bekleidung/[brand]/[slug]/components/ProductDetails.tsx:306:9
Parsing ecmascript source code failed
  304 |           </div>
  305 |         </div>
> 306 |       </div>
      |         ^^^
  307 |
  308 |       {/* ── Sticky add-to-cart bar ──────────────────────── */}
  309 |       <StickyAddToCart

Expected '>', got 'ident'

Import trace:
  Server Component:
    ./app/(root)/bekleidung/[brand]/[slug]/components/ProductDetails.tsx
    ./app/(root)/bekleidung/[brand]/[slug]/page.tsx @ http://localhost:3000/_next/static/chunks/079ae_next_dist_e4f9772e._.js:3127
[   45127ms] [ERROR] ./app/(root)/bekleidung/[brand]/[slug]/components/ProductDetails.tsx:306:9
Parsing ecmascript source code failed
  304 |           </div>
  305 |         </div>
> 306 |       </div>
      |         ^^^
  307 |
  308 |       {/* ── Sticky add-to-cart bar ──────────────────────── */}
  309 |       <StickyAddToCart

Expected '>', got 'ident'

Import trace:
  Server Component:
    ./app/(root)/bekleidung/[brand]/[slug]/components/ProductDetails.tsx
    ./app/(root)/bekleidung/[brand]/[slug]/page.tsx @ http://localhost:3000/_next/static/chunks/079ae_next_dist_e4f9772e._.js:3127
[   45190ms] [ERROR] ./app/(root)/bekleidung/[brand]/[slug]/components/ProductDetails.tsx:306:9
Parsing ecmascript source code failed
  304 |           </div>
  305 |         </div>
> 306 |       </div>
      |         ^^^
  307 |
  308 |       {/* ── Sticky add-to-cart bar ──────────────────────── */}
  309 |       <StickyAddToCart

Expected '>', got 'ident'

Import trace:
  Server Component:
    ./app/(root)/bekleidung/[brand]/[slug]/components/ProductDetails.tsx
    ./app/(root)/bekleidung/[brand]/[slug]/page.tsx @ http://localhost:3000/_next/static/chunks/079ae_next_dist_e4f9772e._.js:3127
[   45253ms] [ERROR] ./app/(root)/bekleidung/[brand]/[slug]/components/ProductDetails.tsx:306:9
Parsing ecmascript source code failed
  304 |           </div>
  305 |         </div>
> 306 |       </div>
      |         ^^^
  307 |
  308 |       {/* ── Sticky add-to-cart bar ──────────────────────── */}
  309 |       <StickyAddToCart

Expected '>', got 'ident'

Import trace:
  Server Component:
    ./app/(root)/bekleidung/[brand]/[slug]/components/ProductDetails.tsx
    ./app/(root)/bekleidung/[brand]/[slug]/page.tsx @ http://localhost:3000/_next/static/chunks/079ae_next_dist_e4f9772e._.js:3127
[   45317ms] [ERROR] ./app/(root)/bekleidung/[brand]/[slug]/components/ProductDetails.tsx:306:9
Parsing ecmascript source code failed
  304 |           </div>
  305 |         </div>
> 306 |       </div>
      |         ^^^
  307 |
  308 |       {/* ── Sticky add-to-cart bar ──────────────────────── */}
  309 |       <StickyAddToCart

Expected '>', got 'ident'

Import trace:
  Server Component:
    ./app/(root)/bekleidung/[brand]/[slug]/components/ProductDetails.tsx
    ./app/(root)/bekleidung/[brand]/[slug]/page.tsx @ http://localhost:3000/_next/static/chunks/079ae_next_dist_e4f9772e._.js:3127
[   45378ms] [ERROR] ./app/(root)/bekleidung/[brand]/[slug]/components/ProductDetails.tsx:306:9
Parsing ecmascript source code failed
  304 |           </div>
  305 |         </div>
> 306 |       </div>
      |         ^^^
  307 |
  308 |       {/* ── Sticky add-to-cart bar ──────────────────────── */}
  309 |       <StickyAddToCart

Expected '>', got 'ident'

Import trace:
  Server Component:
    ./app/(root)/bekleidung/[brand]/[slug]/components/ProductDetails.tsx
    ./app/(root)/bekleidung/[brand]/[slug]/page.tsx @ http://localhost:3000/_next/static/chunks/079ae_next_dist_e4f9772e._.js:3127
[   45438ms] [ERROR] ./app/(root)/bekleidung/[brand]/[slug]/components/ProductDetails.tsx:306:9
Parsing ecmascript source code failed
  304 |           </div>
  305 |         </div>
> 306 |       </div>
      |         ^^^
  307 |
  308 |       {/* ── Sticky add-to-cart bar ──────────────────────── */}
  309 |       <StickyAddToCart

Expected '>', got 'ident'

Import trace:
  Server Component:
    ./app/(root)/bekleidung/[brand]/[slug]/components/ProductDetails.tsx
    ./app/(root)/bekleidung/[brand]/[slug]/page.tsx @ http://localhost:3000/_next/static/chunks/079ae_next_dist_e4f9772e._.js:3127
[   45500ms] [ERROR] ./app/(root)/bekleidung/[brand]/[slug]/components/ProductDetails.tsx:306:9
Parsing ecmascript source code failed
  304 |           </div>
  305 |         </div>
> 306 |       </div>
      |         ^^^
  307 |
  308 |       {/* ── Sticky add-to-cart bar ──────────────────────── */}
  309 |       <StickyAddToCart

Expected '>', got 'ident'

Import trace:
  Server Component:
    ./app/(root)/bekleidung/[brand]/[slug]/components/ProductDetails.tsx
    ./app/(root)/bekleidung/[brand]/[slug]/page.tsx @ http://localhost:3000/_next/static/chunks/079ae_next_dist_e4f9772e._.js:3127
[   45563ms] [ERROR] ./app/(root)/bekleidung/[brand]/[slug]/components/ProductDetails.tsx:306:9
Parsing ecmascript source code failed
  304 |           </div>
  305 |         </div>
> 306 |       </div>
      |         ^^^
  307 |
  308 |       {/* ── Sticky add-to-cart bar ──────────────────────── */}
  309 |       <StickyAddToCart

Expected '>', got 'ident'

Import trace:
  Server Component:
    ./app/(root)/bekleidung/[brand]/[slug]/components/ProductDetails.tsx
    ./app/(root)/bekleidung/[brand]/[slug]/page.tsx @ http://localhost:3000/_next/static/chunks/079ae_next_dist_e4f9772e._.js:3127
[   45625ms] [ERROR] ./app/(root)/bekleidung/[brand]/[slug]/components/ProductDetails.tsx:306:9
Parsing ecmascript source code failed
  304 |           </div>
  305 |         </div>
> 306 |       </div>
      |         ^^^
  307 |
  308 |       {/* ── Sticky add-to-cart bar ──────────────────────── */}
  309 |       <StickyAddToCart

Expected '>', got 'ident'

Import trace:
  Server Component:
    ./app/(root)/bekleidung/[brand]/[slug]/components/ProductDetails.tsx
    ./app/(root)/bekleidung/[brand]/[slug]/page.tsx @ http://localhost:3000/_next/static/chunks/079ae_next_dist_e4f9772e._.js:3127
[   45688ms] [ERROR] ./app/(root)/bekleidung/[brand]/[slug]/components/ProductDetails.tsx:306:9
Parsing ecmascript source code failed
  304 |           </div>
  305 |         </div>
> 306 |       </div>
      |         ^^^
  307 |
  308 |       {/* ── Sticky add-to-cart bar ──────────────────────── */}
  309 |       <StickyAddToCart

Expected '>', got 'ident'

Import trace:
  Server Component:
    ./app/(root)/bekleidung/[brand]/[slug]/components/ProductDetails.tsx
    ./app/(root)/bekleidung/[brand]/[slug]/page.tsx @ http://localhost:3000/_next/static/chunks/079ae_next_dist_e4f9772e._.js:3127
[   45752ms] [ERROR] ./app/(root)/bekleidung/[brand]/[slug]/components/ProductDetails.tsx:306:9
Parsing ecmascript source code failed
  304 |           </div>
  305 |         </div>
> 306 |       </div>
      |         ^^^
  307 |
  308 |       {/* ── Sticky add-to-cart bar ──────────────────────── */}
  309 |       <StickyAddToCart

Expected '>', got 'ident'

Import trace:
  Server Component:
    ./app/(root)/bekleidung/[brand]/[slug]/components/ProductDetails.tsx
    ./app/(root)/bekleidung/[brand]/[slug]/page.tsx @ http://localhost:3000/_next/static/chunks/079ae_next_dist_e4f9772e._.js:3127
[   45812ms] [ERROR] ./app/(root)/bekleidung/[brand]/[slug]/components/ProductDetails.tsx:306:9
Parsing ecmascript source code failed
  304 |           </div>
  305 |         </div>
> 306 |       </div>
      |         ^^^
  307 |
  308 |       {/* ── Sticky add-to-cart bar ──────────────────────── */}
  309 |       <StickyAddToCart

Expected '>', got 'ident'

Import trace:
  Server Component:
    ./app/(root)/bekleidung/[brand]/[slug]/components/ProductDetails.tsx
    ./app/(root)/bekleidung/[brand]/[slug]/page.tsx @ http://localhost:3000/_next/static/chunks/079ae_next_dist_e4f9772e._.js:3127
[   45874ms] [ERROR] ./app/(root)/bekleidung/[brand]/[slug]/components/ProductDetails.tsx:306:9
Parsing ecmascript source code failed
  304 |           </div>
  305 |         </div>
> 306 |       </div>
      |         ^^^
  307 |
  308 |       {/* ── Sticky add-to-cart bar ──────────────────────── */}
  309 |       <StickyAddToCart

Expected '>', got 'ident'

Import trace:
  Server Component:
    ./app/(root)/bekleidung/[brand]/[slug]/components/ProductDetails.tsx
    ./app/(root)/bekleidung/[brand]/[slug]/page.tsx @ http://localhost:3000/_next/static/chunks/079ae_next_dist_e4f9772e._.js:3127
[   45936ms] [ERROR] ./app/(root)/bekleidung/[brand]/[slug]/components/ProductDetails.tsx:306:9
Parsing ecmascript source code failed
  304 |           </div>
  305 |         </div>
> 306 |       </div>
      |         ^^^
  307 |
  308 |       {/* ── Sticky add-to-cart bar ──────────────────────── */}
  309 |       <StickyAddToCart

Expected '>', got 'ident'

Import trace:
  Server Component:
    ./app/(root)/bekleidung/[brand]/[slug]/components/ProductDetails.tsx
    ./app/(root)/bekleidung/[brand]/[slug]/page.tsx @ http://localhost:3000/_next/static/chunks/079ae_next_dist_e4f9772e._.js:3127
[   46001ms] [ERROR] ./app/(root)/bekleidung/[brand]/[slug]/components/ProductDetails.tsx:306:9
Parsing ecmascript source code failed
  304 |           </div>
  305 |         </div>
> 306 |       </div>
      |         ^^^
  307 |
  308 |       {/* ── Sticky add-to-cart bar ──────────────────────── */}
  309 |       <StickyAddToCart

Expected '>', got 'ident'

Import trace:
  Server Component:
    ./app/(root)/bekleidung/[brand]/[slug]/components/ProductDetails.tsx
    ./app/(root)/bekleidung/[brand]/[slug]/page.tsx @ http://localhost:3000/_next/static/chunks/079ae_next_dist_e4f9772e._.js:3127
[   46062ms] [ERROR] ./app/(root)/bekleidung/[brand]/[slug]/components/ProductDetails.tsx:306:9
Parsing ecmascript source code failed
  304 |           </div>
  305 |         </div>
> 306 |       </div>
      |         ^^^
  307 |
  308 |       {/* ── Sticky add-to-cart bar ──────────────────────── */}
  309 |       <StickyAddToCart

Expected '>', got 'ident'

Import trace:
  Server Component:
    ./app/(root)/bekleidung/[brand]/[slug]/components/ProductDetails.tsx
    ./app/(root)/bekleidung/[brand]/[slug]/page.tsx @ http://localhost:3000/_next/static/chunks/079ae_next_dist_e4f9772e._.js:3127
[   46124ms] [ERROR] ./app/(root)/bekleidung/[brand]/[slug]/components/ProductDetails.tsx:306:9
Parsing ecmascript source code failed
  304 |           </div>
  305 |         </div>
> 306 |       </div>
      |         ^^^
  307 |
  308 |       {/* ── Sticky add-to-cart bar ──────────────────────── */}
  309 |       <StickyAddToCart

Expected '>', got 'ident'

Import trace:
  Server Component:
    ./app/(root)/bekleidung/[brand]/[slug]/components/ProductDetails.tsx
    ./app/(root)/bekleidung/[brand]/[slug]/page.tsx @ http://localhost:3000/_next/static/chunks/079ae_next_dist_e4f9772e._.js:3127
[   46187ms] [ERROR] ./app/(root)/bekleidung/[brand]/[slug]/components/ProductDetails.tsx:306:9
Parsing ecmascript source code failed
  304 |           </div>
  305 |         </div>
> 306 |       </div>
      |         ^^^
  307 |
  308 |       {/* ── Sticky add-to-cart bar ──────────────────────── */}
  309 |       <StickyAddToCart

Expected '>', got 'ident'

Import trace:
  Server Component:
    ./app/(root)/bekleidung/[brand]/[slug]/components/ProductDetails.tsx
    ./app/(root)/bekleidung/[brand]/[slug]/page.tsx @ http://localhost:3000/_next/static/chunks/079ae_next_dist_e4f9772e._.js:3127
[   46250ms] [ERROR] ./app/(root)/bekleidung/[brand]/[slug]/components/ProductDetails.tsx:306:9
Parsing ecmascript source code failed
  304 |           </div>
  305 |         </div>
> 306 |       </div>
      |         ^^^
  307 |
  308 |       {/* ── Sticky add-to-cart bar ──────────────────────── */}
  309 |       <StickyAddToCart

Expected '>', got 'ident'

Import trace:
  Server Component:
    ./app/(root)/bekleidung/[brand]/[slug]/components/ProductDetails.tsx
    ./app/(root)/bekleidung/[brand]/[slug]/page.tsx @ http://localhost:3000/_next/static/chunks/079ae_next_dist_e4f9772e._.js:3127
[   46311ms] [ERROR] ./app/(root)/bekleidung/[brand]/[slug]/components/ProductDetails.tsx:306:9
Parsing ecmascript source code failed
  304 |           </div>
  305 |         </div>
> 306 |       </div>
      |         ^^^
  307 |
  308 |       {/* ── Sticky add-to-cart bar ──────────────────────── */}
  309 |       <StickyAddToCart

Expected '>', got 'ident'

Import trace:
  Server Component:
    ./app/(root)/bekleidung/[brand]/[slug]/components/ProductDetails.tsx
    ./app/(root)/bekleidung/[brand]/[slug]/page.tsx @ http://localhost:3000/_next/static/chunks/079ae_next_dist_e4f9772e._.js:3127
[   46374ms] [ERROR] ./app/(root)/bekleidung/[brand]/[slug]/components/ProductDetails.tsx:306:9
Parsing ecmascript source code failed
  304 |           </div>
  305 |         </div>
> 306 |       </div>
      |         ^^^
  307 |
  308 |       {/* ── Sticky add-to-cart bar ──────────────────────── */}
  309 |       <StickyAddToCart

Expected '>', got 'ident'

Import trace:
  Server Component:
    ./app/(root)/bekleidung/[brand]/[slug]/components/ProductDetails.tsx
    ./app/(root)/bekleidung/[brand]/[slug]/page.tsx @ http://localhost:3000/_next/static/chunks/079ae_next_dist_e4f9772e._.js:3127
[   46437ms] [ERROR] ./app/(root)/bekleidung/[brand]/[slug]/components/ProductDetails.tsx:306:9
Parsing ecmascript source code failed
  304 |           </div>
  305 |         </div>
> 306 |       </div>
      |         ^^^
  307 |
  308 |       {/* ── Sticky add-to-cart bar ──────────────────────── */}
  309 |       <StickyAddToCart

Expected '>', got 'ident'

Import trace:
  Server Component:
    ./app/(root)/bekleidung/[brand]/[slug]/components/ProductDetails.tsx
    ./app/(root)/bekleidung/[brand]/[slug]/page.tsx @ http://localhost:3000/_next/static/chunks/079ae_next_dist_e4f9772e._.js:3127
[   46499ms] [ERROR] ./app/(root)/bekleidung/[brand]/[slug]/components/ProductDetails.tsx:306:9
Parsing ecmascript source code failed
  304 |           </div>
  305 |         </div>
> 306 |       </div>
      |         ^^^
  307 |
  308 |       {/* ── Sticky add-to-cart bar ──────────────────────── */}
  309 |       <StickyAddToCart

Expected '>', got 'ident'

Import trace:
  Server Component:
    ./app/(root)/bekleidung/[brand]/[slug]/components/ProductDetails.tsx
    ./app/(root)/bekleidung/[brand]/[slug]/page.tsx @ http://localhost:3000/_next/static/chunks/079ae_next_dist_e4f9772e._.js:3127
[   46558ms] [ERROR] ./app/(root)/bekleidung/[brand]/[slug]/components/ProductDetails.tsx:306:9
Parsing ecmascript source code failed
  304 |           </div>
  305 |         </div>
> 306 |       </div>
      |         ^^^
  307 |
  308 |       {/* ── Sticky add-to-cart bar ──────────────────────── */}
  309 |       <StickyAddToCart

Expected '>', got 'ident'

Import trace:
  Server Component:
    ./app/(root)/bekleidung/[brand]/[slug]/components/ProductDetails.tsx
    ./app/(root)/bekleidung/[brand]/[slug]/page.tsx @ http://localhost:3000/_next/static/chunks/079ae_next_dist_e4f9772e._.js:3127
[   46619ms] [ERROR] ./app/(root)/bekleidung/[brand]/[slug]/components/ProductDetails.tsx:306:9
Parsing ecmascript source code failed
  304 |           </div>
  305 |         </div>
> 306 |       </div>
      |         ^^^
  307 |
  308 |       {/* ── Sticky add-to-cart bar ──────────────────────── */}
  309 |       <StickyAddToCart

Expected '>', got 'ident'

Import trace:
  Server Component:
    ./app/(root)/bekleidung/[brand]/[slug]/components/ProductDetails.tsx
    ./app/(root)/bekleidung/[brand]/[slug]/page.tsx @ http://localhost:3000/_next/static/chunks/079ae_next_dist_e4f9772e._.js:3127
[   46684ms] [ERROR] ./app/(root)/bekleidung/[brand]/[slug]/components/ProductDetails.tsx:306:9
Parsing ecmascript source code failed
  304 |           </div>
  305 |         </div>
> 306 |       </div>
      |         ^^^
  307 |
  308 |       {/* ── Sticky add-to-cart bar ──────────────────────── */}
  309 |       <StickyAddToCart

Expected '>', got 'ident'

Import trace:
  Server Component:
    ./app/(root)/bekleidung/[brand]/[slug]/components/ProductDetails.tsx
    ./app/(root)/bekleidung/[brand]/[slug]/page.tsx @ http://localhost:3000/_next/static/chunks/079ae_next_dist_e4f9772e._.js:3127
[   46760ms] [ERROR] ./app/(root)/bekleidung/[brand]/[slug]/components/ProductDetails.tsx:306:9
Parsing ecmascript source code failed
  304 |           </div>
  305 |         </div>
> 306 |       </div>
      |         ^^^
  307 |
  308 |       {/* ── Sticky add-to-cart bar ──────────────────────── */}
  309 |       <StickyAddToCart

Expected '>', got 'ident'

Import trace:
  Server Component:
    ./app/(root)/bekleidung/[brand]/[slug]/components/ProductDetails.tsx
    ./app/(root)/bekleidung/[brand]/[slug]/page.tsx @ http://localhost:3000/_next/static/chunks/079ae_next_dist_e4f9772e._.js:3127
[   46820ms] [ERROR] ./app/(root)/bekleidung/[brand]/[slug]/components/ProductDetails.tsx:306:9
Parsing ecmascript source code failed
  304 |           </div>
  305 |         </div>
> 306 |       </div>
      |         ^^^
  307 |
  308 |       {/* ── Sticky add-to-cart bar ──────────────────────── */}
  309 |       <StickyAddToCart

Expected '>', got 'ident'

Import trace:
  Server Component:
    ./app/(root)/bekleidung/[brand]/[slug]/components/ProductDetails.tsx
    ./app/(root)/bekleidung/[brand]/[slug]/page.tsx @ http://localhost:3000/_next/static/chunks/079ae_next_dist_e4f9772e._.js:3127
[   46882ms] [ERROR] ./app/(root)/bekleidung/[brand]/[slug]/components/ProductDetails.tsx:306:9
Parsing ecmascript source code failed
  304 |           </div>
  305 |         </div>
> 306 |       </div>
      |         ^^^
  307 |
  308 |       {/* ── Sticky add-to-cart bar ──────────────────────── */}
  309 |       <StickyAddToCart

Expected '>', got 'ident'

Import trace:
  Server Component:
    ./app/(root)/bekleidung/[brand]/[slug]/components/ProductDetails.tsx
    ./app/(root)/bekleidung/[brand]/[slug]/page.tsx @ http://localhost:3000/_next/static/chunks/079ae_next_dist_e4f9772e._.js:3127
[   46943ms] [ERROR] ./app/(root)/bekleidung/[brand]/[slug]/components/ProductDetails.tsx:306:9
Parsing ecmascript source code failed
  304 |           </div>
  305 |         </div>
> 306 |       </div>
      |         ^^^
  307 |
  308 |       {/* ── Sticky add-to-cart bar ──────────────────────── */}
  309 |       <StickyAddToCart

Expected '>', got 'ident'

Import trace:
  Server Component:
    ./app/(root)/bekleidung/[brand]/[slug]/components/ProductDetails.tsx
    ./app/(root)/bekleidung/[brand]/[slug]/page.tsx @ http://localhost:3000/_next/static/chunks/079ae_next_dist_e4f9772e._.js:3127
[   47003ms] [ERROR] ./app/(root)/bekleidung/[brand]/[slug]/components/ProductDetails.tsx:306:9
Parsing ecmascript source code failed
  304 |           </div>
  305 |         </div>
> 306 |       </div>
      |         ^^^
  307 |
  308 |       {/* ── Sticky add-to-cart bar ──────────────────────── */}
  309 |       <StickyAddToCart

Expected '>', got 'ident'

Import trace:
  Server Component:
    ./app/(root)/bekleidung/[brand]/[slug]/components/ProductDetails.tsx
    ./app/(root)/bekleidung/[brand]/[slug]/page.tsx @ http://localhost:3000/_next/static/chunks/079ae_next_dist_e4f9772e._.js:3127
[   47062ms] [ERROR] ./app/(root)/bekleidung/[brand]/[slug]/components/ProductDetails.tsx:306:9
Parsing ecmascript source code failed
  304 |           </div>
  305 |         </div>
> 306 |       </div>
      |         ^^^
  307 |
  308 |       {/* ── Sticky add-to-cart bar ──────────────────────── */}
  309 |       <StickyAddToCart

Expected '>', got 'ident'

Import trace:
  Server Component:
    ./app/(root)/bekleidung/[brand]/[slug]/components/ProductDetails.tsx
    ./app/(root)/bekleidung/[brand]/[slug]/page.tsx @ http://localhost:3000/_next/static/chunks/079ae_next_dist_e4f9772e._.js:3127
[   47127ms] [ERROR] ./app/(root)/bekleidung/[brand]/[slug]/components/ProductDetails.tsx:306:9
Parsing ecmascript source code failed
  304 |           </div>
  305 |         </div>
> 306 |       </div>
      |         ^^^
  307 |
  308 |       {/* ── Sticky add-to-cart bar ──────────────────────── */}
  309 |       <StickyAddToCart

Expected '>', got 'ident'

Import trace:
  Server Component:
    ./app/(root)/bekleidung/[brand]/[slug]/components/ProductDetails.tsx
    ./app/(root)/bekleidung/[brand]/[slug]/page.tsx @ http://localhost:3000/_next/static/chunks/079ae_next_dist_e4f9772e._.js:3127
[   47205ms] [ERROR] ./app/(root)/bekleidung/[brand]/[slug]/components/ProductDetails.tsx:306:9
Parsing ecmascript source code failed
  304 |           </div>
  305 |         </div>
> 306 |       </div>
      |         ^^^
  307 |
  308 |       {/* ── Sticky add-to-cart bar ──────────────────────── */}
  309 |       <StickyAddToCart

Expected '>', got 'ident'

Import trace:
  Server Component:
    ./app/(root)/bekleidung/[brand]/[slug]/components/ProductDetails.tsx
    ./app/(root)/bekleidung/[brand]/[slug]/page.tsx @ http://localhost:3000/_next/static/chunks/079ae_next_dist_e4f9772e._.js:3127
[   47278ms] [ERROR] ./app/(root)/bekleidung/[brand]/[slug]/components/ProductDetails.tsx:306:9
Parsing ecmascript source code failed
  304 |           </div>
  305 |         </div>
> 306 |       </div>
      |         ^^^
  307 |
  308 |       {/* ── Sticky add-to-cart bar ──────────────────────── */}
  309 |       <StickyAddToCart

Expected '>', got 'ident'

Import trace:
  Server Component:
    ./app/(root)/bekleidung/[brand]/[slug]/components/ProductDetails.tsx
    ./app/(root)/bekleidung/[brand]/[slug]/page.tsx @ http://localhost:3000/_next/static/chunks/079ae_next_dist_e4f9772e._.js:3127
[   47339ms] [ERROR] ./app/(root)/bekleidung/[brand]/[slug]/components/ProductDetails.tsx:306:9
Parsing ecmascript source code failed
  304 |           </div>
  305 |         </div>
> 306 |       </div>
      |         ^^^
  307 |
  308 |       {/* ── Sticky add-to-cart bar ──────────────────────── */}
  309 |       <StickyAddToCart

Expected '>', got 'ident'

Import trace:
  Server Component:
    ./app/(root)/bekleidung/[brand]/[slug]/components/ProductDetails.tsx
    ./app/(root)/bekleidung/[brand]/[slug]/page.tsx @ http://localhost:3000/_next/static/chunks/079ae_next_dist_e4f9772e._.js:3127
[   47403ms] [ERROR] ./app/(root)/bekleidung/[brand]/[slug]/components/ProductDetails.tsx:306:9
Parsing ecmascript source code failed
  304 |           </div>
  305 |         </div>
> 306 |       </div>
      |         ^^^
  307 |
  308 |       {/* ── Sticky add-to-cart bar ──────────────────────── */}
  309 |       <StickyAddToCart

Expected '>', got 'ident'

Import trace:
  Server Component:
    ./app/(root)/bekleidung/[brand]/[slug]/components/ProductDetails.tsx
    ./app/(root)/bekleidung/[brand]/[slug]/page.tsx @ http://localhost:3000/_next/static/chunks/079ae_next_dist_e4f9772e._.js:3127
[   47478ms] [ERROR] ./app/(root)/bekleidung/[brand]/[slug]/components/ProductDetails.tsx:306:9
Parsing ecmascript source code failed
  304 |           </div>
  305 |         </div>
> 306 |       </div>
      |         ^^^
  307 |
  308 |       {/* ── Sticky add-to-cart bar ──────────────────────── */}
  309 |       <StickyAddToCart

Expected '>', got 'ident'

Import trace:
  Server Component:
    ./app/(root)/bekleidung/[brand]/[slug]/components/ProductDetails.tsx
    ./app/(root)/bekleidung/[brand]/[slug]/page.tsx @ http://localhost:3000/_next/static/chunks/079ae_next_dist_e4f9772e._.js:3127
[   47541ms] [ERROR] ./app/(root)/bekleidung/[brand]/[slug]/components/ProductDetails.tsx:306:9
Parsing ecmascript source code failed
  304 |           </div>
  305 |         </div>
> 306 |       </div>
      |         ^^^
  307 |
  308 |       {/* ── Sticky add-to-cart bar ──────────────────────── */}
  309 |       <StickyAddToCart

Expected '>', got 'ident'

Import trace:
  Server Component:
    ./app/(root)/bekleidung/[brand]/[slug]/components/ProductDetails.tsx
    ./app/(root)/bekleidung/[brand]/[slug]/page.tsx @ http://localhost:3000/_next/static/chunks/079ae_next_dist_e4f9772e._.js:3127
[   47602ms] [ERROR] ./app/(root)/bekleidung/[brand]/[slug]/components/ProductDetails.tsx:306:9
Parsing ecmascript source code failed
  304 |           </div>
  305 |         </div>
> 306 |       </div>
      |         ^^^
  307 |
  308 |       {/* ── Sticky add-to-cart bar ──────────────────────── */}
  309 |       <StickyAddToCart

Expected '>', got 'ident'

Import trace:
  Server Component:
    ./app/(root)/bekleidung/[brand]/[slug]/components/ProductDetails.tsx
    ./app/(root)/bekleidung/[brand]/[slug]/page.tsx @ http://localhost:3000/_next/static/chunks/079ae_next_dist_e4f9772e._.js:3127
[   47663ms] [ERROR] ./app/(root)/bekleidung/[brand]/[slug]/components/ProductDetails.tsx:306:9
Parsing ecmascript source code failed
  304 |           </div>
  305 |         </div>
> 306 |       </div>
      |         ^^^
  307 |
  308 |       {/* ── Sticky add-to-cart bar ──────────────────────── */}
  309 |       <StickyAddToCart

Expected '>', got 'ident'

Import trace:
  Server Component:
    ./app/(root)/bekleidung/[brand]/[slug]/components/ProductDetails.tsx
    ./app/(root)/bekleidung/[brand]/[slug]/page.tsx @ http://localhost:3000/_next/static/chunks/079ae_next_dist_e4f9772e._.js:3127
[   47725ms] [ERROR] ./app/(root)/bekleidung/[brand]/[slug]/components/ProductDetails.tsx:306:9
Parsing ecmascript source code failed
  304 |           </div>
  305 |         </div>
> 306 |       </div>
      |         ^^^
  307 |
  308 |       {/* ── Sticky add-to-cart bar ──────────────────────── */}
  309 |       <StickyAddToCart

Expected '>', got 'ident'

Import trace:
  Server Component:
    ./app/(root)/bekleidung/[brand]/[slug]/components/ProductDetails.tsx
    ./app/(root)/bekleidung/[brand]/[slug]/page.tsx @ http://localhost:3000/_next/static/chunks/079ae_next_dist_e4f9772e._.js:3127
[   47784ms] [ERROR] ./app/(root)/bekleidung/[brand]/[slug]/components/ProductDetails.tsx:306:9
Parsing ecmascript source code failed
  304 |           </div>
  305 |         </div>
> 306 |       </div>
      |         ^^^
  307 |
  308 |       {/* ── Sticky add-to-cart bar ──────────────────────── */}
  309 |       <StickyAddToCart

Expected '>', got 'ident'

Import trace:
  Server Component:
    ./app/(root)/bekleidung/[brand]/[slug]/components/ProductDetails.tsx
    ./app/(root)/bekleidung/[brand]/[slug]/page.tsx @ http://localhost:3000/_next/static/chunks/079ae_next_dist_e4f9772e._.js:3127
[   47849ms] [ERROR] ./app/(root)/bekleidung/[brand]/[slug]/components/ProductDetails.tsx:306:9
Parsing ecmascript source code failed
  304 |           </div>
  305 |         </div>
> 306 |       </div>
      |         ^^^
  307 |
  308 |       {/* ── Sticky add-to-cart bar ──────────────────────── */}
  309 |       <StickyAddToCart

Expected '>', got 'ident'

Import trace:
  Server Component:
    ./app/(root)/bekleidung/[brand]/[slug]/components/ProductDetails.tsx
    ./app/(root)/bekleidung/[brand]/[slug]/page.tsx @ http://localhost:3000/_next/static/chunks/079ae_next_dist_e4f9772e._.js:3127
[   47909ms] [ERROR] ./app/(root)/bekleidung/[brand]/[slug]/components/ProductDetails.tsx:306:9
Parsing ecmascript source code failed
  304 |           </div>
  305 |         </div>
> 306 |       </div>
      |         ^^^
  307 |
  308 |       {/* ── Sticky add-to-cart bar ──────────────────────── */}
  309 |       <StickyAddToCart

Expected '>', got 'ident'

Import trace:
  Server Component:
    ./app/(root)/bekleidung/[brand]/[slug]/components/ProductDetails.tsx
    ./app/(root)/bekleidung/[brand]/[slug]/page.tsx @ http://localhost:3000/_next/static/chunks/079ae_next_dist_e4f9772e._.js:3127
[   47985ms] [ERROR] ./app/(root)/bekleidung/[brand]/[slug]/components/ProductDetails.tsx:306:9
Parsing ecmascript source code failed
  304 |           </div>
  305 |         </div>
> 306 |       </div>
      |         ^^^
  307 |
  308 |       {/* ── Sticky add-to-cart bar ──────────────────────── */}
  309 |       <StickyAddToCart

Expected '>', got 'ident'

Import trace:
  Server Component:
    ./app/(root)/bekleidung/[brand]/[slug]/components/ProductDetails.tsx
    ./app/(root)/bekleidung/[brand]/[slug]/page.tsx @ http://localhost:3000/_next/static/chunks/079ae_next_dist_e4f9772e._.js:3127
[   48047ms] [ERROR] ./app/(root)/bekleidung/[brand]/[slug]/components/ProductDetails.tsx:306:9
Parsing ecmascript source code failed
  304 |           </div>
  305 |         </div>
> 306 |       </div>
      |         ^^^
  307 |
  308 |       {/* ── Sticky add-to-cart bar ──────────────────────── */}
  309 |       <StickyAddToCart

Expected '>', got 'ident'

Import trace:
  Server Component:
    ./app/(root)/bekleidung/[brand]/[slug]/components/ProductDetails.tsx
    ./app/(root)/bekleidung/[brand]/[slug]/page.tsx @ http://localhost:3000/_next/static/chunks/079ae_next_dist_e4f9772e._.js:3127
[   48109ms] [ERROR] ./app/(root)/bekleidung/[brand]/[slug]/components/ProductDetails.tsx:306:9
Parsing ecmascript source code failed
  304 |           </div>
  305 |         </div>
> 306 |       </div>
      |         ^^^
  307 |
  308 |       {/* ── Sticky add-to-cart bar ──────────────────────── */}
  309 |       <StickyAddToCart

Expected '>', got 'ident'

Import trace:
  Server Component:
    ./app/(root)/bekleidung/[brand]/[slug]/components/ProductDetails.tsx
    ./app/(root)/bekleidung/[brand]/[slug]/page.tsx @ http://localhost:3000/_next/static/chunks/079ae_next_dist_e4f9772e._.js:3127
[   48170ms] [ERROR] ./app/(root)/bekleidung/[brand]/[slug]/components/ProductDetails.tsx:306:9
Parsing ecmascript source code failed
  304 |           </div>
  305 |         </div>
> 306 |       </div>
      |         ^^^
  307 |
  308 |       {/* ── Sticky add-to-cart bar ──────────────────────── */}
  309 |       <StickyAddToCart

Expected '>', got 'ident'

Import trace:
  Server Component:
    ./app/(root)/bekleidung/[brand]/[slug]/components/ProductDetails.tsx
    ./app/(root)/bekleidung/[brand]/[slug]/page.tsx @ http://localhost:3000/_next/static/chunks/079ae_next_dist_e4f9772e._.js:3127
[   48244ms] [ERROR] ./app/(root)/bekleidung/[brand]/[slug]/components/ProductDetails.tsx:306:9
Parsing ecmascript source code failed
  304 |           </div>
  305 |         </div>
> 306 |       </div>
      |         ^^^
  307 |
  308 |       {/* ── Sticky add-to-cart bar ──────────────────────── */}
  309 |       <StickyAddToCart

Expected '>', got 'ident'

Import trace:
  Server Component:
    ./app/(root)/bekleidung/[brand]/[slug]/components/ProductDetails.tsx
    ./app/(root)/bekleidung/[brand]/[slug]/page.tsx @ http://localhost:3000/_next/static/chunks/079ae_next_dist_e4f9772e._.js:3127
[   48306ms] [ERROR] ./app/(root)/bekleidung/[brand]/[slug]/components/ProductDetails.tsx:306:9
Parsing ecmascript source code failed
  304 |           </div>
  305 |         </div>
> 306 |       </div>
      |         ^^^
  307 |
  308 |       {/* ── Sticky add-to-cart bar ──────────────────────── */}
  309 |       <StickyAddToCart

Expected '>', got 'ident'

Import trace:
  Server Component:
    ./app/(root)/bekleidung/[brand]/[slug]/components/ProductDetails.tsx
    ./app/(root)/bekleidung/[brand]/[slug]/page.tsx @ http://localhost:3000/_next/static/chunks/079ae_next_dist_e4f9772e._.js:3127
[   48368ms] [ERROR] ./app/(root)/bekleidung/[brand]/[slug]/components/ProductDetails.tsx:306:9
Parsing ecmascript source code failed
  304 |           </div>
  305 |         </div>
> 306 |       </div>
      |         ^^^
  307 |
  308 |       {/* ── Sticky add-to-cart bar ──────────────────────── */}
  309 |       <StickyAddToCart

Expected '>', got 'ident'

Import trace:
  Server Component:
    ./app/(root)/bekleidung/[brand]/[slug]/components/ProductDetails.tsx
    ./app/(root)/bekleidung/[brand]/[slug]/page.tsx @ http://localhost:3000/_next/static/chunks/079ae_next_dist_e4f9772e._.js:3127
[   48430ms] [ERROR] ./app/(root)/bekleidung/[brand]/[slug]/components/ProductDetails.tsx:306:9
Parsing ecmascript source code failed
  304 |           </div>
  305 |         </div>
> 306 |       </div>
      |         ^^^
  307 |
  308 |       {/* ── Sticky add-to-cart bar ──────────────────────── */}
  309 |       <StickyAddToCart

Expected '>', got 'ident'

Import trace:
  Server Component:
    ./app/(root)/bekleidung/[brand]/[slug]/components/ProductDetails.tsx
    ./app/(root)/bekleidung/[brand]/[slug]/page.tsx @ http://localhost:3000/_next/static/chunks/079ae_next_dist_e4f9772e._.js:3127
[   48492ms] [ERROR] ./app/(root)/bekleidung/[brand]/[slug]/components/ProductDetails.tsx:306:9
Parsing ecmascript source code failed
  304 |           </div>
  305 |         </div>
> 306 |       </div>
      |         ^^^
  307 |
  308 |       {/* ── Sticky add-to-cart bar ──────────────────────── */}
  309 |       <StickyAddToCart

Expected '>', got 'ident'

Import trace:
  Server Component:
    ./app/(root)/bekleidung/[brand]/[slug]/components/ProductDetails.tsx
    ./app/(root)/bekleidung/[brand]/[slug]/page.tsx @ http://localhost:3000/_next/static/chunks/079ae_next_dist_e4f9772e._.js:3127
[   48556ms] [ERROR] ./app/(root)/bekleidung/[brand]/[slug]/components/ProductDetails.tsx:306:9
Parsing ecmascript source code failed
  304 |           </div>
  305 |         </div>
> 306 |       </div>
      |         ^^^
  307 |
  308 |       {/* ── Sticky add-to-cart bar ──────────────────────── */}
  309 |       <StickyAddToCart

Expected '>', got 'ident'

Import trace:
  Server Component:
    ./app/(root)/bekleidung/[brand]/[slug]/components/ProductDetails.tsx
    ./app/(root)/bekleidung/[brand]/[slug]/page.tsx @ http://localhost:3000/_next/static/chunks/079ae_next_dist_e4f9772e._.js:3127
[   48617ms] [ERROR] ./app/(root)/bekleidung/[brand]/[slug]/components/ProductDetails.tsx:306:9
Parsing ecmascript source code failed
  304 |           </div>
  305 |         </div>
> 306 |       </div>
      |         ^^^
  307 |
  308 |       {/* ── Sticky add-to-cart bar ──────────────────────── */}
  309 |       <StickyAddToCart

Expected '>', got 'ident'

Import trace:
  Server Component:
    ./app/(root)/bekleidung/[brand]/[slug]/components/ProductDetails.tsx
    ./app/(root)/bekleidung/[brand]/[slug]/page.tsx @ http://localhost:3000/_next/static/chunks/079ae_next_dist_e4f9772e._.js:3127
[   48679ms] [ERROR] ./app/(root)/bekleidung/[brand]/[slug]/components/ProductDetails.tsx:306:9
Parsing ecmascript source code failed
  304 |           </div>
  305 |         </div>
> 306 |       </div>
      |         ^^^
  307 |
  308 |       {/* ── Sticky add-to-cart bar ──────────────────────── */}
  309 |       <StickyAddToCart

Expected '>', got 'ident'

Import trace:
  Server Component:
    ./app/(root)/bekleidung/[brand]/[slug]/components/ProductDetails.tsx
    ./app/(root)/bekleidung/[brand]/[slug]/page.tsx @ http://localhost:3000/_next/static/chunks/079ae_next_dist_e4f9772e._.js:3127
[   48743ms] [ERROR] ./app/(root)/bekleidung/[brand]/[slug]/components/ProductDetails.tsx:306:9
Parsing ecmascript source code failed
  304 |           </div>
  305 |         </div>
> 306 |       </div>
      |         ^^^
  307 |
  308 |       {/* ── Sticky add-to-cart bar ──────────────────────── */}
  309 |       <StickyAddToCart

Expected '>', got 'ident'

Import trace:
  Server Component:
    ./app/(root)/bekleidung/[brand]/[slug]/components/ProductDetails.tsx
    ./app/(root)/bekleidung/[brand]/[slug]/page.tsx @ http://localhost:3000/_next/static/chunks/079ae_next_dist_e4f9772e._.js:3127
[   48806ms] [ERROR] ./app/(root)/bekleidung/[brand]/[slug]/components/ProductDetails.tsx:306:9
Parsing ecmascript source code failed
  304 |           </div>
  305 |         </div>
> 306 |       </div>
      |         ^^^
  307 |
  308 |       {/* ── Sticky add-to-cart bar ──────────────────────── */}
  309 |       <StickyAddToCart

Expected '>', got 'ident'

Import trace:
  Server Component:
    ./app/(root)/bekleidung/[brand]/[slug]/components/ProductDetails.tsx
    ./app/(root)/bekleidung/[brand]/[slug]/page.tsx @ http://localhost:3000/_next/static/chunks/079ae_next_dist_e4f9772e._.js:3127
[   48867ms] [ERROR] ./app/(root)/bekleidung/[brand]/[slug]/components/ProductDetails.tsx:306:9
Parsing ecmascript source code failed
  304 |           </div>
  305 |         </div>
> 306 |       </div>
      |         ^^^
  307 |
  308 |       {/* ── Sticky add-to-cart bar ──────────────────────── */}
  309 |       <StickyAddToCart

Expected '>', got 'ident'

Import trace:
  Server Component:
    ./app/(root)/bekleidung/[brand]/[slug]/components/ProductDetails.tsx
    ./app/(root)/bekleidung/[brand]/[slug]/page.tsx @ http://localhost:3000/_next/static/chunks/079ae_next_dist_e4f9772e._.js:3127
[   48929ms] [ERROR] ./app/(root)/bekleidung/[brand]/[slug]/components/ProductDetails.tsx:306:9
Parsing ecmascript source code failed
  304 |           </div>
  305 |         </div>
> 306 |       </div>
      |         ^^^
  307 |
  308 |       {/* ── Sticky add-to-cart bar ──────────────────────── */}
  309 |       <StickyAddToCart

Expected '>', got 'ident'

Import trace:
  Server Component:
    ./app/(root)/bekleidung/[brand]/[slug]/components/ProductDetails.tsx
    ./app/(root)/bekleidung/[brand]/[slug]/page.tsx @ http://localhost:3000/_next/static/chunks/079ae_next_dist_e4f9772e._.js:3127
[   48991ms] [ERROR] ./app/(root)/bekleidung/[brand]/[slug]/components/ProductDetails.tsx:306:9
Parsing ecmascript source code failed
  304 |           </div>
  305 |         </div>
> 306 |       </div>
      |         ^^^
  307 |
  308 |       {/* ── Sticky add-to-cart bar ──────────────────────── */}
  309 |       <StickyAddToCart

Expected '>', got 'ident'

Import trace:
  Server Component:
    ./app/(root)/bekleidung/[brand]/[slug]/components/ProductDetails.tsx
    ./app/(root)/bekleidung/[brand]/[slug]/page.tsx @ http://localhost:3000/_next/static/chunks/079ae_next_dist_e4f9772e._.js:3127
[   49055ms] [ERROR] ./app/(root)/bekleidung/[brand]/[slug]/components/ProductDetails.tsx:306:9
Parsing ecmascript source code failed
  304 |           </div>
  305 |         </div>
> 306 |       </div>
      |         ^^^
  307 |
  308 |       {/* ── Sticky add-to-cart bar ──────────────────────── */}
  309 |       <StickyAddToCart

Expected '>', got 'ident'

Import trace:
  Server Component:
    ./app/(root)/bekleidung/[brand]/[slug]/components/ProductDetails.tsx
    ./app/(root)/bekleidung/[brand]/[slug]/page.tsx @ http://localhost:3000/_next/static/chunks/079ae_next_dist_e4f9772e._.js:3127
[   49117ms] [ERROR] ./app/(root)/bekleidung/[brand]/[slug]/components/ProductDetails.tsx:306:9
Parsing ecmascript source code failed
  304 |           </div>
  305 |         </div>
> 306 |       </div>
      |         ^^^
  307 |
  308 |       {/* ── Sticky add-to-cart bar ──────────────────────── */}
  309 |       <StickyAddToCart

Expected '>', got 'ident'

Import trace:
  Server Component:
    ./app/(root)/bekleidung/[brand]/[slug]/components/ProductDetails.tsx
    ./app/(root)/bekleidung/[brand]/[slug]/page.tsx @ http://localhost:3000/_next/static/chunks/079ae_next_dist_e4f9772e._.js:3127
[   49179ms] [ERROR] ./app/(root)/bekleidung/[brand]/[slug]/components/ProductDetails.tsx:306:9
Parsing ecmascript source code failed
  304 |           </div>
  305 |         </div>
> 306 |       </div>
      |         ^^^
  307 |
  308 |       {/* ── Sticky add-to-cart bar ──────────────────────── */}
  309 |       <StickyAddToCart

Expected '>', got 'ident'

Import trace:
  Server Component:
    ./app/(root)/bekleidung/[brand]/[slug]/components/ProductDetails.tsx
    ./app/(root)/bekleidung/[brand]/[slug]/page.tsx @ http://localhost:3000/_next/static/chunks/079ae_next_dist_e4f9772e._.js:3127
[   49243ms] [ERROR] ./app/(root)/bekleidung/[brand]/[slug]/components/ProductDetails.tsx:306:9
Parsing ecmascript source code failed
  304 |           </div>
  305 |         </div>
> 306 |       </div>
      |         ^^^
  307 |
  308 |       {/* ── Sticky add-to-cart bar ──────────────────────── */}
  309 |       <StickyAddToCart

Expected '>', got 'ident'

Import trace:
  Server Component:
    ./app/(root)/bekleidung/[brand]/[slug]/components/ProductDetails.tsx
    ./app/(root)/bekleidung/[brand]/[slug]/page.tsx @ http://localhost:3000/_next/static/chunks/079ae_next_dist_e4f9772e._.js:3127
[   49304ms] [ERROR] ./app/(root)/bekleidung/[brand]/[slug]/components/ProductDetails.tsx:306:9
Parsing ecmascript source code failed
  304 |           </div>
  305 |         </div>
> 306 |       </div>
      |         ^^^
  307 |
  308 |       {/* ── Sticky add-to-cart bar ──────────────────────── */}
  309 |       <StickyAddToCart

Expected '>', got 'ident'

Import trace:
  Server Component:
    ./app/(root)/bekleidung/[brand]/[slug]/components/ProductDetails.tsx
    ./app/(root)/bekleidung/[brand]/[slug]/page.tsx @ http://localhost:3000/_next/static/chunks/079ae_next_dist_e4f9772e._.js:3127
[   49364ms] [ERROR] ./app/(root)/bekleidung/[brand]/[slug]/components/ProductDetails.tsx:306:9
Parsing ecmascript source code failed
  304 |           </div>
  305 |         </div>
> 306 |       </div>
      |         ^^^
  307 |
  308 |       {/* ── Sticky add-to-cart bar ──────────────────────── */}
  309 |       <StickyAddToCart

Expected '>', got 'ident'

Import trace:
  Server Component:
    ./app/(root)/bekleidung/[brand]/[slug]/components/ProductDetails.tsx
    ./app/(root)/bekleidung/[brand]/[slug]/page.tsx @ http://localhost:3000/_next/static/chunks/079ae_next_dist_e4f9772e._.js:3127
[   49426ms] [ERROR] ./app/(root)/bekleidung/[brand]/[slug]/components/ProductDetails.tsx:306:9
Parsing ecmascript source code failed
  304 |           </div>
  305 |         </div>
> 306 |       </div>
      |         ^^^
  307 |
  308 |       {/* ── Sticky add-to-cart bar ──────────────────────── */}
  309 |       <StickyAddToCart

Expected '>', got 'ident'

Import trace:
  Server Component:
    ./app/(root)/bekleidung/[brand]/[slug]/components/ProductDetails.tsx
    ./app/(root)/bekleidung/[brand]/[slug]/page.tsx @ http://localhost:3000/_next/static/chunks/079ae_next_dist_e4f9772e._.js:3127
[   49489ms] [ERROR] ./app/(root)/bekleidung/[brand]/[slug]/components/ProductDetails.tsx:306:9
Parsing ecmascript source code failed
  304 |           </div>
  305 |         </div>
> 306 |       </div>
      |         ^^^
  307 |
  308 |       {/* ── Sticky add-to-cart bar ──────────────────────── */}
  309 |       <StickyAddToCart

Expected '>', got 'ident'

Import trace:
  Server Component:
    ./app/(root)/bekleidung/[brand]/[slug]/components/ProductDetails.tsx
    ./app/(root)/bekleidung/[brand]/[slug]/page.tsx @ http://localhost:3000/_next/static/chunks/079ae_next_dist_e4f9772e._.js:3127
[   49551ms] [ERROR] ./app/(root)/bekleidung/[brand]/[slug]/components/ProductDetails.tsx:306:9
Parsing ecmascript source code failed
  304 |           </div>
  305 |         </div>
> 306 |       </div>
      |         ^^^
  307 |
  308 |       {/* ── Sticky add-to-cart bar ──────────────────────── */}
  309 |       <StickyAddToCart

Expected '>', got 'ident'

Import trace:
  Server Component:
    ./app/(root)/bekleidung/[brand]/[slug]/components/ProductDetails.tsx
    ./app/(root)/bekleidung/[brand]/[slug]/page.tsx @ http://localhost:3000/_next/static/chunks/079ae_next_dist_e4f9772e._.js:3127
[   49612ms] [ERROR] ./app/(root)/bekleidung/[brand]/[slug]/components/ProductDetails.tsx:306:9
Parsing ecmascript source code failed
  304 |           </div>
  305 |         </div>
> 306 |       </div>
      |         ^^^
  307 |
  308 |       {/* ── Sticky add-to-cart bar ──────────────────────── */}
  309 |       <StickyAddToCart

Expected '>', got 'ident'

Import trace:
  Server Component:
    ./app/(root)/bekleidung/[brand]/[slug]/components/ProductDetails.tsx
    ./app/(root)/bekleidung/[brand]/[slug]/page.tsx @ http://localhost:3000/_next/static/chunks/079ae_next_dist_e4f9772e._.js:3127
[   49675ms] [ERROR] ./app/(root)/bekleidung/[brand]/[slug]/components/ProductDetails.tsx:306:9
Parsing ecmascript source code failed
  304 |           </div>
  305 |         </div>
> 306 |       </div>
      |         ^^^
  307 |
  308 |       {/* ── Sticky add-to-cart bar ──────────────────────── */}
  309 |       <StickyAddToCart

Expected '>', got 'ident'

Import trace:
  Server Component:
    ./app/(root)/bekleidung/[brand]/[slug]/components/ProductDetails.tsx
    ./app/(root)/bekleidung/[brand]/[slug]/page.tsx @ http://localhost:3000/_next/static/chunks/079ae_next_dist_e4f9772e._.js:3127
[   49737ms] [ERROR] ./app/(root)/bekleidung/[brand]/[slug]/components/ProductDetails.tsx:306:9
Parsing ecmascript source code failed
  304 |           </div>
  305 |         </div>
> 306 |       </div>
      |         ^^^
  307 |
  308 |       {/* ── Sticky add-to-cart bar ──────────────────────── */}
  309 |       <StickyAddToCart

Expected '>', got 'ident'

Import trace:
  Server Component:
    ./app/(root)/bekleidung/[brand]/[slug]/components/ProductDetails.tsx
    ./app/(root)/bekleidung/[brand]/[slug]/page.tsx @ http://localhost:3000/_next/static/chunks/079ae_next_dist_e4f9772e._.js:3127
[   49799ms] [ERROR] ./app/(root)/bekleidung/[brand]/[slug]/components/ProductDetails.tsx:306:9
Parsing ecmascript source code failed
  304 |           </div>
  305 |         </div>
> 306 |       </div>
      |         ^^^
  307 |
  308 |       {/* ── Sticky add-to-cart bar ──────────────────────── */}
  309 |       <StickyAddToCart

Expected '>', got 'ident'

Import trace:
  Server Component:
    ./app/(root)/bekleidung/[brand]/[slug]/components/ProductDetails.tsx
    ./app/(root)/bekleidung/[brand]/[slug]/page.tsx @ http://localhost:3000/_next/static/chunks/079ae_next_dist_e4f9772e._.js:3127
[   49861ms] [ERROR] ./app/(root)/bekleidung/[brand]/[slug]/components/ProductDetails.tsx:306:9
Parsing ecmascript source code failed
  304 |           </div>
  305 |         </div>
> 306 |       </div>
      |         ^^^
  307 |
  308 |       {/* ── Sticky add-to-cart bar ──────────────────────── */}
  309 |       <StickyAddToCart

Expected '>', got 'ident'

Import trace:
  Server Component:
    ./app/(root)/bekleidung/[brand]/[slug]/components/ProductDetails.tsx
    ./app/(root)/bekleidung/[brand]/[slug]/page.tsx @ http://localhost:3000/_next/static/chunks/079ae_next_dist_e4f9772e._.js:3127
[   49926ms] [ERROR] ./app/(root)/bekleidung/[brand]/[slug]/components/ProductDetails.tsx:306:9
Parsing ecmascript source code failed
  304 |           </div>
  305 |         </div>
> 306 |       </div>
      |         ^^^
  307 |
  308 |       {/* ── Sticky add-to-cart bar ──────────────────────── */}
  309 |       <StickyAddToCart

Expected '>', got 'ident'

Import trace:
  Server Component:
    ./app/(root)/bekleidung/[brand]/[slug]/components/ProductDetails.tsx
    ./app/(root)/bekleidung/[brand]/[slug]/page.tsx @ http://localhost:3000/_next/static/chunks/079ae_next_dist_e4f9772e._.js:3127
[   50000ms] [ERROR] ./app/(root)/bekleidung/[brand]/[slug]/components/ProductDetails.tsx:306:9
Parsing ecmascript source code failed
  304 |           </div>
  305 |         </div>
> 306 |       </div>
      |         ^^^
  307 |
  308 |       {/* ── Sticky add-to-cart bar ──────────────────────── */}
  309 |       <StickyAddToCart

Expected '>', got 'ident'

Import trace:
  Server Component:
    ./app/(root)/bekleidung/[brand]/[slug]/components/ProductDetails.tsx
    ./app/(root)/bekleidung/[brand]/[slug]/page.tsx @ http://localhost:3000/_next/static/chunks/079ae_next_dist_e4f9772e._.js:3127
[   50061ms] [ERROR] ./app/(root)/bekleidung/[brand]/[slug]/components/ProductDetails.tsx:306:9
Parsing ecmascript source code failed
  304 |           </div>
  305 |         </div>
> 306 |       </div>
      |         ^^^
  307 |
  308 |       {/* ── Sticky add-to-cart bar ──────────────────────── */}
  309 |       <StickyAddToCart

Expected '>', got 'ident'

Import trace:
  Server Component:
    ./app/(root)/bekleidung/[brand]/[slug]/components/ProductDetails.tsx
    ./app/(root)/bekleidung/[brand]/[slug]/page.tsx @ http://localhost:3000/_next/static/chunks/079ae_next_dist_e4f9772e._.js:3127
[   50125ms] [ERROR] ./app/(root)/bekleidung/[brand]/[slug]/components/ProductDetails.tsx:306:9
Parsing ecmascript source code failed
  304 |           </div>
  305 |         </div>
> 306 |       </div>
      |         ^^^
  307 |
  308 |       {/* ── Sticky add-to-cart bar ──────────────────────── */}
  309 |       <StickyAddToCart

Expected '>', got 'ident'

Import trace:
  Server Component:
    ./app/(root)/bekleidung/[brand]/[slug]/components/ProductDetails.tsx
    ./app/(root)/bekleidung/[brand]/[slug]/page.tsx @ http://localhost:3000/_next/static/chunks/079ae_next_dist_e4f9772e._.js:3127
[   50188ms] [ERROR] ./app/(root)/bekleidung/[brand]/[slug]/components/ProductDetails.tsx:306:9
Parsing ecmascript source code failed
  304 |           </div>
  305 |         </div>
> 306 |       </div>
      |         ^^^
  307 |
  308 |       {/* ── Sticky add-to-cart bar ──────────────────────── */}
  309 |       <StickyAddToCart

Expected '>', got 'ident'

Import trace:
  Server Component:
    ./app/(root)/bekleidung/[brand]/[slug]/components/ProductDetails.tsx
    ./app/(root)/bekleidung/[brand]/[slug]/page.tsx @ http://localhost:3000/_next/static/chunks/079ae_next_dist_e4f9772e._.js:3127
[   50266ms] [ERROR] ./app/(root)/bekleidung/[brand]/[slug]/components/ProductDetails.tsx:306:9
Parsing ecmascript source code failed
  304 |           </div>
  305 |         </div>
> 306 |       </div>
      |         ^^^
  307 |
  308 |       {/* ── Sticky add-to-cart bar ──────────────────────── */}
  309 |       <StickyAddToCart

Expected '>', got 'ident'

Import trace:
  Server Component:
    ./app/(root)/bekleidung/[brand]/[slug]/components/ProductDetails.tsx
    ./app/(root)/bekleidung/[brand]/[slug]/page.tsx @ http://localhost:3000/_next/static/chunks/079ae_next_dist_e4f9772e._.js:3127
[   50326ms] [ERROR] ./app/(root)/bekleidung/[brand]/[slug]/components/ProductDetails.tsx:306:9
Parsing ecmascript source code failed
  304 |           </div>
  305 |         </div>
> 306 |       </div>
      |         ^^^
  307 |
  308 |       {/* ── Sticky add-to-cart bar ──────────────────────── */}
  309 |       <StickyAddToCart

Expected '>', got 'ident'

Import trace:
  Server Component:
    ./app/(root)/bekleidung/[brand]/[slug]/components/ProductDetails.tsx
    ./app/(root)/bekleidung/[brand]/[slug]/page.tsx @ http://localhost:3000/_next/static/chunks/079ae_next_dist_e4f9772e._.js:3127
[   50402ms] [ERROR] ./app/(root)/bekleidung/[brand]/[slug]/components/ProductDetails.tsx:306:9
Parsing ecmascript source code failed
  304 |           </div>
  305 |         </div>
> 306 |       </div>
      |         ^^^
  307 |
  308 |       {/* ── Sticky add-to-cart bar ──────────────────────── */}
  309 |       <StickyAddToCart

Expected '>', got 'ident'

Import trace:
  Server Component:
    ./app/(root)/bekleidung/[brand]/[slug]/components/ProductDetails.tsx
    ./app/(root)/bekleidung/[brand]/[slug]/page.tsx @ http://localhost:3000/_next/static/chunks/079ae_next_dist_e4f9772e._.js:3127
[   50478ms] [ERROR] ./app/(root)/bekleidung/[brand]/[slug]/components/ProductDetails.tsx:306:9
Parsing ecmascript source code failed
  304 |           </div>
  305 |         </div>
> 306 |       </div>
      |         ^^^
  307 |
  308 |       {/* ── Sticky add-to-cart bar ──────────────────────── */}
  309 |       <StickyAddToCart

Expected '>', got 'ident'

Import trace:
  Server Component:
    ./app/(root)/bekleidung/[brand]/[slug]/components/ProductDetails.tsx
    ./app/(root)/bekleidung/[brand]/[slug]/page.tsx @ http://localhost:3000/_next/static/chunks/079ae_next_dist_e4f9772e._.js:3127
[   50540ms] [ERROR] ./app/(root)/bekleidung/[brand]/[slug]/components/ProductDetails.tsx:306:9
Parsing ecmascript source code failed
  304 |           </div>
  305 |         </div>
> 306 |       </div>
      |         ^^^
  307 |
  308 |       {/* ── Sticky add-to-cart bar ──────────────────────── */}
  309 |       <StickyAddToCart

Expected '>', got 'ident'

Import trace:
  Server Component:
    ./app/(root)/bekleidung/[brand]/[slug]/components/ProductDetails.tsx
    ./app/(root)/bekleidung/[brand]/[slug]/page.tsx @ http://localhost:3000/_next/static/chunks/079ae_next_dist_e4f9772e._.js:3127
[   50603ms] [ERROR] ./app/(root)/bekleidung/[brand]/[slug]/components/ProductDetails.tsx:306:9
Parsing ecmascript source code failed
  304 |           </div>
  305 |         </div>
> 306 |       </div>
      |         ^^^
  307 |
  308 |       {/* ── Sticky add-to-cart bar ──────────────────────── */}
  309 |       <StickyAddToCart

Expected '>', got 'ident'

Import trace:
  Server Component:
    ./app/(root)/bekleidung/[brand]/[slug]/components/ProductDetails.tsx
    ./app/(root)/bekleidung/[brand]/[slug]/page.tsx @ http://localhost:3000/_next/static/chunks/079ae_next_dist_e4f9772e._.js:3127
[   50666ms] [ERROR] ./app/(root)/bekleidung/[brand]/[slug]/components/ProductDetails.tsx:306:9
Parsing ecmascript source code failed
  304 |           </div>
  305 |         </div>
> 306 |       </div>
      |         ^^^
  307 |
  308 |       {/* ── Sticky add-to-cart bar ──────────────────────── */}
  309 |       <StickyAddToCart

Expected '>', got 'ident'

Import trace:
  Server Component:
    ./app/(root)/bekleidung/[brand]/[slug]/components/ProductDetails.tsx
    ./app/(root)/bekleidung/[brand]/[slug]/page.tsx @ http://localhost:3000/_next/static/chunks/079ae_next_dist_e4f9772e._.js:3127
[   50725ms] [ERROR] ./app/(root)/bekleidung/[brand]/[slug]/components/ProductDetails.tsx:306:9
Parsing ecmascript source code failed
  304 |           </div>
  305 |         </div>
> 306 |       </div>
      |         ^^^
  307 |
  308 |       {/* ── Sticky add-to-cart bar ──────────────────────── */}
  309 |       <StickyAddToCart

Expected '>', got 'ident'

Import trace:
  Server Component:
    ./app/(root)/bekleidung/[brand]/[slug]/components/ProductDetails.tsx
    ./app/(root)/bekleidung/[brand]/[slug]/page.tsx @ http://localhost:3000/_next/static/chunks/079ae_next_dist_e4f9772e._.js:3127
[   50789ms] [ERROR] ./app/(root)/bekleidung/[brand]/[slug]/components/ProductDetails.tsx:306:9
Parsing ecmascript source code failed
  304 |           </div>
  305 |         </div>
> 306 |       </div>
      |         ^^^
  307 |
  308 |       {/* ── Sticky add-to-cart bar ──────────────────────── */}
  309 |       <StickyAddToCart

Expected '>', got 'ident'

Import trace:
  Server Component:
    ./app/(root)/bekleidung/[brand]/[slug]/components/ProductDetails.tsx
    ./app/(root)/bekleidung/[brand]/[slug]/page.tsx @ http://localhost:3000/_next/static/chunks/079ae_next_dist_e4f9772e._.js:3127
[   50850ms] [ERROR] ./app/(root)/bekleidung/[brand]/[slug]/components/ProductDetails.tsx:306:9
Parsing ecmascript source code failed
  304 |           </div>
  305 |         </div>
> 306 |       </div>
      |         ^^^
  307 |
  308 |       {/* ── Sticky add-to-cart bar ──────────────────────── */}
  309 |       <StickyAddToCart

Expected '>', got 'ident'

Import trace:
  Server Component:
    ./app/(root)/bekleidung/[brand]/[slug]/components/ProductDetails.tsx
    ./app/(root)/bekleidung/[brand]/[slug]/page.tsx @ http://localhost:3000/_next/static/chunks/079ae_next_dist_e4f9772e._.js:3127
[   50914ms] [ERROR] ./app/(root)/bekleidung/[brand]/[slug]/components/ProductDetails.tsx:306:9
Parsing ecmascript source code failed
  304 |           </div>
  305 |         </div>
> 306 |       </div>
      |         ^^^
  307 |
  308 |       {/* ── Sticky add-to-cart bar ──────────────────────── */}
  309 |       <StickyAddToCart

Expected '>', got 'ident'

Import trace:
  Server Component:
    ./app/(root)/bekleidung/[brand]/[slug]/components/ProductDetails.tsx
    ./app/(root)/bekleidung/[brand]/[slug]/page.tsx @ http://localhost:3000/_next/static/chunks/079ae_next_dist_e4f9772e._.js:3127
[   50975ms] [ERROR] ./app/(root)/bekleidung/[brand]/[slug]/components/ProductDetails.tsx:306:9
Parsing ecmascript source code failed
  304 |           </div>
  305 |         </div>
> 306 |       </div>
      |         ^^^
  307 |
  308 |       {/* ── Sticky add-to-cart bar ──────────────────────── */}
  309 |       <StickyAddToCart

Expected '>', got 'ident'

Import trace:
  Server Component:
    ./app/(root)/bekleidung/[brand]/[slug]/components/ProductDetails.tsx
    ./app/(root)/bekleidung/[brand]/[slug]/page.tsx @ http://localhost:3000/_next/static/chunks/079ae_next_dist_e4f9772e._.js:3127
[   51043ms] [ERROR] ./app/(root)/bekleidung/[brand]/[slug]/components/ProductDetails.tsx:306:9
Parsing ecmascript source code failed
  304 |           </div>
  305 |         </div>
> 306 |       </div>
      |         ^^^
  307 |
  308 |       {/* ── Sticky add-to-cart bar ──────────────────────── */}
  309 |       <StickyAddToCart

Expected '>', got 'ident'

Import trace:
  Server Component:
    ./app/(root)/bekleidung/[brand]/[slug]/components/ProductDetails.tsx
    ./app/(root)/bekleidung/[brand]/[slug]/page.tsx @ http://localhost:3000/_next/static/chunks/079ae_next_dist_e4f9772e._.js:3127
[   51114ms] [ERROR] ./app/(root)/bekleidung/[brand]/[slug]/components/ProductDetails.tsx:306:9
Parsing ecmascript source code failed
  304 |           </div>
  305 |         </div>
> 306 |       </div>
      |         ^^^
  307 |
  308 |       {/* ── Sticky add-to-cart bar ──────────────────────── */}
  309 |       <StickyAddToCart

Expected '>', got 'ident'

Import trace:
  Server Component:
    ./app/(root)/bekleidung/[brand]/[slug]/components/ProductDetails.tsx
    ./app/(root)/bekleidung/[brand]/[slug]/page.tsx @ http://localhost:3000/_next/static/chunks/079ae_next_dist_e4f9772e._.js:3127
[   51179ms] [ERROR] ./app/(root)/bekleidung/[brand]/[slug]/components/ProductDetails.tsx:306:9
Parsing ecmascript source code failed
  304 |           </div>
  305 |         </div>
> 306 |       </div>
      |         ^^^
  307 |
  308 |       {/* ── Sticky add-to-cart bar ──────────────────────── */}
  309 |       <StickyAddToCart

Expected '>', got 'ident'

Import trace:
  Server Component:
    ./app/(root)/bekleidung/[brand]/[slug]/components/ProductDetails.tsx
    ./app/(root)/bekleidung/[brand]/[slug]/page.tsx @ http://localhost:3000/_next/static/chunks/079ae_next_dist_e4f9772e._.js:3127
[   51256ms] [ERROR] ./app/(root)/bekleidung/[brand]/[slug]/components/ProductDetails.tsx:306:9
Parsing ecmascript source code failed
  304 |           </div>
  305 |         </div>
> 306 |       </div>
      |         ^^^
  307 |
  308 |       {/* ── Sticky add-to-cart bar ──────────────────────── */}
  309 |       <StickyAddToCart

Expected '>', got 'ident'

Import trace:
  Server Component:
    ./app/(root)/bekleidung/[brand]/[slug]/components/ProductDetails.tsx
    ./app/(root)/bekleidung/[brand]/[slug]/page.tsx @ http://localhost:3000/_next/static/chunks/079ae_next_dist_e4f9772e._.js:3127
[   51316ms] [ERROR] ./app/(root)/bekleidung/[brand]/[slug]/components/ProductDetails.tsx:306:9
Parsing ecmascript source code failed
  304 |           </div>
  305 |         </div>
> 306 |       </div>
      |         ^^^
  307 |
  308 |       {/* ── Sticky add-to-cart bar ──────────────────────── */}
  309 |       <StickyAddToCart

Expected '>', got 'ident'

Import trace:
  Server Component:
    ./app/(root)/bekleidung/[brand]/[slug]/components/ProductDetails.tsx
    ./app/(root)/bekleidung/[brand]/[slug]/page.tsx @ http://localhost:3000/_next/static/chunks/079ae_next_dist_e4f9772e._.js:3127
[   51379ms] [ERROR] ./app/(root)/bekleidung/[brand]/[slug]/components/ProductDetails.tsx:306:9
Parsing ecmascript source code failed
  304 |           </div>
  305 |         </div>
> 306 |       </div>
      |         ^^^
  307 |
  308 |       {/* ── Sticky add-to-cart bar ──────────────────────── */}
  309 |       <StickyAddToCart

Expected '>', got 'ident'

Import trace:
  Server Component:
    ./app/(root)/bekleidung/[brand]/[slug]/components/ProductDetails.tsx
    ./app/(root)/bekleidung/[brand]/[slug]/page.tsx @ http://localhost:3000/_next/static/chunks/079ae_next_dist_e4f9772e._.js:3127
[   51456ms] [ERROR] ./app/(root)/bekleidung/[brand]/[slug]/components/ProductDetails.tsx:306:9
Parsing ecmascript source code failed
  304 |           </div>
  305 |         </div>
> 306 |       </div>
      |         ^^^
  307 |
  308 |       {/* ── Sticky add-to-cart bar ──────────────────────── */}
  309 |       <StickyAddToCart

Expected '>', got 'ident'

Import trace:
  Server Component:
    ./app/(root)/bekleidung/[brand]/[slug]/components/ProductDetails.tsx
    ./app/(root)/bekleidung/[brand]/[slug]/page.tsx @ http://localhost:3000/_next/static/chunks/079ae_next_dist_e4f9772e._.js:3127
[   51519ms] [ERROR] ./app/(root)/bekleidung/[brand]/[slug]/components/ProductDetails.tsx:306:9
Parsing ecmascript source code failed
  304 |           </div>
  305 |         </div>
> 306 |       </div>
      |         ^^^
  307 |
  308 |       {/* ── Sticky add-to-cart bar ──────────────────────── */}
  309 |       <StickyAddToCart

Expected '>', got 'ident'

Import trace:
  Server Component:
    ./app/(root)/bekleidung/[brand]/[slug]/components/ProductDetails.tsx
    ./app/(root)/bekleidung/[brand]/[slug]/page.tsx @ http://localhost:3000/_next/static/chunks/079ae_next_dist_e4f9772e._.js:3127
[   51585ms] [ERROR] ./app/(root)/bekleidung/[brand]/[slug]/components/ProductDetails.tsx:306:9
Parsing ecmascript source code failed
  304 |           </div>
  305 |         </div>
> 306 |       </div>
      |         ^^^
  307 |
  308 |       {/* ── Sticky add-to-cart bar ──────────────────────── */}
  309 |       <StickyAddToCart

Expected '>', got 'ident'

Import trace:
  Server Component:
    ./app/(root)/bekleidung/[brand]/[slug]/components/ProductDetails.tsx
    ./app/(root)/bekleidung/[brand]/[slug]/page.tsx @ http://localhost:3000/_next/static/chunks/079ae_next_dist_e4f9772e._.js:3127
[   51662ms] [ERROR] ./app/(root)/bekleidung/[brand]/[slug]/components/ProductDetails.tsx:306:9
Parsing ecmascript source code failed
  304 |           </div>
  305 |         </div>
> 306 |       </div>
      |         ^^^
  307 |
  308 |       {/* ── Sticky add-to-cart bar ──────────────────────── */}
  309 |       <StickyAddToCart

Expected '>', got 'ident'

Import trace:
  Server Component:
    ./app/(root)/bekleidung/[brand]/[slug]/components/ProductDetails.tsx
    ./app/(root)/bekleidung/[brand]/[slug]/page.tsx @ http://localhost:3000/_next/static/chunks/079ae_next_dist_e4f9772e._.js:3127
[   51724ms] [ERROR] ./app/(root)/bekleidung/[brand]/[slug]/components/ProductDetails.tsx:306:9
Parsing ecmascript source code failed
  304 |           </div>
  305 |         </div>
> 306 |       </div>
      |         ^^^
  307 |
  308 |       {/* ── Sticky add-to-cart bar ──────────────────────── */}
  309 |       <StickyAddToCart

Expected '>', got 'ident'

Import trace:
  Server Component:
    ./app/(root)/bekleidung/[brand]/[slug]/components/ProductDetails.tsx
    ./app/(root)/bekleidung/[brand]/[slug]/page.tsx @ http://localhost:3000/_next/static/chunks/079ae_next_dist_e4f9772e._.js:3127
[   51785ms] [ERROR] ./app/(root)/bekleidung/[brand]/[slug]/components/ProductDetails.tsx:306:9
Parsing ecmascript source code failed
  304 |           </div>
  305 |         </div>
> 306 |       </div>
      |         ^^^
  307 |
  308 |       {/* ── Sticky add-to-cart bar ──────────────────────── */}
  309 |       <StickyAddToCart

Expected '>', got 'ident'

Import trace:
  Server Component:
    ./app/(root)/bekleidung/[brand]/[slug]/components/ProductDetails.tsx
    ./app/(root)/bekleidung/[brand]/[slug]/page.tsx @ http://localhost:3000/_next/static/chunks/079ae_next_dist_e4f9772e._.js:3127
[   51849ms] [ERROR] ./app/(root)/bekleidung/[brand]/[slug]/components/ProductDetails.tsx:306:9
Parsing ecmascript source code failed
  304 |           </div>
  305 |         </div>
> 306 |       </div>
      |         ^^^
  307 |
  308 |       {/* ── Sticky add-to-cart bar ──────────────────────── */}
  309 |       <StickyAddToCart

Expected '>', got 'ident'

Import trace:
  Server Component:
    ./app/(root)/bekleidung/[brand]/[slug]/components/ProductDetails.tsx
    ./app/(root)/bekleidung/[brand]/[slug]/page.tsx @ http://localhost:3000/_next/static/chunks/079ae_next_dist_e4f9772e._.js:3127
[   51909ms] [ERROR] ./app/(root)/bekleidung/[brand]/[slug]/components/ProductDetails.tsx:306:9
Parsing ecmascript source code failed
  304 |           </div>
  305 |         </div>
> 306 |       </div>
      |         ^^^
  307 |
  308 |       {/* ── Sticky add-to-cart bar ──────────────────────── */}
  309 |       <StickyAddToCart

Expected '>', got 'ident'

Import trace:
  Server Component:
    ./app/(root)/bekleidung/[brand]/[slug]/components/ProductDetails.tsx
    ./app/(root)/bekleidung/[brand]/[slug]/page.tsx @ http://localhost:3000/_next/static/chunks/079ae_next_dist_e4f9772e._.js:3127
[   51975ms] [ERROR] ./app/(root)/bekleidung/[brand]/[slug]/components/ProductDetails.tsx:306:9
Parsing ecmascript source code failed
  304 |           </div>
  305 |         </div>
> 306 |       </div>
      |         ^^^
  307 |
  308 |       {/* ── Sticky add-to-cart bar ──────────────────────── */}
  309 |       <StickyAddToCart

Expected '>', got 'ident'

Import trace:
  Server Component:
    ./app/(root)/bekleidung/[brand]/[slug]/components/ProductDetails.tsx
    ./app/(root)/bekleidung/[brand]/[slug]/page.tsx @ http://localhost:3000/_next/static/chunks/079ae_next_dist_e4f9772e._.js:3127
[   52047ms] [ERROR] ./app/(root)/bekleidung/[brand]/[slug]/components/ProductDetails.tsx:306:9
Parsing ecmascript source code failed
  304 |           </div>
  305 |         </div>
> 306 |       </div>
      |         ^^^
  307 |
  308 |       {/* ── Sticky add-to-cart bar ──────────────────────── */}
  309 |       <StickyAddToCart

Expected '>', got 'ident'

Import trace:
  Server Component:
    ./app/(root)/bekleidung/[brand]/[slug]/components/ProductDetails.tsx
    ./app/(root)/bekleidung/[brand]/[slug]/page.tsx @ http://localhost:3000/_next/static/chunks/079ae_next_dist_e4f9772e._.js:3127
[   52110ms] [ERROR] ./app/(root)/bekleidung/[brand]/[slug]/components/ProductDetails.tsx:306:9
Parsing ecmascript source code failed
  304 |           </div>
  305 |         </div>
> 306 |       </div>
      |         ^^^
  307 |
  308 |       {/* ── Sticky add-to-cart bar ──────────────────────── */}
  309 |       <StickyAddToCart

Expected '>', got 'ident'

Import trace:
  Server Component:
    ./app/(root)/bekleidung/[brand]/[slug]/components/ProductDetails.tsx
    ./app/(root)/bekleidung/[brand]/[slug]/page.tsx @ http://localhost:3000/_next/static/chunks/079ae_next_dist_e4f9772e._.js:3127
[   52171ms] [ERROR] ./app/(root)/bekleidung/[brand]/[slug]/components/ProductDetails.tsx:306:9
Parsing ecmascript source code failed
  304 |           </div>
  305 |         </div>
> 306 |       </div>
      |         ^^^
  307 |
  308 |       {/* ── Sticky add-to-cart bar ──────────────────────── */}
  309 |       <StickyAddToCart

Expected '>', got 'ident'

Import trace:
  Server Component:
    ./app/(root)/bekleidung/[brand]/[slug]/components/ProductDetails.tsx
    ./app/(root)/bekleidung/[brand]/[slug]/page.tsx @ http://localhost:3000/_next/static/chunks/079ae_next_dist_e4f9772e._.js:3127
[   52250ms] [ERROR] ./app/(root)/bekleidung/[brand]/[slug]/components/ProductDetails.tsx:306:9
Parsing ecmascript source code failed
  304 |           </div>
  305 |         </div>
> 306 |       </div>
      |         ^^^
  307 |
  308 |       {/* ── Sticky add-to-cart bar ──────────────────────── */}
  309 |       <StickyAddToCart

Expected '>', got 'ident'

Import trace:
  Server Component:
    ./app/(root)/bekleidung/[brand]/[slug]/components/ProductDetails.tsx
    ./app/(root)/bekleidung/[brand]/[slug]/page.tsx @ http://localhost:3000/_next/static/chunks/079ae_next_dist_e4f9772e._.js:3127
[   52324ms] [ERROR] ./app/(root)/bekleidung/[brand]/[slug]/components/ProductDetails.tsx:306:9
Parsing ecmascript source code failed
  304 |           </div>
  305 |         </div>
> 306 |       </div>
      |         ^^^
  307 |
  308 |       {/* ── Sticky add-to-cart bar ──────────────────────── */}
  309 |       <StickyAddToCart

Expected '>', got 'ident'

Import trace:
  Server Component:
    ./app/(root)/bekleidung/[brand]/[slug]/components/ProductDetails.tsx
    ./app/(root)/bekleidung/[brand]/[slug]/page.tsx @ http://localhost:3000/_next/static/chunks/079ae_next_dist_e4f9772e._.js:3127
[   52402ms] [ERROR] ./app/(root)/bekleidung/[brand]/[slug]/components/ProductDetails.tsx:306:9
Parsing ecmascript source code failed
  304 |           </div>
  305 |         </div>
> 306 |       </div>
      |         ^^^
  307 |
  308 |       {/* ── Sticky add-to-cart bar ──────────────────────── */}
  309 |       <StickyAddToCart

Expected '>', got 'ident'

Import trace:
  Server Component:
    ./app/(root)/bekleidung/[brand]/[slug]/components/ProductDetails.tsx
    ./app/(root)/bekleidung/[brand]/[slug]/page.tsx @ http://localhost:3000/_next/static/chunks/079ae_next_dist_e4f9772e._.js:3127
[   52477ms] [ERROR] ./app/(root)/bekleidung/[brand]/[slug]/components/ProductDetails.tsx:306:9
Parsing ecmascript source code failed
  304 |           </div>
  305 |         </div>
> 306 |       </div>
      |         ^^^
  307 |
  308 |       {/* ── Sticky add-to-cart bar ──────────────────────── */}
  309 |       <StickyAddToCart

Expected '>', got 'ident'

Import trace:
  Server Component:
    ./app/(root)/bekleidung/[brand]/[slug]/components/ProductDetails.tsx
    ./app/(root)/bekleidung/[brand]/[slug]/page.tsx @ http://localhost:3000/_next/static/chunks/079ae_next_dist_e4f9772e._.js:3127
[   52538ms] [ERROR] ./app/(root)/bekleidung/[brand]/[slug]/components/ProductDetails.tsx:306:9
Parsing ecmascript source code failed
  304 |           </div>
  305 |         </div>
> 306 |       </div>
      |         ^^^
  307 |
  308 |       {/* ── Sticky add-to-cart bar ──────────────────────── */}
  309 |       <StickyAddToCart

Expected '>', got 'ident'

Import trace:
  Server Component:
    ./app/(root)/bekleidung/[brand]/[slug]/components/ProductDetails.tsx
    ./app/(root)/bekleidung/[brand]/[slug]/page.tsx @ http://localhost:3000/_next/static/chunks/079ae_next_dist_e4f9772e._.js:3127
[   52599ms] [ERROR] ./app/(root)/bekleidung/[brand]/[slug]/components/ProductDetails.tsx:306:9
Parsing ecmascript source code failed
  304 |           </div>
  305 |         </div>
> 306 |       </div>
      |         ^^^
  307 |
  308 |       {/* ── Sticky add-to-cart bar ──────────────────────── */}
  309 |       <StickyAddToCart

Expected '>', got 'ident'

Import trace:
  Server Component:
    ./app/(root)/bekleidung/[brand]/[slug]/components/ProductDetails.tsx
    ./app/(root)/bekleidung/[brand]/[slug]/page.tsx @ http://localhost:3000/_next/static/chunks/079ae_next_dist_e4f9772e._.js:3127
[   52662ms] [ERROR] ./app/(root)/bekleidung/[brand]/[slug]/components/ProductDetails.tsx:306:9
Parsing ecmascript source code failed
  304 |           </div>
  305 |         </div>
> 306 |       </div>
      |         ^^^
  307 |
  308 |       {/* ── Sticky add-to-cart bar ──────────────────────── */}
  309 |       <StickyAddToCart

Expected '>', got 'ident'

Import trace:
  Server Component:
    ./app/(root)/bekleidung/[brand]/[slug]/components/ProductDetails.tsx
    ./app/(root)/bekleidung/[brand]/[slug]/page.tsx @ http://localhost:3000/_next/static/chunks/079ae_next_dist_e4f9772e._.js:3127
[   52739ms] [ERROR] ./app/(root)/bekleidung/[brand]/[slug]/components/ProductDetails.tsx:306:9
Parsing ecmascript source code failed
  304 |           </div>
  305 |         </div>
> 306 |       </div>
      |         ^^^
  307 |
  308 |       {/* ── Sticky add-to-cart bar ──────────────────────── */}
  309 |       <StickyAddToCart

Expected '>', got 'ident'

Import trace:
  Server Component:
    ./app/(root)/bekleidung/[brand]/[slug]/components/ProductDetails.tsx
    ./app/(root)/bekleidung/[brand]/[slug]/page.tsx @ http://localhost:3000/_next/static/chunks/079ae_next_dist_e4f9772e._.js:3127
[   52803ms] [ERROR] ./app/(root)/bekleidung/[brand]/[slug]/components/ProductDetails.tsx:306:9
Parsing ecmascript source code failed
  304 |           </div>
  305 |         </div>
> 306 |       </div>
      |         ^^^
  307 |
  308 |       {/* ── Sticky add-to-cart bar ──────────────────────── */}
  309 |       <StickyAddToCart

Expected '>', got 'ident'

Import trace:
  Server Component:
    ./app/(root)/bekleidung/[brand]/[slug]/components/ProductDetails.tsx
    ./app/(root)/bekleidung/[brand]/[slug]/page.tsx @ http://localhost:3000/_next/static/chunks/079ae_next_dist_e4f9772e._.js:3127
[   52863ms] [ERROR] ./app/(root)/bekleidung/[brand]/[slug]/components/ProductDetails.tsx:306:9
Parsing ecmascript source code failed
  304 |           </div>
  305 |         </div>
> 306 |       </div>
      |         ^^^
  307 |
  308 |       {/* ── Sticky add-to-cart bar ──────────────────────── */}
  309 |       <StickyAddToCart

Expected '>', got 'ident'

Import trace:
  Server Component:
    ./app/(root)/bekleidung/[brand]/[slug]/components/ProductDetails.tsx
    ./app/(root)/bekleidung/[brand]/[slug]/page.tsx @ http://localhost:3000/_next/static/chunks/079ae_next_dist_e4f9772e._.js:3127
[   52923ms] [ERROR] ./app/(root)/bekleidung/[brand]/[slug]/components/ProductDetails.tsx:306:9
Parsing ecmascript source code failed
  304 |           </div>
  305 |         </div>
> 306 |       </div>
      |         ^^^
  307 |
  308 |       {/* ── Sticky add-to-cart bar ──────────────────────── */}
  309 |       <StickyAddToCart

Expected '>', got 'ident'

Import trace:
  Server Component:
    ./app/(root)/bekleidung/[brand]/[slug]/components/ProductDetails.tsx
    ./app/(root)/bekleidung/[brand]/[slug]/page.tsx @ http://localhost:3000/_next/static/chunks/079ae_next_dist_e4f9772e._.js:3127
[   52983ms] [ERROR] ./app/(root)/bekleidung/[brand]/[slug]/components/ProductDetails.tsx:306:9
Parsing ecmascript source code failed
  304 |           </div>
  305 |         </div>
> 306 |       </div>
      |         ^^^
  307 |
  308 |       {/* ── Sticky add-to-cart bar ──────────────────────── */}
  309 |       <StickyAddToCart

Expected '>', got 'ident'

Import trace:
  Server Component:
    ./app/(root)/bekleidung/[brand]/[slug]/components/ProductDetails.tsx
    ./app/(root)/bekleidung/[brand]/[slug]/page.tsx @ http://localhost:3000/_next/static/chunks/079ae_next_dist_e4f9772e._.js:3127
[   53043ms] [ERROR] ./app/(root)/bekleidung/[brand]/[slug]/components/ProductDetails.tsx:306:9
Parsing ecmascript source code failed
  304 |           </div>
  305 |         </div>
> 306 |       </div>
      |         ^^^
  307 |
  308 |       {/* ── Sticky add-to-cart bar ──────────────────────── */}
  309 |       <StickyAddToCart

Expected '>', got 'ident'

Import trace:
  Server Component:
    ./app/(root)/bekleidung/[brand]/[slug]/components/ProductDetails.tsx
    ./app/(root)/bekleidung/[brand]/[slug]/page.tsx @ http://localhost:3000/_next/static/chunks/079ae_next_dist_e4f9772e._.js:3127
[   53105ms] [ERROR] ./app/(root)/bekleidung/[brand]/[slug]/components/ProductDetails.tsx:306:9
Parsing ecmascript source code failed
  304 |           </div>
  305 |         </div>
> 306 |       </div>
      |         ^^^
  307 |
  308 |       {/* ── Sticky add-to-cart bar ──────────────────────── */}
  309 |       <StickyAddToCart

Expected '>', got 'ident'

Import trace:
  Server Component:
    ./app/(root)/bekleidung/[brand]/[slug]/components/ProductDetails.tsx
    ./app/(root)/bekleidung/[brand]/[slug]/page.tsx @ http://localhost:3000/_next/static/chunks/079ae_next_dist_e4f9772e._.js:3127
[   53168ms] [ERROR] ./app/(root)/bekleidung/[brand]/[slug]/components/ProductDetails.tsx:306:9
Parsing ecmascript source code failed
  304 |           </div>
  305 |         </div>
> 306 |       </div>
      |         ^^^
  307 |
  308 |       {/* ── Sticky add-to-cart bar ──────────────────────── */}
  309 |       <StickyAddToCart

Expected '>', got 'ident'

Import trace:
  Server Component:
    ./app/(root)/bekleidung/[brand]/[slug]/components/ProductDetails.tsx
    ./app/(root)/bekleidung/[brand]/[slug]/page.tsx @ http://localhost:3000/_next/static/chunks/079ae_next_dist_e4f9772e._.js:3127
[   53228ms] [ERROR] ./app/(root)/bekleidung/[brand]/[slug]/components/ProductDetails.tsx:306:9
Parsing ecmascript source code failed
  304 |           </div>
  305 |         </div>
> 306 |       </div>
      |         ^^^
  307 |
  308 |       {/* ── Sticky add-to-cart bar ──────────────────────── */}
  309 |       <StickyAddToCart

Expected '>', got 'ident'

Import trace:
  Server Component:
    ./app/(root)/bekleidung/[brand]/[slug]/components/ProductDetails.tsx
    ./app/(root)/bekleidung/[brand]/[slug]/page.tsx @ http://localhost:3000/_next/static/chunks/079ae_next_dist_e4f9772e._.js:3127
[   53290ms] [ERROR] ./app/(root)/bekleidung/[brand]/[slug]/components/ProductDetails.tsx:306:9
Parsing ecmascript source code failed
  304 |           </div>
  305 |         </div>
> 306 |       </div>
      |         ^^^
  307 |
  308 |       {/* ── Sticky add-to-cart bar ──────────────────────── */}
  309 |       <StickyAddToCart

Expected '>', got 'ident'

Import trace:
  Server Component:
    ./app/(root)/bekleidung/[brand]/[slug]/components/ProductDetails.tsx
    ./app/(root)/bekleidung/[brand]/[slug]/page.tsx @ http://localhost:3000/_next/static/chunks/079ae_next_dist_e4f9772e._.js:3127
[   53351ms] [ERROR] ./app/(root)/bekleidung/[brand]/[slug]/components/ProductDetails.tsx:306:9
Parsing ecmascript source code failed
  304 |           </div>
  305 |         </div>
> 306 |       </div>
      |         ^^^
  307 |
  308 |       {/* ── Sticky add-to-cart bar ──────────────────────── */}
  309 |       <StickyAddToCart

Expected '>', got 'ident'

Import trace:
  Server Component:
    ./app/(root)/bekleidung/[brand]/[slug]/components/ProductDetails.tsx
    ./app/(root)/bekleidung/[brand]/[slug]/page.tsx @ http://localhost:3000/_next/static/chunks/079ae_next_dist_e4f9772e._.js:3127
[   53416ms] [ERROR] ./app/(root)/bekleidung/[brand]/[slug]/components/ProductDetails.tsx:306:9
Parsing ecmascript source code failed
  304 |           </div>
  305 |         </div>
> 306 |       </div>
      |         ^^^
  307 |
  308 |       {/* ── Sticky add-to-cart bar ──────────────────────── */}
  309 |       <StickyAddToCart

Expected '>', got 'ident'

Import trace:
  Server Component:
    ./app/(root)/bekleidung/[brand]/[slug]/components/ProductDetails.tsx
    ./app/(root)/bekleidung/[brand]/[slug]/page.tsx @ http://localhost:3000/_next/static/chunks/079ae_next_dist_e4f9772e._.js:3127
[   53491ms] [ERROR] ./app/(root)/bekleidung/[brand]/[slug]/components/ProductDetails.tsx:306:9
Parsing ecmascript source code failed
  304 |           </div>
  305 |         </div>
> 306 |       </div>
      |         ^^^
  307 |
  308 |       {/* ── Sticky add-to-cart bar ──────────────────────── */}
  309 |       <StickyAddToCart

Expected '>', got 'ident'

Import trace:
  Server Component:
    ./app/(root)/bekleidung/[brand]/[slug]/components/ProductDetails.tsx
    ./app/(root)/bekleidung/[brand]/[slug]/page.tsx @ http://localhost:3000/_next/static/chunks/079ae_next_dist_e4f9772e._.js:3127
[   53552ms] [ERROR] ./app/(root)/bekleidung/[brand]/[slug]/components/ProductDetails.tsx:306:9
Parsing ecmascript source code failed
  304 |           </div>
  305 |         </div>
> 306 |       </div>
      |         ^^^
  307 |
  308 |       {/* ── Sticky add-to-cart bar ──────────────────────── */}
  309 |       <StickyAddToCart

Expected '>', got 'ident'

Import trace:
  Server Component:
    ./app/(root)/bekleidung/[brand]/[slug]/components/ProductDetails.tsx
    ./app/(root)/bekleidung/[brand]/[slug]/page.tsx @ http://localhost:3000/_next/static/chunks/079ae_next_dist_e4f9772e._.js:3127
[   53613ms] [ERROR] ./app/(root)/bekleidung/[brand]/[slug]/components/ProductDetails.tsx:306:9
Parsing ecmascript source code failed
  304 |           </div>
  305 |         </div>
> 306 |       </div>
      |         ^^^
  307 |
  308 |       {/* ── Sticky add-to-cart bar ──────────────────────── */}
  309 |       <StickyAddToCart

Expected '>', got 'ident'

Import trace:
  Server Component:
    ./app/(root)/bekleidung/[brand]/[slug]/components/ProductDetails.tsx
    ./app/(root)/bekleidung/[brand]/[slug]/page.tsx @ http://localhost:3000/_next/static/chunks/079ae_next_dist_e4f9772e._.js:3127
[   53675ms] [ERROR] ./app/(root)/bekleidung/[brand]/[slug]/components/ProductDetails.tsx:306:9
Parsing ecmascript source code failed
  304 |           </div>
  305 |         </div>
> 306 |       </div>
      |         ^^^
  307 |
  308 |       {/* ── Sticky add-to-cart bar ──────────────────────── */}
  309 |       <StickyAddToCart

Expected '>', got 'ident'

Import trace:
  Server Component:
    ./app/(root)/bekleidung/[brand]/[slug]/components/ProductDetails.tsx
    ./app/(root)/bekleidung/[brand]/[slug]/page.tsx @ http://localhost:3000/_next/static/chunks/079ae_next_dist_e4f9772e._.js:3127
[   53739ms] [ERROR] ./app/(root)/bekleidung/[brand]/[slug]/components/ProductDetails.tsx:306:9
Parsing ecmascript source code failed
  304 |           </div>
  305 |         </div>
> 306 |       </div>
      |         ^^^
  307 |
  308 |       {/* ── Sticky add-to-cart bar ──────────────────────── */}
  309 |       <StickyAddToCart

Expected '>', got 'ident'

Import trace:
  Server Component:
    ./app/(root)/bekleidung/[brand]/[slug]/components/ProductDetails.tsx
    ./app/(root)/bekleidung/[brand]/[slug]/page.tsx @ http://localhost:3000/_next/static/chunks/079ae_next_dist_e4f9772e._.js:3127
[   53801ms] [ERROR] ./app/(root)/bekleidung/[brand]/[slug]/components/ProductDetails.tsx:306:9
Parsing ecmascript source code failed
  304 |           </div>
  305 |         </div>
> 306 |       </div>
      |         ^^^
  307 |
  308 |       {/* ── Sticky add-to-cart bar ──────────────────────── */}
  309 |       <StickyAddToCart

Expected '>', got 'ident'

Import trace:
  Server Component:
    ./app/(root)/bekleidung/[brand]/[slug]/components/ProductDetails.tsx
    ./app/(root)/bekleidung/[brand]/[slug]/page.tsx @ http://localhost:3000/_next/static/chunks/079ae_next_dist_e4f9772e._.js:3127
[   53865ms] [ERROR] ./app/(root)/bekleidung/[brand]/[slug]/components/ProductDetails.tsx:306:9
Parsing ecmascript source code failed
  304 |           </div>
  305 |         </div>
> 306 |       </div>
      |         ^^^
  307 |
  308 |       {/* ── Sticky add-to-cart bar ──────────────────────── */}
  309 |       <StickyAddToCart

Expected '>', got 'ident'

Import trace:
  Server Component:
    ./app/(root)/bekleidung/[brand]/[slug]/components/ProductDetails.tsx
    ./app/(root)/bekleidung/[brand]/[slug]/page.tsx @ http://localhost:3000/_next/static/chunks/079ae_next_dist_e4f9772e._.js:3127
[   53944ms] [ERROR] ./app/(root)/bekleidung/[brand]/[slug]/components/ProductDetails.tsx:306:9
Parsing ecmascript source code failed
  304 |           </div>
  305 |         </div>
> 306 |       </div>
      |         ^^^
  307 |
  308 |       {/* ── Sticky add-to-cart bar ──────────────────────── */}
  309 |       <StickyAddToCart

Expected '>', got 'ident'

Import trace:
  Server Component:
    ./app/(root)/bekleidung/[brand]/[slug]/components/ProductDetails.tsx
    ./app/(root)/bekleidung/[brand]/[slug]/page.tsx @ http://localhost:3000/_next/static/chunks/079ae_next_dist_e4f9772e._.js:3127
[   54004ms] [ERROR] ./app/(root)/bekleidung/[brand]/[slug]/components/ProductDetails.tsx:306:9
Parsing ecmascript source code failed
  304 |           </div>
  305 |         </div>
> 306 |       </div>
      |         ^^^
  307 |
  308 |       {/* ── Sticky add-to-cart bar ──────────────────────── */}
  309 |       <StickyAddToCart

Expected '>', got 'ident'

Import trace:
  Server Component:
    ./app/(root)/bekleidung/[brand]/[slug]/components/ProductDetails.tsx
    ./app/(root)/bekleidung/[brand]/[slug]/page.tsx @ http://localhost:3000/_next/static/chunks/079ae_next_dist_e4f9772e._.js:3127
[   54067ms] [ERROR] ./app/(root)/bekleidung/[brand]/[slug]/components/ProductDetails.tsx:306:9
Parsing ecmascript source code failed
  304 |           </div>
  305 |         </div>
> 306 |       </div>
      |         ^^^
  307 |
  308 |       {/* ── Sticky add-to-cart bar ──────────────────────── */}
  309 |       <StickyAddToCart

Expected '>', got 'ident'

Import trace:
  Server Component:
    ./app/(root)/bekleidung/[brand]/[slug]/components/ProductDetails.tsx
    ./app/(root)/bekleidung/[brand]/[slug]/page.tsx @ http://localhost:3000/_next/static/chunks/079ae_next_dist_e4f9772e._.js:3127
[   54129ms] [ERROR] ./app/(root)/bekleidung/[brand]/[slug]/components/ProductDetails.tsx:306:9
Parsing ecmascript source code failed
  304 |           </div>
  305 |         </div>
> 306 |       </div>
      |         ^^^
  307 |
  308 |       {/* ── Sticky add-to-cart bar ──────────────────────── */}
  309 |       <StickyAddToCart

Expected '>', got 'ident'

Import trace:
  Server Component:
    ./app/(root)/bekleidung/[brand]/[slug]/components/ProductDetails.tsx
    ./app/(root)/bekleidung/[brand]/[slug]/page.tsx @ http://localhost:3000/_next/static/chunks/079ae_next_dist_e4f9772e._.js:3127
[   54205ms] [ERROR] ./app/(root)/bekleidung/[brand]/[slug]/components/ProductDetails.tsx:306:9
Parsing ecmascript source code failed
  304 |           </div>
  305 |         </div>
> 306 |       </div>
      |         ^^^
  307 |
  308 |       {/* ── Sticky add-to-cart bar ──────────────────────── */}
  309 |       <StickyAddToCart

Expected '>', got 'ident'

Import trace:
  Server Component:
    ./app/(root)/bekleidung/[brand]/[slug]/components/ProductDetails.tsx
    ./app/(root)/bekleidung/[brand]/[slug]/page.tsx @ http://localhost:3000/_next/static/chunks/079ae_next_dist_e4f9772e._.js:3127
[   54268ms] [ERROR] ./app/(root)/bekleidung/[brand]/[slug]/components/ProductDetails.tsx:306:9
Parsing ecmascript source code failed
  304 |           </div>
  305 |         </div>
> 306 |       </div>
      |         ^^^
  307 |
  308 |       {/* ── Sticky add-to-cart bar ──────────────────────── */}
  309 |       <StickyAddToCart

Expected '>', got 'ident'

Import trace:
  Server Component:
    ./app/(root)/bekleidung/[brand]/[slug]/components/ProductDetails.tsx
    ./app/(root)/bekleidung/[brand]/[slug]/page.tsx @ http://localhost:3000/_next/static/chunks/079ae_next_dist_e4f9772e._.js:3127
[   54330ms] [ERROR] ./app/(root)/bekleidung/[brand]/[slug]/components/ProductDetails.tsx:306:9
Parsing ecmascript source code failed
  304 |           </div>
  305 |         </div>
> 306 |       </div>
      |         ^^^
  307 |
  308 |       {/* ── Sticky add-to-cart bar ──────────────────────── */}
  309 |       <StickyAddToCart

Expected '>', got 'ident'

Import trace:
  Server Component:
    ./app/(root)/bekleidung/[brand]/[slug]/components/ProductDetails.tsx
    ./app/(root)/bekleidung/[brand]/[slug]/page.tsx @ http://localhost:3000/_next/static/chunks/079ae_next_dist_e4f9772e._.js:3127
[   54392ms] [ERROR] ./app/(root)/bekleidung/[brand]/[slug]/components/ProductDetails.tsx:306:9
Parsing ecmascript source code failed
  304 |           </div>
  305 |         </div>
> 306 |       </div>
      |         ^^^
  307 |
  308 |       {/* ── Sticky add-to-cart bar ──────────────────────── */}
  309 |       <StickyAddToCart

Expected '>', got 'ident'

Import trace:
  Server Component:
    ./app/(root)/bekleidung/[brand]/[slug]/components/ProductDetails.tsx
    ./app/(root)/bekleidung/[brand]/[slug]/page.tsx @ http://localhost:3000/_next/static/chunks/079ae_next_dist_e4f9772e._.js:3127
[   54455ms] [ERROR] ./app/(root)/bekleidung/[brand]/[slug]/components/ProductDetails.tsx:306:9
Parsing ecmascript source code failed
  304 |           </div>
  305 |         </div>
> 306 |       </div>
      |         ^^^
  307 |
  308 |       {/* ── Sticky add-to-cart bar ──────────────────────── */}
  309 |       <StickyAddToCart

Expected '>', got 'ident'

Import trace:
  Server Component:
    ./app/(root)/bekleidung/[brand]/[slug]/components/ProductDetails.tsx
    ./app/(root)/bekleidung/[brand]/[slug]/page.tsx @ http://localhost:3000/_next/static/chunks/079ae_next_dist_e4f9772e._.js:3127
[   54518ms] [ERROR] ./app/(root)/bekleidung/[brand]/[slug]/components/ProductDetails.tsx:306:9
Parsing ecmascript source code failed
  304 |           </div>
  305 |         </div>
> 306 |       </div>
      |         ^^^
  307 |
  308 |       {/* ── Sticky add-to-cart bar ──────────────────────── */}
  309 |       <StickyAddToCart

Expected '>', got 'ident'

Import trace:
  Server Component:
    ./app/(root)/bekleidung/[brand]/[slug]/components/ProductDetails.tsx
    ./app/(root)/bekleidung/[brand]/[slug]/page.tsx @ http://localhost:3000/_next/static/chunks/079ae_next_dist_e4f9772e._.js:3127
[   54582ms] [ERROR] ./app/(root)/bekleidung/[brand]/[slug]/components/ProductDetails.tsx:306:9
Parsing ecmascript source code failed
  304 |           </div>
  305 |         </div>
> 306 |       </div>
      |         ^^^
  307 |
  308 |       {/* ── Sticky add-to-cart bar ──────────────────────── */}
  309 |       <StickyAddToCart

Expected '>', got 'ident'

Import trace:
  Server Component:
    ./app/(root)/bekleidung/[brand]/[slug]/components/ProductDetails.tsx
    ./app/(root)/bekleidung/[brand]/[slug]/page.tsx @ http://localhost:3000/_next/static/chunks/079ae_next_dist_e4f9772e._.js:3127
[   54643ms] [ERROR] ./app/(root)/bekleidung/[brand]/[slug]/components/ProductDetails.tsx:306:9
Parsing ecmascript source code failed
  304 |           </div>
  305 |         </div>
> 306 |       </div>
      |         ^^^
  307 |
  308 |       {/* ── Sticky add-to-cart bar ──────────────────────── */}
  309 |       <StickyAddToCart

Expected '>', got 'ident'

Import trace:
  Server Component:
    ./app/(root)/bekleidung/[brand]/[slug]/components/ProductDetails.tsx
    ./app/(root)/bekleidung/[brand]/[slug]/page.tsx @ http://localhost:3000/_next/static/chunks/079ae_next_dist_e4f9772e._.js:3127
[   54705ms] [ERROR] ./app/(root)/bekleidung/[brand]/[slug]/components/ProductDetails.tsx:306:9
Parsing ecmascript source code failed
  304 |           </div>
  305 |         </div>
> 306 |       </div>
      |         ^^^
  307 |
  308 |       {/* ── Sticky add-to-cart bar ──────────────────────── */}
  309 |       <StickyAddToCart

Expected '>', got 'ident'

Import trace:
  Server Component:
    ./app/(root)/bekleidung/[brand]/[slug]/components/ProductDetails.tsx
    ./app/(root)/bekleidung/[brand]/[slug]/page.tsx @ http://localhost:3000/_next/static/chunks/079ae_next_dist_e4f9772e._.js:3127
[   54768ms] [ERROR] ./app/(root)/bekleidung/[brand]/[slug]/components/ProductDetails.tsx:306:9
Parsing ecmascript source code failed
  304 |           </div>
  305 |         </div>
> 306 |       </div>
      |         ^^^
  307 |
  308 |       {/* ── Sticky add-to-cart bar ──────────────────────── */}
  309 |       <StickyAddToCart

Expected '>', got 'ident'

Import trace:
  Server Component:
    ./app/(root)/bekleidung/[brand]/[slug]/components/ProductDetails.tsx
    ./app/(root)/bekleidung/[brand]/[slug]/page.tsx @ http://localhost:3000/_next/static/chunks/079ae_next_dist_e4f9772e._.js:3127
[   54829ms] [ERROR] ./app/(root)/bekleidung/[brand]/[slug]/components/ProductDetails.tsx:306:9
Parsing ecmascript source code failed
  304 |           </div>
  305 |         </div>
> 306 |       </div>
      |         ^^^
  307 |
  308 |       {/* ── Sticky add-to-cart bar ──────────────────────── */}
  309 |       <StickyAddToCart

Expected '>', got 'ident'

Import trace:
  Server Component:
    ./app/(root)/bekleidung/[brand]/[slug]/components/ProductDetails.tsx
    ./app/(root)/bekleidung/[brand]/[slug]/page.tsx @ http://localhost:3000/_next/static/chunks/079ae_next_dist_e4f9772e._.js:3127
[   54892ms] [ERROR] ./app/(root)/bekleidung/[brand]/[slug]/components/ProductDetails.tsx:306:9
Parsing ecmascript source code failed
  304 |           </div>
  305 |         </div>
> 306 |       </div>
      |         ^^^
  307 |
  308 |       {/* ── Sticky add-to-cart bar ──────────────────────── */}
  309 |       <StickyAddToCart

Expected '>', got 'ident'

Import trace:
  Server Component:
    ./app/(root)/bekleidung/[brand]/[slug]/components/ProductDetails.tsx
    ./app/(root)/bekleidung/[brand]/[slug]/page.tsx @ http://localhost:3000/_next/static/chunks/079ae_next_dist_e4f9772e._.js:3127
[   54953ms] [ERROR] ./app/(root)/bekleidung/[brand]/[slug]/components/ProductDetails.tsx:306:9
Parsing ecmascript source code failed
  304 |           </div>
  305 |         </div>
> 306 |       </div>
      |         ^^^
  307 |
  308 |       {/* ── Sticky add-to-cart bar ──────────────────────── */}
  309 |       <StickyAddToCart

Expected '>', got 'ident'

Import trace:
  Server Component:
    ./app/(root)/bekleidung/[brand]/[slug]/components/ProductDetails.tsx
    ./app/(root)/bekleidung/[brand]/[slug]/page.tsx @ http://localhost:3000/_next/static/chunks/079ae_next_dist_e4f9772e._.js:3127
[   55015ms] [ERROR] ./app/(root)/bekleidung/[brand]/[slug]/components/ProductDetails.tsx:306:9
Parsing ecmascript source code failed
  304 |           </div>
  305 |         </div>
> 306 |       </div>
      |         ^^^
  307 |
  308 |       {/* ── Sticky add-to-cart bar ──────────────────────── */}
  309 |       <StickyAddToCart

Expected '>', got 'ident'

Import trace:
  Server Component:
    ./app/(root)/bekleidung/[brand]/[slug]/components/ProductDetails.tsx
    ./app/(root)/bekleidung/[brand]/[slug]/page.tsx @ http://localhost:3000/_next/static/chunks/079ae_next_dist_e4f9772e._.js:3127
[   55079ms] [ERROR] ./app/(root)/bekleidung/[brand]/[slug]/components/ProductDetails.tsx:306:9
Parsing ecmascript source code failed
  304 |           </div>
  305 |         </div>
> 306 |       </div>
      |         ^^^
  307 |
  308 |       {/* ── Sticky add-to-cart bar ──────────────────────── */}
  309 |       <StickyAddToCart

Expected '>', got 'ident'

Import trace:
  Server Component:
    ./app/(root)/bekleidung/[brand]/[slug]/components/ProductDetails.tsx
    ./app/(root)/bekleidung/[brand]/[slug]/page.tsx @ http://localhost:3000/_next/static/chunks/079ae_next_dist_e4f9772e._.js:3127
[   55139ms] [ERROR] ./app/(root)/bekleidung/[brand]/[slug]/components/ProductDetails.tsx:306:9
Parsing ecmascript source code failed
  304 |           </div>
  305 |         </div>
> 306 |       </div>
      |         ^^^
  307 |
  308 |       {/* ── Sticky add-to-cart bar ──────────────────────── */}
  309 |       <StickyAddToCart

Expected '>', got 'ident'

Import trace:
  Server Component:
    ./app/(root)/bekleidung/[brand]/[slug]/components/ProductDetails.tsx
    ./app/(root)/bekleidung/[brand]/[slug]/page.tsx @ http://localhost:3000/_next/static/chunks/079ae_next_dist_e4f9772e._.js:3127
[   55202ms] [ERROR] ./app/(root)/bekleidung/[brand]/[slug]/components/ProductDetails.tsx:306:9
Parsing ecmascript source code failed
  304 |           </div>
  305 |         </div>
> 306 |       </div>
      |         ^^^
  307 |
  308 |       {/* ── Sticky add-to-cart bar ──────────────────────── */}
  309 |       <StickyAddToCart

Expected '>', got 'ident'

Import trace:
  Server Component:
    ./app/(root)/bekleidung/[brand]/[slug]/components/ProductDetails.tsx
    ./app/(root)/bekleidung/[brand]/[slug]/page.tsx @ http://localhost:3000/_next/static/chunks/079ae_next_dist_e4f9772e._.js:3127
[   55266ms] [ERROR] ./app/(root)/bekleidung/[brand]/[slug]/components/ProductDetails.tsx:306:9
Parsing ecmascript source code failed
  304 |           </div>
  305 |         </div>
> 306 |       </div>
      |         ^^^
  307 |
  308 |       {/* ── Sticky add-to-cart bar ──────────────────────── */}
  309 |       <StickyAddToCart

Expected '>', got 'ident'

Import trace:
  Server Component:
    ./app/(root)/bekleidung/[brand]/[slug]/components/ProductDetails.tsx
    ./app/(root)/bekleidung/[brand]/[slug]/page.tsx @ http://localhost:3000/_next/static/chunks/079ae_next_dist_e4f9772e._.js:3127
[   55328ms] [ERROR] ./app/(root)/bekleidung/[brand]/[slug]/components/ProductDetails.tsx:306:9
Parsing ecmascript source code failed
  304 |           </div>
  305 |         </div>
> 306 |       </div>
      |         ^^^
  307 |
  308 |       {/* ── Sticky add-to-cart bar ──────────────────────── */}
  309 |       <StickyAddToCart

Expected '>', got 'ident'

Import trace:
  Server Component:
    ./app/(root)/bekleidung/[brand]/[slug]/components/ProductDetails.tsx
    ./app/(root)/bekleidung/[brand]/[slug]/page.tsx @ http://localhost:3000/_next/static/chunks/079ae_next_dist_e4f9772e._.js:3127
[   55390ms] [ERROR] ./app/(root)/bekleidung/[brand]/[slug]/components/ProductDetails.tsx:306:9
Parsing ecmascript source code failed
  304 |           </div>
  305 |         </div>
> 306 |       </div>
      |         ^^^
  307 |
  308 |       {/* ── Sticky add-to-cart bar ──────────────────────── */}
  309 |       <StickyAddToCart

Expected '>', got 'ident'

Import trace:
  Server Component:
    ./app/(root)/bekleidung/[brand]/[slug]/components/ProductDetails.tsx
    ./app/(root)/bekleidung/[brand]/[slug]/page.tsx @ http://localhost:3000/_next/static/chunks/079ae_next_dist_e4f9772e._.js:3127
[   55452ms] [ERROR] ./app/(root)/bekleidung/[brand]/[slug]/components/ProductDetails.tsx:306:9
Parsing ecmascript source code failed
  304 |           </div>
  305 |         </div>
> 306 |       </div>
      |         ^^^
  307 |
  308 |       {/* ── Sticky add-to-cart bar ──────────────────────── */}
  309 |       <StickyAddToCart

Expected '>', got 'ident'

Import trace:
  Server Component:
    ./app/(root)/bekleidung/[brand]/[slug]/components/ProductDetails.tsx
    ./app/(root)/bekleidung/[brand]/[slug]/page.tsx @ http://localhost:3000/_next/static/chunks/079ae_next_dist_e4f9772e._.js:3127
[   55514ms] [ERROR] ./app/(root)/bekleidung/[brand]/[slug]/components/ProductDetails.tsx:306:9
Parsing ecmascript source code failed
  304 |           </div>
  305 |         </div>
> 306 |       </div>
      |         ^^^
  307 |
  308 |       {/* ── Sticky add-to-cart bar ──────────────────────── */}
  309 |       <StickyAddToCart

Expected '>', got 'ident'

Import trace:
  Server Component:
    ./app/(root)/bekleidung/[brand]/[slug]/components/ProductDetails.tsx
    ./app/(root)/bekleidung/[brand]/[slug]/page.tsx @ http://localhost:3000/_next/static/chunks/079ae_next_dist_e4f9772e._.js:3127
[   55575ms] [ERROR] ./app/(root)/bekleidung/[brand]/[slug]/components/ProductDetails.tsx:306:9
Parsing ecmascript source code failed
  304 |           </div>
  305 |         </div>
> 306 |       </div>
      |         ^^^
  307 |
  308 |       {/* ── Sticky add-to-cart bar ──────────────────────── */}
  309 |       <StickyAddToCart

Expected '>', got 'ident'

Import trace:
  Server Component:
    ./app/(root)/bekleidung/[brand]/[slug]/components/ProductDetails.tsx
    ./app/(root)/bekleidung/[brand]/[slug]/page.tsx @ http://localhost:3000/_next/static/chunks/079ae_next_dist_e4f9772e._.js:3127
[   55637ms] [ERROR] ./app/(root)/bekleidung/[brand]/[slug]/components/ProductDetails.tsx:306:9
Parsing ecmascript source code failed
  304 |           </div>
  305 |         </div>
> 306 |       </div>
      |         ^^^
  307 |
  308 |       {/* ── Sticky add-to-cart bar ──────────────────────── */}
  309 |       <StickyAddToCart

Expected '>', got 'ident'

Import trace:
  Server Component:
    ./app/(root)/bekleidung/[brand]/[slug]/components/ProductDetails.tsx
    ./app/(root)/bekleidung/[brand]/[slug]/page.tsx @ http://localhost:3000/_next/static/chunks/079ae_next_dist_e4f9772e._.js:3127
[   55699ms] [ERROR] ./app/(root)/bekleidung/[brand]/[slug]/components/ProductDetails.tsx:306:9
Parsing ecmascript source code failed
  304 |           </div>
  305 |         </div>
> 306 |       </div>
      |         ^^^
  307 |
  308 |       {/* ── Sticky add-to-cart bar ──────────────────────── */}
  309 |       <StickyAddToCart

Expected '>', got 'ident'

Import trace:
  Server Component:
    ./app/(root)/bekleidung/[brand]/[slug]/components/ProductDetails.tsx
    ./app/(root)/bekleidung/[brand]/[slug]/page.tsx @ http://localhost:3000/_next/static/chunks/079ae_next_dist_e4f9772e._.js:3127
[   55760ms] [ERROR] ./app/(root)/bekleidung/[brand]/[slug]/components/ProductDetails.tsx:306:9
Parsing ecmascript source code failed
  304 |           </div>
  305 |         </div>
> 306 |       </div>
      |         ^^^
  307 |
  308 |       {/* ── Sticky add-to-cart bar ──────────────────────── */}
  309 |       <StickyAddToCart

Expected '>', got 'ident'

Import trace:
  Server Component:
    ./app/(root)/bekleidung/[brand]/[slug]/components/ProductDetails.tsx
    ./app/(root)/bekleidung/[brand]/[slug]/page.tsx @ http://localhost:3000/_next/static/chunks/079ae_next_dist_e4f9772e._.js:3127
[   55822ms] [ERROR] ./app/(root)/bekleidung/[brand]/[slug]/components/ProductDetails.tsx:306:9
Parsing ecmascript source code failed
  304 |           </div>
  305 |         </div>
> 306 |       </div>
      |         ^^^
  307 |
  308 |       {/* ── Sticky add-to-cart bar ──────────────────────── */}
  309 |       <StickyAddToCart

Expected '>', got 'ident'

Import trace:
  Server Component:
    ./app/(root)/bekleidung/[brand]/[slug]/components/ProductDetails.tsx
    ./app/(root)/bekleidung/[brand]/[slug]/page.tsx @ http://localhost:3000/_next/static/chunks/079ae_next_dist_e4f9772e._.js:3127
[   55885ms] [ERROR] ./app/(root)/bekleidung/[brand]/[slug]/components/ProductDetails.tsx:306:9
Parsing ecmascript source code failed
  304 |           </div>
  305 |         </div>
> 306 |       </div>
      |         ^^^
  307 |
  308 |       {/* ── Sticky add-to-cart bar ──────────────────────── */}
  309 |       <StickyAddToCart

Expected '>', got 'ident'

Import trace:
  Server Component:
    ./app/(root)/bekleidung/[brand]/[slug]/components/ProductDetails.tsx
    ./app/(root)/bekleidung/[brand]/[slug]/page.tsx @ http://localhost:3000/_next/static/chunks/079ae_next_dist_e4f9772e._.js:3127
[   55947ms] [ERROR] ./app/(root)/bekleidung/[brand]/[slug]/components/ProductDetails.tsx:306:9
Parsing ecmascript source code failed
  304 |           </div>
  305 |         </div>
> 306 |       </div>
      |         ^^^
  307 |
  308 |       {/* ── Sticky add-to-cart bar ──────────────────────── */}
  309 |       <StickyAddToCart

Expected '>', got 'ident'

Import trace:
  Server Component:
    ./app/(root)/bekleidung/[brand]/[slug]/components/ProductDetails.tsx
    ./app/(root)/bekleidung/[brand]/[slug]/page.tsx @ http://localhost:3000/_next/static/chunks/079ae_next_dist_e4f9772e._.js:3127
[   56007ms] [ERROR] ./app/(root)/bekleidung/[brand]/[slug]/components/ProductDetails.tsx:306:9
Parsing ecmascript source code failed
  304 |           </div>
  305 |         </div>
> 306 |       </div>
      |         ^^^
  307 |
  308 |       {/* ── Sticky add-to-cart bar ──────────────────────── */}
  309 |       <StickyAddToCart

Expected '>', got 'ident'

Import trace:
  Server Component:
    ./app/(root)/bekleidung/[brand]/[slug]/components/ProductDetails.tsx
    ./app/(root)/bekleidung/[brand]/[slug]/page.tsx @ http://localhost:3000/_next/static/chunks/079ae_next_dist_e4f9772e._.js:3127
[   56072ms] [ERROR] ./app/(root)/bekleidung/[brand]/[slug]/components/ProductDetails.tsx:306:9
Parsing ecmascript source code failed
  304 |           </div>
  305 |         </div>
> 306 |       </div>
      |         ^^^
  307 |
  308 |       {/* ── Sticky add-to-cart bar ──────────────────────── */}
  309 |       <StickyAddToCart

Expected '>', got 'ident'

Import trace:
  Server Component:
    ./app/(root)/bekleidung/[brand]/[slug]/components/ProductDetails.tsx
    ./app/(root)/bekleidung/[brand]/[slug]/page.tsx @ http://localhost:3000/_next/static/chunks/079ae_next_dist_e4f9772e._.js:3127
[   56148ms] [ERROR] ./app/(root)/bekleidung/[brand]/[slug]/components/ProductDetails.tsx:306:9
Parsing ecmascript source code failed
  304 |           </div>
  305 |         </div>
> 306 |       </div>
      |         ^^^
  307 |
  308 |       {/* ── Sticky add-to-cart bar ──────────────────────── */}
  309 |       <StickyAddToCart

Expected '>', got 'ident'

Import trace:
  Server Component:
    ./app/(root)/bekleidung/[brand]/[slug]/components/ProductDetails.tsx
    ./app/(root)/bekleidung/[brand]/[slug]/page.tsx @ http://localhost:3000/_next/static/chunks/079ae_next_dist_e4f9772e._.js:3127
[   56211ms] [ERROR] ./app/(root)/bekleidung/[brand]/[slug]/components/ProductDetails.tsx:306:9
Parsing ecmascript source code failed
  304 |           </div>
  305 |         </div>
> 306 |       </div>
      |         ^^^
  307 |
  308 |       {/* ── Sticky add-to-cart bar ──────────────────────── */}
  309 |       <StickyAddToCart

Expected '>', got 'ident'

Import trace:
  Server Component:
    ./app/(root)/bekleidung/[brand]/[slug]/components/ProductDetails.tsx
    ./app/(root)/bekleidung/[brand]/[slug]/page.tsx @ http://localhost:3000/_next/static/chunks/079ae_next_dist_e4f9772e._.js:3127
[   56271ms] [ERROR] ./app/(root)/bekleidung/[brand]/[slug]/components/ProductDetails.tsx:306:9
Parsing ecmascript source code failed
  304 |           </div>
  305 |         </div>
> 306 |       </div>
      |         ^^^
  307 |
  308 |       {/* ── Sticky add-to-cart bar ──────────────────────── */}
  309 |       <StickyAddToCart

Expected '>', got 'ident'

Import trace:
  Server Component:
    ./app/(root)/bekleidung/[brand]/[slug]/components/ProductDetails.tsx
    ./app/(root)/bekleidung/[brand]/[slug]/page.tsx @ http://localhost:3000/_next/static/chunks/079ae_next_dist_e4f9772e._.js:3127
[   56334ms] [ERROR] ./app/(root)/bekleidung/[brand]/[slug]/components/ProductDetails.tsx:306:9
Parsing ecmascript source code failed
  304 |           </div>
  305 |         </div>
> 306 |       </div>
      |         ^^^
  307 |
  308 |       {/* ── Sticky add-to-cart bar ──────────────────────── */}
  309 |       <StickyAddToCart

Expected '>', got 'ident'

Import trace:
  Server Component:
    ./app/(root)/bekleidung/[brand]/[slug]/components/ProductDetails.tsx
    ./app/(root)/bekleidung/[brand]/[slug]/page.tsx @ http://localhost:3000/_next/static/chunks/079ae_next_dist_e4f9772e._.js:3127
[   56397ms] [ERROR] ./app/(root)/bekleidung/[brand]/[slug]/components/ProductDetails.tsx:306:9
Parsing ecmascript source code failed
  304 |           </div>
  305 |         </div>
> 306 |       </div>
      |         ^^^
  307 |
  308 |       {/* ── Sticky add-to-cart bar ──────────────────────── */}
  309 |       <StickyAddToCart

Expected '>', got 'ident'

Import trace:
  Server Component:
    ./app/(root)/bekleidung/[brand]/[slug]/components/ProductDetails.tsx
    ./app/(root)/bekleidung/[brand]/[slug]/page.tsx @ http://localhost:3000/_next/static/chunks/079ae_next_dist_e4f9772e._.js:3127
[   56460ms] [ERROR] ./app/(root)/bekleidung/[brand]/[slug]/components/ProductDetails.tsx:306:9
Parsing ecmascript source code failed
  304 |           </div>
  305 |         </div>
> 306 |       </div>
      |         ^^^
  307 |
  308 |       {/* ── Sticky add-to-cart bar ──────────────────────── */}
  309 |       <StickyAddToCart

Expected '>', got 'ident'

Import trace:
  Server Component:
    ./app/(root)/bekleidung/[brand]/[slug]/components/ProductDetails.tsx
    ./app/(root)/bekleidung/[brand]/[slug]/page.tsx @ http://localhost:3000/_next/static/chunks/079ae_next_dist_e4f9772e._.js:3127
[   56521ms] [ERROR] ./app/(root)/bekleidung/[brand]/[slug]/components/ProductDetails.tsx:306:9
Parsing ecmascript source code failed
  304 |           </div>
  305 |         </div>
> 306 |       </div>
      |         ^^^
  307 |
  308 |       {/* ── Sticky add-to-cart bar ──────────────────────── */}
  309 |       <StickyAddToCart

Expected '>', got 'ident'

Import trace:
  Server Component:
    ./app/(root)/bekleidung/[brand]/[slug]/components/ProductDetails.tsx
    ./app/(root)/bekleidung/[brand]/[slug]/page.tsx @ http://localhost:3000/_next/static/chunks/079ae_next_dist_e4f9772e._.js:3127
[   56580ms] [ERROR] ./app/(root)/bekleidung/[brand]/[slug]/components/ProductDetails.tsx:306:9
Parsing ecmascript source code failed
  304 |           </div>
  305 |         </div>
> 306 |       </div>
      |         ^^^
  307 |
  308 |       {/* ── Sticky add-to-cart bar ──────────────────────── */}
  309 |       <StickyAddToCart

Expected '>', got 'ident'

Import trace:
  Server Component:
    ./app/(root)/bekleidung/[brand]/[slug]/components/ProductDetails.tsx
    ./app/(root)/bekleidung/[brand]/[slug]/page.tsx @ http://localhost:3000/_next/static/chunks/079ae_next_dist_e4f9772e._.js:3127
[   56642ms] [ERROR] ./app/(root)/bekleidung/[brand]/[slug]/components/ProductDetails.tsx:306:9
Parsing ecmascript source code failed
  304 |           </div>
  305 |         </div>
> 306 |       </div>
      |         ^^^
  307 |
  308 |       {/* ── Sticky add-to-cart bar ──────────────────────── */}
  309 |       <StickyAddToCart

Expected '>', got 'ident'

Import trace:
  Server Component:
    ./app/(root)/bekleidung/[brand]/[slug]/components/ProductDetails.tsx
    ./app/(root)/bekleidung/[brand]/[slug]/page.tsx @ http://localhost:3000/_next/static/chunks/079ae_next_dist_e4f9772e._.js:3127
[   56704ms] [ERROR] ./app/(root)/bekleidung/[brand]/[slug]/components/ProductDetails.tsx:306:9
Parsing ecmascript source code failed
  304 |           </div>
  305 |         </div>
> 306 |       </div>
      |         ^^^
  307 |
  308 |       {/* ── Sticky add-to-cart bar ──────────────────────── */}
  309 |       <StickyAddToCart

Expected '>', got 'ident'

Import trace:
  Server Component:
    ./app/(root)/bekleidung/[brand]/[slug]/components/ProductDetails.tsx
    ./app/(root)/bekleidung/[brand]/[slug]/page.tsx @ http://localhost:3000/_next/static/chunks/079ae_next_dist_e4f9772e._.js:3127
[   56767ms] [ERROR] ./app/(root)/bekleidung/[brand]/[slug]/components/ProductDetails.tsx:306:9
Parsing ecmascript source code failed
  304 |           </div>
  305 |         </div>
> 306 |       </div>
      |         ^^^
  307 |
  308 |       {/* ── Sticky add-to-cart bar ──────────────────────── */}
  309 |       <StickyAddToCart

Expected '>', got 'ident'

Import trace:
  Server Component:
    ./app/(root)/bekleidung/[brand]/[slug]/components/ProductDetails.tsx
    ./app/(root)/bekleidung/[brand]/[slug]/page.tsx @ http://localhost:3000/_next/static/chunks/079ae_next_dist_e4f9772e._.js:3127
[   56827ms] [ERROR] ./app/(root)/bekleidung/[brand]/[slug]/components/ProductDetails.tsx:306:9
Parsing ecmascript source code failed
  304 |           </div>
  305 |         </div>
> 306 |       </div>
      |         ^^^
  307 |
  308 |       {/* ── Sticky add-to-cart bar ──────────────────────── */}
  309 |       <StickyAddToCart

Expected '>', got 'ident'

Import trace:
  Server Component:
    ./app/(root)/bekleidung/[brand]/[slug]/components/ProductDetails.tsx
    ./app/(root)/bekleidung/[brand]/[slug]/page.tsx @ http://localhost:3000/_next/static/chunks/079ae_next_dist_e4f9772e._.js:3127
[   56888ms] [ERROR] ./app/(root)/bekleidung/[brand]/[slug]/components/ProductDetails.tsx:306:9
Parsing ecmascript source code failed
  304 |           </div>
  305 |         </div>
> 306 |       </div>
      |         ^^^
  307 |
  308 |       {/* ── Sticky add-to-cart bar ──────────────────────── */}
  309 |       <StickyAddToCart

Expected '>', got 'ident'

Import trace:
  Server Component:
    ./app/(root)/bekleidung/[brand]/[slug]/components/ProductDetails.tsx
    ./app/(root)/bekleidung/[brand]/[slug]/page.tsx @ http://localhost:3000/_next/static/chunks/079ae_next_dist_e4f9772e._.js:3127
[   56951ms] [ERROR] ./app/(root)/bekleidung/[brand]/[slug]/components/ProductDetails.tsx:306:9
Parsing ecmascript source code failed
  304 |           </div>
  305 |         </div>
> 306 |       </div>
      |         ^^^
  307 |
  308 |       {/* ── Sticky add-to-cart bar ──────────────────────── */}
  309 |       <StickyAddToCart

Expected '>', got 'ident'

Import trace:
  Server Component:
    ./app/(root)/bekleidung/[brand]/[slug]/components/ProductDetails.tsx
    ./app/(root)/bekleidung/[brand]/[slug]/page.tsx @ http://localhost:3000/_next/static/chunks/079ae_next_dist_e4f9772e._.js:3127
[   57011ms] [ERROR] ./app/(root)/bekleidung/[brand]/[slug]/components/ProductDetails.tsx:306:9
Parsing ecmascript source code failed
  304 |           </div>
  305 |         </div>
> 306 |       </div>
      |         ^^^
  307 |
  308 |       {/* ── Sticky add-to-cart bar ──────────────────────── */}
  309 |       <StickyAddToCart

Expected '>', got 'ident'

Import trace:
  Server Component:
    ./app/(root)/bekleidung/[brand]/[slug]/components/ProductDetails.tsx
    ./app/(root)/bekleidung/[brand]/[slug]/page.tsx @ http://localhost:3000/_next/static/chunks/079ae_next_dist_e4f9772e._.js:3127
[   57075ms] [ERROR] ./app/(root)/bekleidung/[brand]/[slug]/components/ProductDetails.tsx:306:9
Parsing ecmascript source code failed
  304 |           </div>
  305 |         </div>
> 306 |       </div>
      |         ^^^
  307 |
  308 |       {/* ── Sticky add-to-cart bar ──────────────────────── */}
  309 |       <StickyAddToCart

Expected '>', got 'ident'

Import trace:
  Server Component:
    ./app/(root)/bekleidung/[brand]/[slug]/components/ProductDetails.tsx
    ./app/(root)/bekleidung/[brand]/[slug]/page.tsx @ http://localhost:3000/_next/static/chunks/079ae_next_dist_e4f9772e._.js:3127
[   57138ms] [ERROR] ./app/(root)/bekleidung/[brand]/[slug]/components/ProductDetails.tsx:306:9
Parsing ecmascript source code failed
  304 |           </div>
  305 |         </div>
> 306 |       </div>
      |         ^^^
  307 |
  308 |       {/* ── Sticky add-to-cart bar ──────────────────────── */}
  309 |       <StickyAddToCart

Expected '>', got 'ident'

Import trace:
  Server Component:
    ./app/(root)/bekleidung/[brand]/[slug]/components/ProductDetails.tsx
    ./app/(root)/bekleidung/[brand]/[slug]/page.tsx @ http://localhost:3000/_next/static/chunks/079ae_next_dist_e4f9772e._.js:3127
[   57199ms] [ERROR] ./app/(root)/bekleidung/[brand]/[slug]/components/ProductDetails.tsx:306:9
Parsing ecmascript source code failed
  304 |           </div>
  305 |         </div>
> 306 |       </div>
      |         ^^^
  307 |
  308 |       {/* ── Sticky add-to-cart bar ──────────────────────── */}
  309 |       <StickyAddToCart

Expected '>', got 'ident'

Import trace:
  Server Component:
    ./app/(root)/bekleidung/[brand]/[slug]/components/ProductDetails.tsx
    ./app/(root)/bekleidung/[brand]/[slug]/page.tsx @ http://localhost:3000/_next/static/chunks/079ae_next_dist_e4f9772e._.js:3127
[   57260ms] [ERROR] ./app/(root)/bekleidung/[brand]/[slug]/components/ProductDetails.tsx:306:9
Parsing ecmascript source code failed
  304 |           </div>
  305 |         </div>
> 306 |       </div>
      |         ^^^
  307 |
  308 |       {/* ── Sticky add-to-cart bar ──────────────────────── */}
  309 |       <StickyAddToCart

Expected '>', got 'ident'

Import trace:
  Server Component:
    ./app/(root)/bekleidung/[brand]/[slug]/components/ProductDetails.tsx
    ./app/(root)/bekleidung/[brand]/[slug]/page.tsx @ http://localhost:3000/_next/static/chunks/079ae_next_dist_e4f9772e._.js:3127
[   57321ms] [ERROR] ./app/(root)/bekleidung/[brand]/[slug]/components/ProductDetails.tsx:306:9
Parsing ecmascript source code failed
  304 |           </div>
  305 |         </div>
> 306 |       </div>
      |         ^^^
  307 |
  308 |       {/* ── Sticky add-to-cart bar ──────────────────────── */}
  309 |       <StickyAddToCart

Expected '>', got 'ident'

Import trace:
  Server Component:
    ./app/(root)/bekleidung/[brand]/[slug]/components/ProductDetails.tsx
    ./app/(root)/bekleidung/[brand]/[slug]/page.tsx @ http://localhost:3000/_next/static/chunks/079ae_next_dist_e4f9772e._.js:3127
[   57384ms] [ERROR] ./app/(root)/bekleidung/[brand]/[slug]/components/ProductDetails.tsx:306:9
Parsing ecmascript source code failed
  304 |           </div>
  305 |         </div>
> 306 |       </div>
      |         ^^^
  307 |
  308 |       {/* ── Sticky add-to-cart bar ──────────────────────── */}
  309 |       <StickyAddToCart

Expected '>', got 'ident'

Import trace:
  Server Component:
    ./app/(root)/bekleidung/[brand]/[slug]/components/ProductDetails.tsx
    ./app/(root)/bekleidung/[brand]/[slug]/page.tsx @ http://localhost:3000/_next/static/chunks/079ae_next_dist_e4f9772e._.js:3127
[   57445ms] [ERROR] ./app/(root)/bekleidung/[brand]/[slug]/components/ProductDetails.tsx:306:9
Parsing ecmascript source code failed
  304 |           </div>
  305 |         </div>
> 306 |       </div>
      |         ^^^
  307 |
  308 |       {/* ── Sticky add-to-cart bar ──────────────────────── */}
  309 |       <StickyAddToCart

Expected '>', got 'ident'

Import trace:
  Server Component:
    ./app/(root)/bekleidung/[brand]/[slug]/components/ProductDetails.tsx
    ./app/(root)/bekleidung/[brand]/[slug]/page.tsx @ http://localhost:3000/_next/static/chunks/079ae_next_dist_e4f9772e._.js:3127
[   57508ms] [ERROR] ./app/(root)/bekleidung/[brand]/[slug]/components/ProductDetails.tsx:306:9
Parsing ecmascript source code failed
  304 |           </div>
  305 |         </div>
> 306 |       </div>
      |         ^^^
  307 |
  308 |       {/* ── Sticky add-to-cart bar ──────────────────────── */}
  309 |       <StickyAddToCart

Expected '>', got 'ident'

Import trace:
  Server Component:
    ./app/(root)/bekleidung/[brand]/[slug]/components/ProductDetails.tsx
    ./app/(root)/bekleidung/[brand]/[slug]/page.tsx @ http://localhost:3000/_next/static/chunks/079ae_next_dist_e4f9772e._.js:3127
[   57570ms] [ERROR] ./app/(root)/bekleidung/[brand]/[slug]/components/ProductDetails.tsx:306:9
Parsing ecmascript source code failed
  304 |           </div>
  305 |         </div>
> 306 |       </div>
      |         ^^^
  307 |
  308 |       {/* ── Sticky add-to-cart bar ──────────────────────── */}
  309 |       <StickyAddToCart

Expected '>', got 'ident'

Import trace:
  Server Component:
    ./app/(root)/bekleidung/[brand]/[slug]/components/ProductDetails.tsx
    ./app/(root)/bekleidung/[brand]/[slug]/page.tsx @ http://localhost:3000/_next/static/chunks/079ae_next_dist_e4f9772e._.js:3127
[   57633ms] [ERROR] ./app/(root)/bekleidung/[brand]/[slug]/components/ProductDetails.tsx:306:9
Parsing ecmascript source code failed
  304 |           </div>
  305 |         </div>
> 306 |       </div>
      |         ^^^
  307 |
  308 |       {/* ── Sticky add-to-cart bar ──────────────────────── */}
  309 |       <StickyAddToCart

Expected '>', got 'ident'

Import trace:
  Server Component:
    ./app/(root)/bekleidung/[brand]/[slug]/components/ProductDetails.tsx
    ./app/(root)/bekleidung/[brand]/[slug]/page.tsx @ http://localhost:3000/_next/static/chunks/079ae_next_dist_e4f9772e._.js:3127
[   57695ms] [ERROR] ./app/(root)/bekleidung/[brand]/[slug]/components/ProductDetails.tsx:306:9
Parsing ecmascript source code failed
  304 |           </div>
  305 |         </div>
> 306 |       </div>
      |         ^^^
  307 |
  308 |       {/* ── Sticky add-to-cart bar ──────────────────────── */}
  309 |       <StickyAddToCart

Expected '>', got 'ident'

Import trace:
  Server Component:
    ./app/(root)/bekleidung/[brand]/[slug]/components/ProductDetails.tsx
    ./app/(root)/bekleidung/[brand]/[slug]/page.tsx @ http://localhost:3000/_next/static/chunks/079ae_next_dist_e4f9772e._.js:3127
[   57755ms] [ERROR] ./app/(root)/bekleidung/[brand]/[slug]/components/ProductDetails.tsx:306:9
Parsing ecmascript source code failed
  304 |           </div>
  305 |         </div>
> 306 |       </div>
      |         ^^^
  307 |
  308 |       {/* ── Sticky add-to-cart bar ──────────────────────── */}
  309 |       <StickyAddToCart

Expected '>', got 'ident'

Import trace:
  Server Component:
    ./app/(root)/bekleidung/[brand]/[slug]/components/ProductDetails.tsx
    ./app/(root)/bekleidung/[brand]/[slug]/page.tsx @ http://localhost:3000/_next/static/chunks/079ae_next_dist_e4f9772e._.js:3127
[   57817ms] [ERROR] ./app/(root)/bekleidung/[brand]/[slug]/components/ProductDetails.tsx:306:9
Parsing ecmascript source code failed
  304 |           </div>
  305 |         </div>
> 306 |       </div>
      |         ^^^
  307 |
  308 |       {/* ── Sticky add-to-cart bar ──────────────────────── */}
  309 |       <StickyAddToCart

Expected '>', got 'ident'

Import trace:
  Server Component:
    ./app/(root)/bekleidung/[brand]/[slug]/components/ProductDetails.tsx
    ./app/(root)/bekleidung/[brand]/[slug]/page.tsx @ http://localhost:3000/_next/static/chunks/079ae_next_dist_e4f9772e._.js:3127
[   57879ms] [ERROR] ./app/(root)/bekleidung/[brand]/[slug]/components/ProductDetails.tsx:306:9
Parsing ecmascript source code failed
  304 |           </div>
  305 |         </div>
> 306 |       </div>
      |         ^^^
  307 |
  308 |       {/* ── Sticky add-to-cart bar ──────────────────────── */}
  309 |       <StickyAddToCart

Expected '>', got 'ident'

Import trace:
  Server Component:
    ./app/(root)/bekleidung/[brand]/[slug]/components/ProductDetails.tsx
    ./app/(root)/bekleidung/[brand]/[slug]/page.tsx @ http://localhost:3000/_next/static/chunks/079ae_next_dist_e4f9772e._.js:3127
[   57942ms] [ERROR] ./app/(root)/bekleidung/[brand]/[slug]/components/ProductDetails.tsx:306:9
Parsing ecmascript source code failed
  304 |           </div>
  305 |         </div>
> 306 |       </div>
      |         ^^^
  307 |
  308 |       {/* ── Sticky add-to-cart bar ──────────────────────── */}
  309 |       <StickyAddToCart

Expected '>', got 'ident'

Import trace:
  Server Component:
    ./app/(root)/bekleidung/[brand]/[slug]/components/ProductDetails.tsx
    ./app/(root)/bekleidung/[brand]/[slug]/page.tsx @ http://localhost:3000/_next/static/chunks/079ae_next_dist_e4f9772e._.js:3127
[   58001ms] [ERROR] ./app/(root)/bekleidung/[brand]/[slug]/components/ProductDetails.tsx:306:9
Parsing ecmascript source code failed
  304 |           </div>
  305 |         </div>
> 306 |       </div>
      |         ^^^
  307 |
  308 |       {/* ── Sticky add-to-cart bar ──────────────────────── */}
  309 |       <StickyAddToCart

Expected '>', got 'ident'

Import trace:
  Server Component:
    ./app/(root)/bekleidung/[brand]/[slug]/components/ProductDetails.tsx
    ./app/(root)/bekleidung/[brand]/[slug]/page.tsx @ http://localhost:3000/_next/static/chunks/079ae_next_dist_e4f9772e._.js:3127
[   58063ms] [ERROR] ./app/(root)/bekleidung/[brand]/[slug]/components/ProductDetails.tsx:306:9
Parsing ecmascript source code failed
  304 |           </div>
  305 |         </div>
> 306 |       </div>
      |         ^^^
  307 |
  308 |       {/* ── Sticky add-to-cart bar ──────────────────────── */}
  309 |       <StickyAddToCart

Expected '>', got 'ident'

Import trace:
  Server Component:
    ./app/(root)/bekleidung/[brand]/[slug]/components/ProductDetails.tsx
    ./app/(root)/bekleidung/[brand]/[slug]/page.tsx @ http://localhost:3000/_next/static/chunks/079ae_next_dist_e4f9772e._.js:3127
[   58126ms] [ERROR] ./app/(root)/bekleidung/[brand]/[slug]/components/ProductDetails.tsx:306:9
Parsing ecmascript source code failed
  304 |           </div>
  305 |         </div>
> 306 |       </div>
      |         ^^^
  307 |
  308 |       {/* ── Sticky add-to-cart bar ──────────────────────── */}
  309 |       <StickyAddToCart

Expected '>', got 'ident'

Import trace:
  Server Component:
    ./app/(root)/bekleidung/[brand]/[slug]/components/ProductDetails.tsx
    ./app/(root)/bekleidung/[brand]/[slug]/page.tsx @ http://localhost:3000/_next/static/chunks/079ae_next_dist_e4f9772e._.js:3127
[   58188ms] [ERROR] ./app/(root)/bekleidung/[brand]/[slug]/components/ProductDetails.tsx:306:9
Parsing ecmascript source code failed
  304 |           </div>
  305 |         </div>
> 306 |       </div>
      |         ^^^
  307 |
  308 |       {/* ── Sticky add-to-cart bar ──────────────────────── */}
  309 |       <StickyAddToCart

Expected '>', got 'ident'

Import trace:
  Server Component:
    ./app/(root)/bekleidung/[brand]/[slug]/components/ProductDetails.tsx
    ./app/(root)/bekleidung/[brand]/[slug]/page.tsx @ http://localhost:3000/_next/static/chunks/079ae_next_dist_e4f9772e._.js:3127
[   58250ms] [ERROR] ./app/(root)/bekleidung/[brand]/[slug]/components/ProductDetails.tsx:306:9
Parsing ecmascript source code failed
  304 |           </div>
  305 |         </div>
> 306 |       </div>
      |         ^^^
  307 |
  308 |       {/* ── Sticky add-to-cart bar ──────────────────────── */}
  309 |       <StickyAddToCart

Expected '>', got 'ident'

Import trace:
  Server Component:
    ./app/(root)/bekleidung/[brand]/[slug]/components/ProductDetails.tsx
    ./app/(root)/bekleidung/[brand]/[slug]/page.tsx @ http://localhost:3000/_next/static/chunks/079ae_next_dist_e4f9772e._.js:3127
[   58310ms] [ERROR] ./app/(root)/bekleidung/[brand]/[slug]/components/ProductDetails.tsx:306:9
Parsing ecmascript source code failed
  304 |           </div>
  305 |         </div>
> 306 |       </div>
      |         ^^^
  307 |
  308 |       {/* ── Sticky add-to-cart bar ──────────────────────── */}
  309 |       <StickyAddToCart

Expected '>', got 'ident'

Import trace:
  Server Component:
    ./app/(root)/bekleidung/[brand]/[slug]/components/ProductDetails.tsx
    ./app/(root)/bekleidung/[brand]/[slug]/page.tsx @ http://localhost:3000/_next/static/chunks/079ae_next_dist_e4f9772e._.js:3127
[   58373ms] [ERROR] ./app/(root)/bekleidung/[brand]/[slug]/components/ProductDetails.tsx:306:9
Parsing ecmascript source code failed
  304 |           </div>
  305 |         </div>
> 306 |       </div>
      |         ^^^
  307 |
  308 |       {/* ── Sticky add-to-cart bar ──────────────────────── */}
  309 |       <StickyAddToCart

Expected '>', got 'ident'

Import trace:
  Server Component:
    ./app/(root)/bekleidung/[brand]/[slug]/components/ProductDetails.tsx
    ./app/(root)/bekleidung/[brand]/[slug]/page.tsx @ http://localhost:3000/_next/static/chunks/079ae_next_dist_e4f9772e._.js:3127
[   58436ms] [ERROR] ./app/(root)/bekleidung/[brand]/[slug]/components/ProductDetails.tsx:306:9
Parsing ecmascript source code failed
  304 |           </div>
  305 |         </div>
> 306 |       </div>
      |         ^^^
  307 |
  308 |       {/* ── Sticky add-to-cart bar ──────────────────────── */}
  309 |       <StickyAddToCart

Expected '>', got 'ident'

Import trace:
  Server Component:
    ./app/(root)/bekleidung/[brand]/[slug]/components/ProductDetails.tsx
    ./app/(root)/bekleidung/[brand]/[slug]/page.tsx @ http://localhost:3000/_next/static/chunks/079ae_next_dist_e4f9772e._.js:3127
[   58499ms] [ERROR] ./app/(root)/bekleidung/[brand]/[slug]/components/ProductDetails.tsx:306:9
Parsing ecmascript source code failed
  304 |           </div>
  305 |         </div>
> 306 |       </div>
      |         ^^^
  307 |
  308 |       {/* ── Sticky add-to-cart bar ──────────────────────── */}
  309 |       <StickyAddToCart

Expected '>', got 'ident'

Import trace:
  Server Component:
    ./app/(root)/bekleidung/[brand]/[slug]/components/ProductDetails.tsx
    ./app/(root)/bekleidung/[brand]/[slug]/page.tsx @ http://localhost:3000/_next/static/chunks/079ae_next_dist_e4f9772e._.js:3127
[   58562ms] [ERROR] ./app/(root)/bekleidung/[brand]/[slug]/components/ProductDetails.tsx:306:9
Parsing ecmascript source code failed
  304 |           </div>
  305 |         </div>
> 306 |       </div>
      |         ^^^
  307 |
  308 |       {/* ── Sticky add-to-cart bar ──────────────────────── */}
  309 |       <StickyAddToCart

Expected '>', got 'ident'

Import trace:
  Server Component:
    ./app/(root)/bekleidung/[brand]/[slug]/components/ProductDetails.tsx
    ./app/(root)/bekleidung/[brand]/[slug]/page.tsx @ http://localhost:3000/_next/static/chunks/079ae_next_dist_e4f9772e._.js:3127
[   58624ms] [ERROR] ./app/(root)/bekleidung/[brand]/[slug]/components/ProductDetails.tsx:306:9
Parsing ecmascript source code failed
  304 |           </div>
  305 |         </div>
> 306 |       </div>
      |         ^^^
  307 |
  308 |       {/* ── Sticky add-to-cart bar ──────────────────────── */}
  309 |       <StickyAddToCart

Expected '>', got 'ident'

Import trace:
  Server Component:
    ./app/(root)/bekleidung/[brand]/[slug]/components/ProductDetails.tsx
    ./app/(root)/bekleidung/[brand]/[slug]/page.tsx @ http://localhost:3000/_next/static/chunks/079ae_next_dist_e4f9772e._.js:3127
[   58685ms] [ERROR] ./app/(root)/bekleidung/[brand]/[slug]/components/ProductDetails.tsx:306:9
Parsing ecmascript source code failed
  304 |           </div>
  305 |         </div>
> 306 |       </div>
      |         ^^^
  307 |
  308 |       {/* ── Sticky add-to-cart bar ──────────────────────── */}
  309 |       <StickyAddToCart

Expected '>', got 'ident'

Import trace:
  Server Component:
    ./app/(root)/bekleidung/[brand]/[slug]/components/ProductDetails.tsx
    ./app/(root)/bekleidung/[brand]/[slug]/page.tsx @ http://localhost:3000/_next/static/chunks/079ae_next_dist_e4f9772e._.js:3127
[   58750ms] [ERROR] ./app/(root)/bekleidung/[brand]/[slug]/components/ProductDetails.tsx:306:9
Parsing ecmascript source code failed
  304 |           </div>
  305 |         </div>
> 306 |       </div>
      |         ^^^
  307 |
  308 |       {/* ── Sticky add-to-cart bar ──────────────────────── */}
  309 |       <StickyAddToCart

Expected '>', got 'ident'

Import trace:
  Server Component:
    ./app/(root)/bekleidung/[brand]/[slug]/components/ProductDetails.tsx
    ./app/(root)/bekleidung/[brand]/[slug]/page.tsx @ http://localhost:3000/_next/static/chunks/079ae_next_dist_e4f9772e._.js:3127
[   58810ms] [ERROR] ./app/(root)/bekleidung/[brand]/[slug]/components/ProductDetails.tsx:306:9
Parsing ecmascript source code failed
  304 |           </div>
  305 |         </div>
> 306 |       </div>
      |         ^^^
  307 |
  308 |       {/* ── Sticky add-to-cart bar ──────────────────────── */}
  309 |       <StickyAddToCart

Expected '>', got 'ident'

Import trace:
  Server Component:
    ./app/(root)/bekleidung/[brand]/[slug]/components/ProductDetails.tsx
    ./app/(root)/bekleidung/[brand]/[slug]/page.tsx @ http://localhost:3000/_next/static/chunks/079ae_next_dist_e4f9772e._.js:3127
[   58870ms] [ERROR] ./app/(root)/bekleidung/[brand]/[slug]/components/ProductDetails.tsx:306:9
Parsing ecmascript source code failed
  304 |           </div>
  305 |         </div>
> 306 |       </div>
      |         ^^^
  307 |
  308 |       {/* ── Sticky add-to-cart bar ──────────────────────── */}
  309 |       <StickyAddToCart

Expected '>', got 'ident'

Import trace:
  Server Component:
    ./app/(root)/bekleidung/[brand]/[slug]/components/ProductDetails.tsx
    ./app/(root)/bekleidung/[brand]/[slug]/page.tsx @ http://localhost:3000/_next/static/chunks/079ae_next_dist_e4f9772e._.js:3127
[   58932ms] [ERROR] ./app/(root)/bekleidung/[brand]/[slug]/components/ProductDetails.tsx:306:9
Parsing ecmascript source code failed
  304 |           </div>
  305 |         </div>
> 306 |       </div>
      |         ^^^
  307 |
  308 |       {/* ── Sticky add-to-cart bar ──────────────────────── */}
  309 |       <StickyAddToCart

Expected '>', got 'ident'

Import trace:
  Server Component:
    ./app/(root)/bekleidung/[brand]/[slug]/components/ProductDetails.tsx
    ./app/(root)/bekleidung/[brand]/[slug]/page.tsx @ http://localhost:3000/_next/static/chunks/079ae_next_dist_e4f9772e._.js:3127
[   58994ms] [ERROR] ./app/(root)/bekleidung/[brand]/[slug]/components/ProductDetails.tsx:306:9
Parsing ecmascript source code failed
  304 |           </div>
  305 |         </div>
> 306 |       </div>
      |         ^^^
  307 |
  308 |       {/* ── Sticky add-to-cart bar ──────────────────────── */}
  309 |       <StickyAddToCart

Expected '>', got 'ident'

Import trace:
  Server Component:
    ./app/(root)/bekleidung/[brand]/[slug]/components/ProductDetails.tsx
    ./app/(root)/bekleidung/[brand]/[slug]/page.tsx @ http://localhost:3000/_next/static/chunks/079ae_next_dist_e4f9772e._.js:3127
[   59056ms] [ERROR] ./app/(root)/bekleidung/[brand]/[slug]/components/ProductDetails.tsx:306:9
Parsing ecmascript source code failed
  304 |           </div>
  305 |         </div>
> 306 |       </div>
      |         ^^^
  307 |
  308 |       {/* ── Sticky add-to-cart bar ──────────────────────── */}
  309 |       <StickyAddToCart

Expected '>', got 'ident'

Import trace:
  Server Component:
    ./app/(root)/bekleidung/[brand]/[slug]/components/ProductDetails.tsx
    ./app/(root)/bekleidung/[brand]/[slug]/page.tsx @ http://localhost:3000/_next/static/chunks/079ae_next_dist_e4f9772e._.js:3127
[   59121ms] [ERROR] ./app/(root)/bekleidung/[brand]/[slug]/components/ProductDetails.tsx:306:9
Parsing ecmascript source code failed
  304 |           </div>
  305 |         </div>
> 306 |       </div>
      |         ^^^
  307 |
  308 |       {/* ── Sticky add-to-cart bar ──────────────────────── */}
  309 |       <StickyAddToCart

Expected '>', got 'ident'

Import trace:
  Server Component:
    ./app/(root)/bekleidung/[brand]/[slug]/components/ProductDetails.tsx
    ./app/(root)/bekleidung/[brand]/[slug]/page.tsx @ http://localhost:3000/_next/static/chunks/079ae_next_dist_e4f9772e._.js:3127
[   59182ms] [ERROR] ./app/(root)/bekleidung/[brand]/[slug]/components/ProductDetails.tsx:306:9
Parsing ecmascript source code failed
  304 |           </div>
  305 |         </div>
> 306 |       </div>
      |         ^^^
  307 |
  308 |       {/* ── Sticky add-to-cart bar ──────────────────────── */}
  309 |       <StickyAddToCart

Expected '>', got 'ident'

Import trace:
  Server Component:
    ./app/(root)/bekleidung/[brand]/[slug]/components/ProductDetails.tsx
    ./app/(root)/bekleidung/[brand]/[slug]/page.tsx @ http://localhost:3000/_next/static/chunks/079ae_next_dist_e4f9772e._.js:3127
[   59244ms] [ERROR] ./app/(root)/bekleidung/[brand]/[slug]/components/ProductDetails.tsx:306:9
Parsing ecmascript source code failed
  304 |           </div>
  305 |         </div>
> 306 |       </div>
      |         ^^^
  307 |
  308 |       {/* ── Sticky add-to-cart bar ──────────────────────── */}
  309 |       <StickyAddToCart

Expected '>', got 'ident'

Import trace:
  Server Component:
    ./app/(root)/bekleidung/[brand]/[slug]/components/ProductDetails.tsx
    ./app/(root)/bekleidung/[brand]/[slug]/page.tsx @ http://localhost:3000/_next/static/chunks/079ae_next_dist_e4f9772e._.js:3127
[   59308ms] [ERROR] ./app/(root)/bekleidung/[brand]/[slug]/components/ProductDetails.tsx:306:9
Parsing ecmascript source code failed
  304 |           </div>
  305 |         </div>
> 306 |       </div>
      |         ^^^
  307 |
  308 |       {/* ── Sticky add-to-cart bar ──────────────────────── */}
  309 |       <StickyAddToCart

Expected '>', got 'ident'

Import trace:
  Server Component:
    ./app/(root)/bekleidung/[brand]/[slug]/components/ProductDetails.tsx
    ./app/(root)/bekleidung/[brand]/[slug]/page.tsx @ http://localhost:3000/_next/static/chunks/079ae_next_dist_e4f9772e._.js:3127
[   59371ms] [ERROR] ./app/(root)/bekleidung/[brand]/[slug]/components/ProductDetails.tsx:306:9
Parsing ecmascript source code failed
  304 |           </div>
  305 |         </div>
> 306 |       </div>
      |         ^^^
  307 |
  308 |       {/* ── Sticky add-to-cart bar ──────────────────────── */}
  309 |       <StickyAddToCart

Expected '>', got 'ident'

Import trace:
  Server Component:
    ./app/(root)/bekleidung/[brand]/[slug]/components/ProductDetails.tsx
    ./app/(root)/bekleidung/[brand]/[slug]/page.tsx @ http://localhost:3000/_next/static/chunks/079ae_next_dist_e4f9772e._.js:3127
[   59433ms] [ERROR] ./app/(root)/bekleidung/[brand]/[slug]/components/ProductDetails.tsx:306:9
Parsing ecmascript source code failed
  304 |           </div>
  305 |         </div>
> 306 |       </div>
      |         ^^^
  307 |
  308 |       {/* ── Sticky add-to-cart bar ──────────────────────── */}
  309 |       <StickyAddToCart

Expected '>', got 'ident'

Import trace:
  Server Component:
    ./app/(root)/bekleidung/[brand]/[slug]/components/ProductDetails.tsx
    ./app/(root)/bekleidung/[brand]/[slug]/page.tsx @ http://localhost:3000/_next/static/chunks/079ae_next_dist_e4f9772e._.js:3127
[   59497ms] [ERROR] ./app/(root)/bekleidung/[brand]/[slug]/components/ProductDetails.tsx:306:9
Parsing ecmascript source code failed
  304 |           </div>
  305 |         </div>
> 306 |       </div>
      |         ^^^
  307 |
  308 |       {/* ── Sticky add-to-cart bar ──────────────────────── */}
  309 |       <StickyAddToCart

Expected '>', got 'ident'

Import trace:
  Server Component:
    ./app/(root)/bekleidung/[brand]/[slug]/components/ProductDetails.tsx
    ./app/(root)/bekleidung/[brand]/[slug]/page.tsx @ http://localhost:3000/_next/static/chunks/079ae_next_dist_e4f9772e._.js:3127
[   59559ms] [ERROR] ./app/(root)/bekleidung/[brand]/[slug]/components/ProductDetails.tsx:306:9
Parsing ecmascript source code failed
  304 |           </div>
  305 |         </div>
> 306 |       </div>
      |         ^^^
  307 |
  308 |       {/* ── Sticky add-to-cart bar ──────────────────────── */}
  309 |       <StickyAddToCart

Expected '>', got 'ident'

Import trace:
  Server Component:
    ./app/(root)/bekleidung/[brand]/[slug]/components/ProductDetails.tsx
    ./app/(root)/bekleidung/[brand]/[slug]/page.tsx @ http://localhost:3000/_next/static/chunks/079ae_next_dist_e4f9772e._.js:3127
[   59624ms] [ERROR] ./app/(root)/bekleidung/[brand]/[slug]/components/ProductDetails.tsx:306:9
Parsing ecmascript source code failed
  304 |           </div>
  305 |         </div>
> 306 |       </div>
      |         ^^^
  307 |
  308 |       {/* ── Sticky add-to-cart bar ──────────────────────── */}
  309 |       <StickyAddToCart

Expected '>', got 'ident'

Import trace:
  Server Component:
    ./app/(root)/bekleidung/[brand]/[slug]/components/ProductDetails.tsx
    ./app/(root)/bekleidung/[brand]/[slug]/page.tsx @ http://localhost:3000/_next/static/chunks/079ae_next_dist_e4f9772e._.js:3127
[   59688ms] [ERROR] ./app/(root)/bekleidung/[brand]/[slug]/components/ProductDetails.tsx:306:9
Parsing ecmascript source code failed
  304 |           </div>
  305 |         </div>
> 306 |       </div>
      |         ^^^
  307 |
  308 |       {/* ── Sticky add-to-cart bar ──────────────────────── */}
  309 |       <StickyAddToCart

Expected '>', got 'ident'

Import trace:
  Server Component:
    ./app/(root)/bekleidung/[brand]/[slug]/components/ProductDetails.tsx
    ./app/(root)/bekleidung/[brand]/[slug]/page.tsx @ http://localhost:3000/_next/static/chunks/079ae_next_dist_e4f9772e._.js:3127
[   59750ms] [ERROR] ./app/(root)/bekleidung/[brand]/[slug]/components/ProductDetails.tsx:306:9
Parsing ecmascript source code failed
  304 |           </div>
  305 |         </div>
> 306 |       </div>
      |         ^^^
  307 |
  308 |       {/* ── Sticky add-to-cart bar ──────────────────────── */}
  309 |       <StickyAddToCart

Expected '>', got 'ident'

Import trace:
  Server Component:
    ./app/(root)/bekleidung/[brand]/[slug]/components/ProductDetails.tsx
    ./app/(root)/bekleidung/[brand]/[slug]/page.tsx @ http://localhost:3000/_next/static/chunks/079ae_next_dist_e4f9772e._.js:3127
[   59811ms] [ERROR] ./app/(root)/bekleidung/[brand]/[slug]/components/ProductDetails.tsx:306:9
Parsing ecmascript source code failed
  304 |           </div>
  305 |         </div>
> 306 |       </div>
      |         ^^^
  307 |
  308 |       {/* ── Sticky add-to-cart bar ──────────────────────── */}
  309 |       <StickyAddToCart

Expected '>', got 'ident'

Import trace:
  Server Component:
    ./app/(root)/bekleidung/[brand]/[slug]/components/ProductDetails.tsx
    ./app/(root)/bekleidung/[brand]/[slug]/page.tsx @ http://localhost:3000/_next/static/chunks/079ae_next_dist_e4f9772e._.js:3127
[   59873ms] [ERROR] ./app/(root)/bekleidung/[brand]/[slug]/components/ProductDetails.tsx:306:9
Parsing ecmascript source code failed
  304 |           </div>
  305 |         </div>
> 306 |       </div>
      |         ^^^
  307 |
  308 |       {/* ── Sticky add-to-cart bar ──────────────────────── */}
  309 |       <StickyAddToCart

Expected '>', got 'ident'

Import trace:
  Server Component:
    ./app/(root)/bekleidung/[brand]/[slug]/components/ProductDetails.tsx
    ./app/(root)/bekleidung/[brand]/[slug]/page.tsx @ http://localhost:3000/_next/static/chunks/079ae_next_dist_e4f9772e._.js:3127
[   59935ms] [ERROR] ./app/(root)/bekleidung/[brand]/[slug]/components/ProductDetails.tsx:306:9
Parsing ecmascript source code failed
  304 |           </div>
  305 |         </div>
> 306 |       </div>
      |         ^^^
  307 |
  308 |       {/* ── Sticky add-to-cart bar ──────────────────────── */}
  309 |       <StickyAddToCart

Expected '>', got 'ident'

Import trace:
  Server Component:
    ./app/(root)/bekleidung/[brand]/[slug]/components/ProductDetails.tsx
    ./app/(root)/bekleidung/[brand]/[slug]/page.tsx @ http://localhost:3000/_next/static/chunks/079ae_next_dist_e4f9772e._.js:3127
[   59998ms] [ERROR] ./app/(root)/bekleidung/[brand]/[slug]/components/ProductDetails.tsx:306:9
Parsing ecmascript source code failed
  304 |           </div>
  305 |         </div>
> 306 |       </div>
      |         ^^^
  307 |
  308 |       {/* ── Sticky add-to-cart bar ──────────────────────── */}
  309 |       <StickyAddToCart

Expected '>', got 'ident'

Import trace:
  Server Component:
    ./app/(root)/bekleidung/[brand]/[slug]/components/ProductDetails.tsx
    ./app/(root)/bekleidung/[brand]/[slug]/page.tsx @ http://localhost:3000/_next/static/chunks/079ae_next_dist_e4f9772e._.js:3127
[   60061ms] [ERROR] ./app/(root)/bekleidung/[brand]/[slug]/components/ProductDetails.tsx:306:9
Parsing ecmascript source code failed
  304 |           </div>
  305 |         </div>
> 306 |       </div>
      |         ^^^
  307 |
  308 |       {/* ── Sticky add-to-cart bar ──────────────────────── */}
  309 |       <StickyAddToCart

Expected '>', got 'ident'

Import trace:
  Server Component:
    ./app/(root)/bekleidung/[brand]/[slug]/components/ProductDetails.tsx
    ./app/(root)/bekleidung/[brand]/[slug]/page.tsx @ http://localhost:3000/_next/static/chunks/079ae_next_dist_e4f9772e._.js:3127
[   60122ms] [ERROR] ./app/(root)/bekleidung/[brand]/[slug]/components/ProductDetails.tsx:306:9
Parsing ecmascript source code failed
  304 |           </div>
  305 |         </div>
> 306 |       </div>
      |         ^^^
  307 |
  308 |       {/* ── Sticky add-to-cart bar ──────────────────────── */}
  309 |       <StickyAddToCart

Expected '>', got 'ident'

Import trace:
  Server Component:
    ./app/(root)/bekleidung/[brand]/[slug]/components/ProductDetails.tsx
    ./app/(root)/bekleidung/[brand]/[slug]/page.tsx @ http://localhost:3000/_next/static/chunks/079ae_next_dist_e4f9772e._.js:3127
[   60187ms] [ERROR] ./app/(root)/bekleidung/[brand]/[slug]/components/ProductDetails.tsx:306:9
Parsing ecmascript source code failed
  304 |           </div>
  305 |         </div>
> 306 |       </div>
      |         ^^^
  307 |
  308 |       {/* ── Sticky add-to-cart bar ──────────────────────── */}
  309 |       <StickyAddToCart

Expected '>', got 'ident'

Import trace:
  Server Component:
    ./app/(root)/bekleidung/[brand]/[slug]/components/ProductDetails.tsx
    ./app/(root)/bekleidung/[brand]/[slug]/page.tsx @ http://localhost:3000/_next/static/chunks/079ae_next_dist_e4f9772e._.js:3127
[   60265ms] [ERROR] ./app/(root)/bekleidung/[brand]/[slug]/components/ProductDetails.tsx:306:9
Parsing ecmascript source code failed
  304 |           </div>
  305 |         </div>
> 306 |       </div>
      |         ^^^
  307 |
  308 |       {/* ── Sticky add-to-cart bar ──────────────────────── */}
  309 |       <StickyAddToCart

Expected '>', got 'ident'

Import trace:
  Server Component:
    ./app/(root)/bekleidung/[brand]/[slug]/components/ProductDetails.tsx
    ./app/(root)/bekleidung/[brand]/[slug]/page.tsx @ http://localhost:3000/_next/static/chunks/079ae_next_dist_e4f9772e._.js:3127
[   60326ms] [ERROR] ./app/(root)/bekleidung/[brand]/[slug]/components/ProductDetails.tsx:306:9
Parsing ecmascript source code failed
  304 |           </div>
  305 |         </div>
> 306 |       </div>
      |         ^^^
  307 |
  308 |       {/* ── Sticky add-to-cart bar ──────────────────────── */}
  309 |       <StickyAddToCart

Expected '>', got 'ident'

Import trace:
  Server Component:
    ./app/(root)/bekleidung/[brand]/[slug]/components/ProductDetails.tsx
    ./app/(root)/bekleidung/[brand]/[slug]/page.tsx @ http://localhost:3000/_next/static/chunks/079ae_next_dist_e4f9772e._.js:3127
[   60389ms] [ERROR] ./app/(root)/bekleidung/[brand]/[slug]/components/ProductDetails.tsx:306:9
Parsing ecmascript source code failed
  304 |           </div>
  305 |         </div>
> 306 |       </div>
      |         ^^^
  307 |
  308 |       {/* ── Sticky add-to-cart bar ──────────────────────── */}
  309 |       <StickyAddToCart

Expected '>', got 'ident'

Import trace:
  Server Component:
    ./app/(root)/bekleidung/[brand]/[slug]/components/ProductDetails.tsx
    ./app/(root)/bekleidung/[brand]/[slug]/page.tsx @ http://localhost:3000/_next/static/chunks/079ae_next_dist_e4f9772e._.js:3127
[   60465ms] [ERROR] ./app/(root)/bekleidung/[brand]/[slug]/components/ProductDetails.tsx:306:9
Parsing ecmascript source code failed
  304 |           </div>
  305 |         </div>
> 306 |       </div>
      |         ^^^
  307 |
  308 |       {/* ── Sticky add-to-cart bar ──────────────────────── */}
  309 |       <StickyAddToCart

Expected '>', got 'ident'

Import trace:
  Server Component:
    ./app/(root)/bekleidung/[brand]/[slug]/components/ProductDetails.tsx
    ./app/(root)/bekleidung/[brand]/[slug]/page.tsx @ http://localhost:3000/_next/static/chunks/079ae_next_dist_e4f9772e._.js:3127
[   60528ms] [ERROR] ./app/(root)/bekleidung/[brand]/[slug]/components/ProductDetails.tsx:306:9
Parsing ecmascript source code failed
  304 |           </div>
  305 |         </div>
> 306 |       </div>
      |         ^^^
  307 |
  308 |       {/* ── Sticky add-to-cart bar ──────────────────────── */}
  309 |       <StickyAddToCart

Expected '>', got 'ident'

Import trace:
  Server Component:
    ./app/(root)/bekleidung/[brand]/[slug]/components/ProductDetails.tsx
    ./app/(root)/bekleidung/[brand]/[slug]/page.tsx @ http://localhost:3000/_next/static/chunks/079ae_next_dist_e4f9772e._.js:3127
[   60590ms] [ERROR] ./app/(root)/bekleidung/[brand]/[slug]/components/ProductDetails.tsx:306:9
Parsing ecmascript source code failed
  304 |           </div>
  305 |         </div>
> 306 |       </div>
      |         ^^^
  307 |
  308 |       {/* ── Sticky add-to-cart bar ──────────────────────── */}
  309 |       <StickyAddToCart

Expected '>', got 'ident'

Import trace:
  Server Component:
    ./app/(root)/bekleidung/[brand]/[slug]/components/ProductDetails.tsx
    ./app/(root)/bekleidung/[brand]/[slug]/page.tsx @ http://localhost:3000/_next/static/chunks/079ae_next_dist_e4f9772e._.js:3127
[   60652ms] [ERROR] ./app/(root)/bekleidung/[brand]/[slug]/components/ProductDetails.tsx:306:9
Parsing ecmascript source code failed
  304 |           </div>
  305 |         </div>
> 306 |       </div>
      |         ^^^
  307 |
  308 |       {/* ── Sticky add-to-cart bar ──────────────────────── */}
  309 |       <StickyAddToCart

Expected '>', got 'ident'

Import trace:
  Server Component:
    ./app/(root)/bekleidung/[brand]/[slug]/components/ProductDetails.tsx
    ./app/(root)/bekleidung/[brand]/[slug]/page.tsx @ http://localhost:3000/_next/static/chunks/079ae_next_dist_e4f9772e._.js:3127
[   60713ms] [ERROR] ./app/(root)/bekleidung/[brand]/[slug]/components/ProductDetails.tsx:306:9
Parsing ecmascript source code failed
  304 |           </div>
  305 |         </div>
> 306 |       </div>
      |         ^^^
  307 |
  308 |       {/* ── Sticky add-to-cart bar ──────────────────────── */}
  309 |       <StickyAddToCart

Expected '>', got 'ident'

Import trace:
  Server Component:
    ./app/(root)/bekleidung/[brand]/[slug]/components/ProductDetails.tsx
    ./app/(root)/bekleidung/[brand]/[slug]/page.tsx @ http://localhost:3000/_next/static/chunks/079ae_next_dist_e4f9772e._.js:3127
[   60774ms] [ERROR] ./app/(root)/bekleidung/[brand]/[slug]/components/ProductDetails.tsx:306:9
Parsing ecmascript source code failed
  304 |           </div>
  305 |         </div>
> 306 |       </div>
      |         ^^^
  307 |
  308 |       {/* ── Sticky add-to-cart bar ──────────────────────── */}
  309 |       <StickyAddToCart

Expected '>', got 'ident'

Import trace:
  Server Component:
    ./app/(root)/bekleidung/[brand]/[slug]/components/ProductDetails.tsx
    ./app/(root)/bekleidung/[brand]/[slug]/page.tsx @ http://localhost:3000/_next/static/chunks/079ae_next_dist_e4f9772e._.js:3127
[   60837ms] [ERROR] ./app/(root)/bekleidung/[brand]/[slug]/components/ProductDetails.tsx:306:9
Parsing ecmascript source code failed
  304 |           </div>
  305 |         </div>
> 306 |       </div>
      |         ^^^
  307 |
  308 |       {/* ── Sticky add-to-cart bar ──────────────────────── */}
  309 |       <StickyAddToCart

Expected '>', got 'ident'

Import trace:
  Server Component:
    ./app/(root)/bekleidung/[brand]/[slug]/components/ProductDetails.tsx
    ./app/(root)/bekleidung/[brand]/[slug]/page.tsx @ http://localhost:3000/_next/static/chunks/079ae_next_dist_e4f9772e._.js:3127
[   60896ms] [ERROR] ./app/(root)/bekleidung/[brand]/[slug]/components/ProductDetails.tsx:306:9
Parsing ecmascript source code failed
  304 |           </div>
  305 |         </div>
> 306 |       </div>
      |         ^^^
  307 |
  308 |       {/* ── Sticky add-to-cart bar ──────────────────────── */}
  309 |       <StickyAddToCart

Expected '>', got 'ident'

Import trace:
  Server Component:
    ./app/(root)/bekleidung/[brand]/[slug]/components/ProductDetails.tsx
    ./app/(root)/bekleidung/[brand]/[slug]/page.tsx @ http://localhost:3000/_next/static/chunks/079ae_next_dist_e4f9772e._.js:3127
[   60960ms] [ERROR] ./app/(root)/bekleidung/[brand]/[slug]/components/ProductDetails.tsx:306:9
Parsing ecmascript source code failed
  304 |           </div>
  305 |         </div>
> 306 |       </div>
      |         ^^^
  307 |
  308 |       {/* ── Sticky add-to-cart bar ──────────────────────── */}
  309 |       <StickyAddToCart

Expected '>', got 'ident'

Import trace:
  Server Component:
    ./app/(root)/bekleidung/[brand]/[slug]/components/ProductDetails.tsx
    ./app/(root)/bekleidung/[brand]/[slug]/page.tsx @ http://localhost:3000/_next/static/chunks/079ae_next_dist_e4f9772e._.js:3127
[   61021ms] [ERROR] ./app/(root)/bekleidung/[brand]/[slug]/components/ProductDetails.tsx:306:9
Parsing ecmascript source code failed
  304 |           </div>
  305 |         </div>
> 306 |       </div>
      |         ^^^
  307 |
  308 |       {/* ── Sticky add-to-cart bar ──────────────────────── */}
  309 |       <StickyAddToCart

Expected '>', got 'ident'

Import trace:
  Server Component:
    ./app/(root)/bekleidung/[brand]/[slug]/components/ProductDetails.tsx
    ./app/(root)/bekleidung/[brand]/[slug]/page.tsx @ http://localhost:3000/_next/static/chunks/079ae_next_dist_e4f9772e._.js:3127
[   61084ms] [ERROR] ./app/(root)/bekleidung/[brand]/[slug]/components/ProductDetails.tsx:306:9
Parsing ecmascript source code failed
  304 |           </div>
  305 |         </div>
> 306 |       </div>
      |         ^^^
  307 |
  308 |       {/* ── Sticky add-to-cart bar ──────────────────────── */}
  309 |       <StickyAddToCart

Expected '>', got 'ident'

Import trace:
  Server Component:
    ./app/(root)/bekleidung/[brand]/[slug]/components/ProductDetails.tsx
    ./app/(root)/bekleidung/[brand]/[slug]/page.tsx @ http://localhost:3000/_next/static/chunks/079ae_next_dist_e4f9772e._.js:3127
[   61146ms] [ERROR] ./app/(root)/bekleidung/[brand]/[slug]/components/ProductDetails.tsx:306:9
Parsing ecmascript source code failed
  304 |           </div>
  305 |         </div>
> 306 |       </div>
      |         ^^^
  307 |
  308 |       {/* ── Sticky add-to-cart bar ──────────────────────── */}
  309 |       <StickyAddToCart

Expected '>', got 'ident'

Import trace:
  Server Component:
    ./app/(root)/bekleidung/[brand]/[slug]/components/ProductDetails.tsx
    ./app/(root)/bekleidung/[brand]/[slug]/page.tsx @ http://localhost:3000/_next/static/chunks/079ae_next_dist_e4f9772e._.js:3127
[   61206ms] [ERROR] ./app/(root)/bekleidung/[brand]/[slug]/components/ProductDetails.tsx:306:9
Parsing ecmascript source code failed
  304 |           </div>
  305 |         </div>
> 306 |       </div>
      |         ^^^
  307 |
  308 |       {/* ── Sticky add-to-cart bar ──────────────────────── */}
  309 |       <StickyAddToCart

Expected '>', got 'ident'

Import trace:
  Server Component:
    ./app/(root)/bekleidung/[brand]/[slug]/components/ProductDetails.tsx
    ./app/(root)/bekleidung/[brand]/[slug]/page.tsx @ http://localhost:3000/_next/static/chunks/079ae_next_dist_e4f9772e._.js:3127
[   61268ms] [ERROR] ./app/(root)/bekleidung/[brand]/[slug]/components/ProductDetails.tsx:306:9
Parsing ecmascript source code failed
  304 |           </div>
  305 |         </div>
> 306 |       </div>
      |         ^^^
  307 |
  308 |       {/* ── Sticky add-to-cart bar ──────────────────────── */}
  309 |       <StickyAddToCart

Expected '>', got 'ident'

Import trace:
  Server Component:
    ./app/(root)/bekleidung/[brand]/[slug]/components/ProductDetails.tsx
    ./app/(root)/bekleidung/[brand]/[slug]/page.tsx @ http://localhost:3000/_next/static/chunks/079ae_next_dist_e4f9772e._.js:3127
[   61328ms] [ERROR] ./app/(root)/bekleidung/[brand]/[slug]/components/ProductDetails.tsx:306:9
Parsing ecmascript source code failed
  304 |           </div>
  305 |         </div>
> 306 |       </div>
      |         ^^^
  307 |
  308 |       {/* ── Sticky add-to-cart bar ──────────────────────── */}
  309 |       <StickyAddToCart

Expected '>', got 'ident'

Import trace:
  Server Component:
    ./app/(root)/bekleidung/[brand]/[slug]/components/ProductDetails.tsx
    ./app/(root)/bekleidung/[brand]/[slug]/page.tsx @ http://localhost:3000/_next/static/chunks/079ae_next_dist_e4f9772e._.js:3127
[   61392ms] [ERROR] ./app/(root)/bekleidung/[brand]/[slug]/components/ProductDetails.tsx:306:9
Parsing ecmascript source code failed
  304 |           </div>
  305 |         </div>
> 306 |       </div>
      |         ^^^
  307 |
  308 |       {/* ── Sticky add-to-cart bar ──────────────────────── */}
  309 |       <StickyAddToCart

Expected '>', got 'ident'

Import trace:
  Server Component:
    ./app/(root)/bekleidung/[brand]/[slug]/components/ProductDetails.tsx
    ./app/(root)/bekleidung/[brand]/[slug]/page.tsx @ http://localhost:3000/_next/static/chunks/079ae_next_dist_e4f9772e._.js:3127
[   61454ms] [ERROR] ./app/(root)/bekleidung/[brand]/[slug]/components/ProductDetails.tsx:306:9
Parsing ecmascript source code failed
  304 |           </div>
  305 |         </div>
> 306 |       </div>
      |         ^^^
  307 |
  308 |       {/* ── Sticky add-to-cart bar ──────────────────────── */}
  309 |       <StickyAddToCart

Expected '>', got 'ident'

Import trace:
  Server Component:
    ./app/(root)/bekleidung/[brand]/[slug]/components/ProductDetails.tsx
    ./app/(root)/bekleidung/[brand]/[slug]/page.tsx @ http://localhost:3000/_next/static/chunks/079ae_next_dist_e4f9772e._.js:3127
[   61517ms] [ERROR] ./app/(root)/bekleidung/[brand]/[slug]/components/ProductDetails.tsx:306:9
Parsing ecmascript source code failed
  304 |           </div>
  305 |         </div>
> 306 |       </div>
      |         ^^^
  307 |
  308 |       {/* ── Sticky add-to-cart bar ──────────────────────── */}
  309 |       <StickyAddToCart

Expected '>', got 'ident'

Import trace:
  Server Component:
    ./app/(root)/bekleidung/[brand]/[slug]/components/ProductDetails.tsx
    ./app/(root)/bekleidung/[brand]/[slug]/page.tsx @ http://localhost:3000/_next/static/chunks/079ae_next_dist_e4f9772e._.js:3127
[   61578ms] [ERROR] ./app/(root)/bekleidung/[brand]/[slug]/components/ProductDetails.tsx:306:9
Parsing ecmascript source code failed
  304 |           </div>
  305 |         </div>
> 306 |       </div>
      |         ^^^
  307 |
  308 |       {/* ── Sticky add-to-cart bar ──────────────────────── */}
  309 |       <StickyAddToCart

Expected '>', got 'ident'

Import trace:
  Server Component:
    ./app/(root)/bekleidung/[brand]/[slug]/components/ProductDetails.tsx
    ./app/(root)/bekleidung/[brand]/[slug]/page.tsx @ http://localhost:3000/_next/static/chunks/079ae_next_dist_e4f9772e._.js:3127
[   61640ms] [ERROR] ./app/(root)/bekleidung/[brand]/[slug]/components/ProductDetails.tsx:306:9
Parsing ecmascript source code failed
  304 |           </div>
  305 |         </div>
> 306 |       </div>
      |         ^^^
  307 |
  308 |       {/* ── Sticky add-to-cart bar ──────────────────────── */}
  309 |       <StickyAddToCart

Expected '>', got 'ident'

Import trace:
  Server Component:
    ./app/(root)/bekleidung/[brand]/[slug]/components/ProductDetails.tsx
    ./app/(root)/bekleidung/[brand]/[slug]/page.tsx @ http://localhost:3000/_next/static/chunks/079ae_next_dist_e4f9772e._.js:3127
[   61704ms] [ERROR] ./app/(root)/bekleidung/[brand]/[slug]/components/ProductDetails.tsx:306:9
Parsing ecmascript source code failed
  304 |           </div>
  305 |         </div>
> 306 |       </div>
      |         ^^^
  307 |
  308 |       {/* ── Sticky add-to-cart bar ──────────────────────── */}
  309 |       <StickyAddToCart

Expected '>', got 'ident'

Import trace:
  Server Component:
    ./app/(root)/bekleidung/[brand]/[slug]/components/ProductDetails.tsx
    ./app/(root)/bekleidung/[brand]/[slug]/page.tsx @ http://localhost:3000/_next/static/chunks/079ae_next_dist_e4f9772e._.js:3127
[   61764ms] [ERROR] ./app/(root)/bekleidung/[brand]/[slug]/components/ProductDetails.tsx:306:9
Parsing ecmascript source code failed
  304 |           </div>
  305 |         </div>
> 306 |       </div>
      |         ^^^
  307 |
  308 |       {/* ── Sticky add-to-cart bar ──────────────────────── */}
  309 |       <StickyAddToCart

Expected '>', got 'ident'

Import trace:
  Server Component:
    ./app/(root)/bekleidung/[brand]/[slug]/components/ProductDetails.tsx
    ./app/(root)/bekleidung/[brand]/[slug]/page.tsx @ http://localhost:3000/_next/static/chunks/079ae_next_dist_e4f9772e._.js:3127
[   61827ms] [ERROR] ./app/(root)/bekleidung/[brand]/[slug]/components/ProductDetails.tsx:306:9
Parsing ecmascript source code failed
  304 |           </div>
  305 |         </div>
> 306 |       </div>
      |         ^^^
  307 |
  308 |       {/* ── Sticky add-to-cart bar ──────────────────────── */}
  309 |       <StickyAddToCart

Expected '>', got 'ident'

Import trace:
  Server Component:
    ./app/(root)/bekleidung/[brand]/[slug]/components/ProductDetails.tsx
    ./app/(root)/bekleidung/[brand]/[slug]/page.tsx @ http://localhost:3000/_next/static/chunks/079ae_next_dist_e4f9772e._.js:3127
[   61889ms] [ERROR] ./app/(root)/bekleidung/[brand]/[slug]/components/ProductDetails.tsx:306:9
Parsing ecmascript source code failed
  304 |           </div>
  305 |         </div>
> 306 |       </div>
      |         ^^^
  307 |
  308 |       {/* ── Sticky add-to-cart bar ──────────────────────── */}
  309 |       <StickyAddToCart

Expected '>', got 'ident'

Import trace:
  Server Component:
    ./app/(root)/bekleidung/[brand]/[slug]/components/ProductDetails.tsx
    ./app/(root)/bekleidung/[brand]/[slug]/page.tsx @ http://localhost:3000/_next/static/chunks/079ae_next_dist_e4f9772e._.js:3127
[   61953ms] [ERROR] ./app/(root)/bekleidung/[brand]/[slug]/components/ProductDetails.tsx:306:9
Parsing ecmascript source code failed
  304 |           </div>
  305 |         </div>
> 306 |       </div>
      |         ^^^
  307 |
  308 |       {/* ── Sticky add-to-cart bar ──────────────────────── */}
  309 |       <StickyAddToCart

Expected '>', got 'ident'

Import trace:
  Server Component:
    ./app/(root)/bekleidung/[brand]/[slug]/components/ProductDetails.tsx
    ./app/(root)/bekleidung/[brand]/[slug]/page.tsx @ http://localhost:3000/_next/static/chunks/079ae_next_dist_e4f9772e._.js:3127
[   62014ms] [ERROR] ./app/(root)/bekleidung/[brand]/[slug]/components/ProductDetails.tsx:306:9
Parsing ecmascript source code failed
  304 |           </div>
  305 |         </div>
> 306 |       </div>
      |         ^^^
  307 |
  308 |       {/* ── Sticky add-to-cart bar ──────────────────────── */}
  309 |       <StickyAddToCart

Expected '>', got 'ident'

Import trace:
  Server Component:
    ./app/(root)/bekleidung/[brand]/[slug]/components/ProductDetails.tsx
    ./app/(root)/bekleidung/[brand]/[slug]/page.tsx @ http://localhost:3000/_next/static/chunks/079ae_next_dist_e4f9772e._.js:3127
[   62076ms] [ERROR] ./app/(root)/bekleidung/[brand]/[slug]/components/ProductDetails.tsx:306:9
Parsing ecmascript source code failed
  304 |           </div>
  305 |         </div>
> 306 |       </div>
      |         ^^^
  307 |
  308 |       {/* ── Sticky add-to-cart bar ──────────────────────── */}
  309 |       <StickyAddToCart

Expected '>', got 'ident'

Import trace:
  Server Component:
    ./app/(root)/bekleidung/[brand]/[slug]/components/ProductDetails.tsx
    ./app/(root)/bekleidung/[brand]/[slug]/page.tsx @ http://localhost:3000/_next/static/chunks/079ae_next_dist_e4f9772e._.js:3127
[   62138ms] [ERROR] ./app/(root)/bekleidung/[brand]/[slug]/components/ProductDetails.tsx:306:9
Parsing ecmascript source code failed
  304 |           </div>
  305 |         </div>
> 306 |       </div>
      |         ^^^
  307 |
  308 |       {/* ── Sticky add-to-cart bar ──────────────────────── */}
  309 |       <StickyAddToCart

Expected '>', got 'ident'

Import trace:
  Server Component:
    ./app/(root)/bekleidung/[brand]/[slug]/components/ProductDetails.tsx
    ./app/(root)/bekleidung/[brand]/[slug]/page.tsx @ http://localhost:3000/_next/static/chunks/079ae_next_dist_e4f9772e._.js:3127
[   62199ms] [ERROR] ./app/(root)/bekleidung/[brand]/[slug]/components/ProductDetails.tsx:306:9
Parsing ecmascript source code failed
  304 |           </div>
  305 |         </div>
> 306 |       </div>
      |         ^^^
  307 |
  308 |       {/* ── Sticky add-to-cart bar ──────────────────────── */}
  309 |       <StickyAddToCart

Expected '>', got 'ident'

Import trace:
  Server Component:
    ./app/(root)/bekleidung/[brand]/[slug]/components/ProductDetails.tsx
    ./app/(root)/bekleidung/[brand]/[slug]/page.tsx @ http://localhost:3000/_next/static/chunks/079ae_next_dist_e4f9772e._.js:3127
[   62262ms] [ERROR] ./app/(root)/bekleidung/[brand]/[slug]/components/ProductDetails.tsx:306:9
Parsing ecmascript source code failed
  304 |           </div>
  305 |         </div>
> 306 |       </div>
      |         ^^^
  307 |
  308 |       {/* ── Sticky add-to-cart bar ──────────────────────── */}
  309 |       <StickyAddToCart

Expected '>', got 'ident'

Import trace:
  Server Component:
    ./app/(root)/bekleidung/[brand]/[slug]/components/ProductDetails.tsx
    ./app/(root)/bekleidung/[brand]/[slug]/page.tsx @ http://localhost:3000/_next/static/chunks/079ae_next_dist_e4f9772e._.js:3127
[   62325ms] [ERROR] ./app/(root)/bekleidung/[brand]/[slug]/components/ProductDetails.tsx:306:9
Parsing ecmascript source code failed
  304 |           </div>
  305 |         </div>
> 306 |       </div>
      |         ^^^
  307 |
  308 |       {/* ── Sticky add-to-cart bar ──────────────────────── */}
  309 |       <StickyAddToCart

Expected '>', got 'ident'

Import trace:
  Server Component:
    ./app/(root)/bekleidung/[brand]/[slug]/components/ProductDetails.tsx
    ./app/(root)/bekleidung/[brand]/[slug]/page.tsx @ http://localhost:3000/_next/static/chunks/079ae_next_dist_e4f9772e._.js:3127
[   62401ms] [ERROR] ./app/(root)/bekleidung/[brand]/[slug]/components/ProductDetails.tsx:306:9
Parsing ecmascript source code failed
  304 |           </div>
  305 |         </div>
> 306 |       </div>
      |         ^^^
  307 |
  308 |       {/* ── Sticky add-to-cart bar ──────────────────────── */}
  309 |       <StickyAddToCart

Expected '>', got 'ident'

Import trace:
  Server Component:
    ./app/(root)/bekleidung/[brand]/[slug]/components/ProductDetails.tsx
    ./app/(root)/bekleidung/[brand]/[slug]/page.tsx @ http://localhost:3000/_next/static/chunks/079ae_next_dist_e4f9772e._.js:3127
[   62478ms] [ERROR] ./app/(root)/bekleidung/[brand]/[slug]/components/ProductDetails.tsx:306:9
Parsing ecmascript source code failed
  304 |           </div>
  305 |         </div>
> 306 |       </div>
      |         ^^^
  307 |
  308 |       {/* ── Sticky add-to-cart bar ──────────────────────── */}
  309 |       <StickyAddToCart

Expected '>', got 'ident'

Import trace:
  Server Component:
    ./app/(root)/bekleidung/[brand]/[slug]/components/ProductDetails.tsx
    ./app/(root)/bekleidung/[brand]/[slug]/page.tsx @ http://localhost:3000/_next/static/chunks/079ae_next_dist_e4f9772e._.js:3127
[   62540ms] [ERROR] ./app/(root)/bekleidung/[brand]/[slug]/components/ProductDetails.tsx:306:9
Parsing ecmascript source code failed
  304 |           </div>
  305 |         </div>
> 306 |       </div>
      |         ^^^
  307 |
  308 |       {/* ── Sticky add-to-cart bar ──────────────────────── */}
  309 |       <StickyAddToCart

Expected '>', got 'ident'

Import trace:
  Server Component:
    ./app/(root)/bekleidung/[brand]/[slug]/components/ProductDetails.tsx
    ./app/(root)/bekleidung/[brand]/[slug]/page.tsx @ http://localhost:3000/_next/static/chunks/079ae_next_dist_e4f9772e._.js:3127
[   62602ms] [ERROR] ./app/(root)/bekleidung/[brand]/[slug]/components/ProductDetails.tsx:306:9
Parsing ecmascript source code failed
  304 |           </div>
  305 |         </div>
> 306 |       </div>
      |         ^^^
  307 |
  308 |       {/* ── Sticky add-to-cart bar ──────────────────────── */}
  309 |       <StickyAddToCart

Expected '>', got 'ident'

Import trace:
  Server Component:
    ./app/(root)/bekleidung/[brand]/[slug]/components/ProductDetails.tsx
    ./app/(root)/bekleidung/[brand]/[slug]/page.tsx @ http://localhost:3000/_next/static/chunks/079ae_next_dist_e4f9772e._.js:3127
[   62667ms] [ERROR] ./app/(root)/bekleidung/[brand]/[slug]/components/ProductDetails.tsx:306:9
Parsing ecmascript source code failed
  304 |           </div>
  305 |         </div>
> 306 |       </div>
      |         ^^^
  307 |
  308 |       {/* ── Sticky add-to-cart bar ──────────────────────── */}
  309 |       <StickyAddToCart

Expected '>', got 'ident'

Import trace:
  Server Component:
    ./app/(root)/bekleidung/[brand]/[slug]/components/ProductDetails.tsx
    ./app/(root)/bekleidung/[brand]/[slug]/page.tsx @ http://localhost:3000/_next/static/chunks/079ae_next_dist_e4f9772e._.js:3127
[   62743ms] [ERROR] ./app/(root)/bekleidung/[brand]/[slug]/components/ProductDetails.tsx:306:9
Parsing ecmascript source code failed
  304 |           </div>
  305 |         </div>
> 306 |       </div>
      |         ^^^
  307 |
  308 |       {/* ── Sticky add-to-cart bar ──────────────────────── */}
  309 |       <StickyAddToCart

Expected '>', got 'ident'

Import trace:
  Server Component:
    ./app/(root)/bekleidung/[brand]/[slug]/components/ProductDetails.tsx
    ./app/(root)/bekleidung/[brand]/[slug]/page.tsx @ http://localhost:3000/_next/static/chunks/079ae_next_dist_e4f9772e._.js:3127
[   62825ms] [ERROR] ./app/(root)/bekleidung/[brand]/[slug]/components/ProductDetails.tsx:306:9
Parsing ecmascript source code failed
  304 |           </div>
  305 |         </div>
> 306 |       </div>
      |         ^^^
  307 |
  308 |       {/* ── Sticky add-to-cart bar ──────────────────────── */}
  309 |       <StickyAddToCart

Expected '>', got 'ident'

Import trace:
  Server Component:
    ./app/(root)/bekleidung/[brand]/[slug]/components/ProductDetails.tsx
    ./app/(root)/bekleidung/[brand]/[slug]/page.tsx @ http://localhost:3000/_next/static/chunks/079ae_next_dist_e4f9772e._.js:3127
[   62896ms] [ERROR] ./app/(root)/bekleidung/[brand]/[slug]/components/ProductDetails.tsx:306:9
Parsing ecmascript source code failed
  304 |           </div>
  305 |         </div>
> 306 |       </div>
      |         ^^^
  307 |
  308 |       {/* ── Sticky add-to-cart bar ──────────────────────── */}
  309 |       <StickyAddToCart

Expected '>', got 'ident'

Import trace:
  Server Component:
    ./app/(root)/bekleidung/[brand]/[slug]/components/ProductDetails.tsx
    ./app/(root)/bekleidung/[brand]/[slug]/page.tsx @ http://localhost:3000/_next/static/chunks/079ae_next_dist_e4f9772e._.js:3127
[   62978ms] [ERROR] ./app/(root)/bekleidung/[brand]/[slug]/components/ProductDetails.tsx:306:9
Parsing ecmascript source code failed
  304 |           </div>
  305 |         </div>
> 306 |       </div>
      |         ^^^
  307 |
  308 |       {/* ── Sticky add-to-cart bar ──────────────────────── */}
  309 |       <StickyAddToCart

Expected '>', got 'ident'

Import trace:
  Server Component:
    ./app/(root)/bekleidung/[brand]/[slug]/components/ProductDetails.tsx
    ./app/(root)/bekleidung/[brand]/[slug]/page.tsx @ http://localhost:3000/_next/static/chunks/079ae_next_dist_e4f9772e._.js:3127
[   63057ms] [ERROR] ./app/(root)/bekleidung/[brand]/[slug]/components/ProductDetails.tsx:306:9
Parsing ecmascript source code failed
  304 |           </div>
  305 |         </div>
> 306 |       </div>
      |         ^^^
  307 |
  308 |       {/* ── Sticky add-to-cart bar ──────────────────────── */}
  309 |       <StickyAddToCart

Expected '>', got 'ident'

Import trace:
  Server Component:
    ./app/(root)/bekleidung/[brand]/[slug]/components/ProductDetails.tsx
    ./app/(root)/bekleidung/[brand]/[slug]/page.tsx @ http://localhost:3000/_next/static/chunks/079ae_next_dist_e4f9772e._.js:3127
[   63128ms] [ERROR] ./app/(root)/bekleidung/[brand]/[slug]/components/ProductDetails.tsx:306:9
Parsing ecmascript source code failed
  304 |           </div>
  305 |         </div>
> 306 |       </div>
      |         ^^^
  307 |
  308 |       {/* ── Sticky add-to-cart bar ──────────────────────── */}
  309 |       <StickyAddToCart

Expected '>', got 'ident'

Import trace:
  Server Component:
    ./app/(root)/bekleidung/[brand]/[slug]/components/ProductDetails.tsx
    ./app/(root)/bekleidung/[brand]/[slug]/page.tsx @ http://localhost:3000/_next/static/chunks/079ae_next_dist_e4f9772e._.js:3127
[   63190ms] [ERROR] ./app/(root)/bekleidung/[brand]/[slug]/components/ProductDetails.tsx:306:9
Parsing ecmascript source code failed
  304 |           </div>
  305 |         </div>
> 306 |       </div>
      |         ^^^
  307 |
  308 |       {/* ── Sticky add-to-cart bar ──────────────────────── */}
  309 |       <StickyAddToCart

Expected '>', got 'ident'

Import trace:
  Server Component:
    ./app/(root)/bekleidung/[brand]/[slug]/components/ProductDetails.tsx
    ./app/(root)/bekleidung/[brand]/[slug]/page.tsx @ http://localhost:3000/_next/static/chunks/079ae_next_dist_e4f9772e._.js:3127
[   63268ms] [ERROR] ./app/(root)/bekleidung/[brand]/[slug]/components/ProductDetails.tsx:306:9
Parsing ecmascript source code failed
  304 |           </div>
  305 |         </div>
> 306 |       </div>
      |         ^^^
  307 |
  308 |       {/* ── Sticky add-to-cart bar ──────────────────────── */}
  309 |       <StickyAddToCart

Expected '>', got 'ident'

Import trace:
  Server Component:
    ./app/(root)/bekleidung/[brand]/[slug]/components/ProductDetails.tsx
    ./app/(root)/bekleidung/[brand]/[slug]/page.tsx @ http://localhost:3000/_next/static/chunks/079ae_next_dist_e4f9772e._.js:3127
[   63344ms] [ERROR] ./app/(root)/bekleidung/[brand]/[slug]/components/ProductDetails.tsx:306:9
Parsing ecmascript source code failed
  304 |           </div>
  305 |         </div>
> 306 |       </div>
      |         ^^^
  307 |
  308 |       {/* ── Sticky add-to-cart bar ──────────────────────── */}
  309 |       <StickyAddToCart

Expected '>', got 'ident'

Import trace:
  Server Component:
    ./app/(root)/bekleidung/[brand]/[slug]/components/ProductDetails.tsx
    ./app/(root)/bekleidung/[brand]/[slug]/page.tsx @ http://localhost:3000/_next/static/chunks/079ae_next_dist_e4f9772e._.js:3127
[   63405ms] [ERROR] ./app/(root)/bekleidung/[brand]/[slug]/components/ProductDetails.tsx:306:9
Parsing ecmascript source code failed
  304 |           </div>
  305 |         </div>
> 306 |       </div>
      |         ^^^
  307 |
  308 |       {/* ── Sticky add-to-cart bar ──────────────────────── */}
  309 |       <StickyAddToCart

Expected '>', got 'ident'

Import trace:
  Server Component:
    ./app/(root)/bekleidung/[brand]/[slug]/components/ProductDetails.tsx
    ./app/(root)/bekleidung/[brand]/[slug]/page.tsx @ http://localhost:3000/_next/static/chunks/079ae_next_dist_e4f9772e._.js:3127
[   63469ms] [ERROR] ./app/(root)/bekleidung/[brand]/[slug]/components/ProductDetails.tsx:306:9
Parsing ecmascript source code failed
  304 |           </div>
  305 |         </div>
> 306 |       </div>
      |         ^^^
  307 |
  308 |       {/* ── Sticky add-to-cart bar ──────────────────────── */}
  309 |       <StickyAddToCart

Expected '>', got 'ident'

Import trace:
  Server Component:
    ./app/(root)/bekleidung/[brand]/[slug]/components/ProductDetails.tsx
    ./app/(root)/bekleidung/[brand]/[slug]/page.tsx @ http://localhost:3000/_next/static/chunks/079ae_next_dist_e4f9772e._.js:3127
[   63529ms] [ERROR] ./app/(root)/bekleidung/[brand]/[slug]/components/ProductDetails.tsx:306:9
Parsing ecmascript source code failed
  304 |           </div>
  305 |         </div>
> 306 |       </div>
      |         ^^^
  307 |
  308 |       {/* ── Sticky add-to-cart bar ──────────────────────── */}
  309 |       <StickyAddToCart

Expected '>', got 'ident'

Import trace:
  Server Component:
    ./app/(root)/bekleidung/[brand]/[slug]/components/ProductDetails.tsx
    ./app/(root)/bekleidung/[brand]/[slug]/page.tsx @ http://localhost:3000/_next/static/chunks/079ae_next_dist_e4f9772e._.js:3127
[   63591ms] [ERROR] ./app/(root)/bekleidung/[brand]/[slug]/components/ProductDetails.tsx:306:9
Parsing ecmascript source code failed
  304 |           </div>
  305 |         </div>
> 306 |       </div>
      |         ^^^
  307 |
  308 |       {/* ── Sticky add-to-cart bar ──────────────────────── */}
  309 |       <StickyAddToCart

Expected '>', got 'ident'

Import trace:
  Server Component:
    ./app/(root)/bekleidung/[brand]/[slug]/components/ProductDetails.tsx
    ./app/(root)/bekleidung/[brand]/[slug]/page.tsx @ http://localhost:3000/_next/static/chunks/079ae_next_dist_e4f9772e._.js:3127
[   63653ms] [ERROR] ./app/(root)/bekleidung/[brand]/[slug]/components/ProductDetails.tsx:306:9
Parsing ecmascript source code failed
  304 |           </div>
  305 |         </div>
> 306 |       </div>
      |         ^^^
  307 |
  308 |       {/* ── Sticky add-to-cart bar ──────────────────────── */}
  309 |       <StickyAddToCart

Expected '>', got 'ident'

Import trace:
  Server Component:
    ./app/(root)/bekleidung/[brand]/[slug]/components/ProductDetails.tsx
    ./app/(root)/bekleidung/[brand]/[slug]/page.tsx @ http://localhost:3000/_next/static/chunks/079ae_next_dist_e4f9772e._.js:3127
[   63714ms] [ERROR] ./app/(root)/bekleidung/[brand]/[slug]/components/ProductDetails.tsx:306:9
Parsing ecmascript source code failed
  304 |           </div>
  305 |         </div>
> 306 |       </div>
      |         ^^^
  307 |
  308 |       {/* ── Sticky add-to-cart bar ──────────────────────── */}
  309 |       <StickyAddToCart

Expected '>', got 'ident'

Import trace:
  Server Component:
    ./app/(root)/bekleidung/[brand]/[slug]/components/ProductDetails.tsx
    ./app/(root)/bekleidung/[brand]/[slug]/page.tsx @ http://localhost:3000/_next/static/chunks/079ae_next_dist_e4f9772e._.js:3127
[   63775ms] [ERROR] ./app/(root)/bekleidung/[brand]/[slug]/components/ProductDetails.tsx:306:9
Parsing ecmascript source code failed
  304 |           </div>
  305 |         </div>
> 306 |       </div>
      |         ^^^
  307 |
  308 |       {/* ── Sticky add-to-cart bar ──────────────────────── */}
  309 |       <StickyAddToCart

Expected '>', got 'ident'

Import trace:
  Server Component:
    ./app/(root)/bekleidung/[brand]/[slug]/components/ProductDetails.tsx
    ./app/(root)/bekleidung/[brand]/[slug]/page.tsx @ http://localhost:3000/_next/static/chunks/079ae_next_dist_e4f9772e._.js:3127
[   63836ms] [ERROR] ./app/(root)/bekleidung/[brand]/[slug]/components/ProductDetails.tsx:306:9
Parsing ecmascript source code failed
  304 |           </div>
  305 |         </div>
> 306 |       </div>
      |         ^^^
  307 |
  308 |       {/* ── Sticky add-to-cart bar ──────────────────────── */}
  309 |       <StickyAddToCart

Expected '>', got 'ident'

Import trace:
  Server Component:
    ./app/(root)/bekleidung/[brand]/[slug]/components/ProductDetails.tsx
    ./app/(root)/bekleidung/[brand]/[slug]/page.tsx @ http://localhost:3000/_next/static/chunks/079ae_next_dist_e4f9772e._.js:3127
[   63898ms] [ERROR] ./app/(root)/bekleidung/[brand]/[slug]/components/ProductDetails.tsx:306:9
Parsing ecmascript source code failed
  304 |           </div>
  305 |         </div>
> 306 |       </div>
      |         ^^^
  307 |
  308 |       {/* ── Sticky add-to-cart bar ──────────────────────── */}
  309 |       <StickyAddToCart

Expected '>', got 'ident'

Import trace:
  Server Component:
    ./app/(root)/bekleidung/[brand]/[slug]/components/ProductDetails.tsx
    ./app/(root)/bekleidung/[brand]/[slug]/page.tsx @ http://localhost:3000/_next/static/chunks/079ae_next_dist_e4f9772e._.js:3127
[   63961ms] [ERROR] ./app/(root)/bekleidung/[brand]/[slug]/components/ProductDetails.tsx:306:9
Parsing ecmascript source code failed
  304 |           </div>
  305 |         </div>
> 306 |       </div>
      |         ^^^
  307 |
  308 |       {/* ── Sticky add-to-cart bar ──────────────────────── */}
  309 |       <StickyAddToCart

Expected '>', got 'ident'

Import trace:
  Server Component:
    ./app/(root)/bekleidung/[brand]/[slug]/components/ProductDetails.tsx
    ./app/(root)/bekleidung/[brand]/[slug]/page.tsx @ http://localhost:3000/_next/static/chunks/079ae_next_dist_e4f9772e._.js:3127
[   64023ms] [ERROR] ./app/(root)/bekleidung/[brand]/[slug]/components/ProductDetails.tsx:306:9
Parsing ecmascript source code failed
  304 |           </div>
  305 |         </div>
> 306 |       </div>
      |         ^^^
  307 |
  308 |       {/* ── Sticky add-to-cart bar ──────────────────────── */}
  309 |       <StickyAddToCart

Expected '>', got 'ident'

Import trace:
  Server Component:
    ./app/(root)/bekleidung/[brand]/[slug]/components/ProductDetails.tsx
    ./app/(root)/bekleidung/[brand]/[slug]/page.tsx @ http://localhost:3000/_next/static/chunks/079ae_next_dist_e4f9772e._.js:3127
[   64085ms] [ERROR] ./app/(root)/bekleidung/[brand]/[slug]/components/ProductDetails.tsx:306:9
Parsing ecmascript source code failed
  304 |           </div>
  305 |         </div>
> 306 |       </div>
      |         ^^^
  307 |
  308 |       {/* ── Sticky add-to-cart bar ──────────────────────── */}
  309 |       <StickyAddToCart

Expected '>', got 'ident'

Import trace:
  Server Component:
    ./app/(root)/bekleidung/[brand]/[slug]/components/ProductDetails.tsx
    ./app/(root)/bekleidung/[brand]/[slug]/page.tsx @ http://localhost:3000/_next/static/chunks/079ae_next_dist_e4f9772e._.js:3127
[   64149ms] [ERROR] ./app/(root)/bekleidung/[brand]/[slug]/components/ProductDetails.tsx:306:9
Parsing ecmascript source code failed
  304 |           </div>
  305 |         </div>
> 306 |       </div>
      |         ^^^
  307 |
  308 |       {/* ── Sticky add-to-cart bar ──────────────────────── */}
  309 |       <StickyAddToCart

Expected '>', got 'ident'

Import trace:
  Server Component:
    ./app/(root)/bekleidung/[brand]/[slug]/components/ProductDetails.tsx
    ./app/(root)/bekleidung/[brand]/[slug]/page.tsx @ http://localhost:3000/_next/static/chunks/079ae_next_dist_e4f9772e._.js:3127
[   64210ms] [ERROR] ./app/(root)/bekleidung/[brand]/[slug]/components/ProductDetails.tsx:306:9
Parsing ecmascript source code failed
  304 |           </div>
  305 |         </div>
> 306 |       </div>
      |         ^^^
  307 |
  308 |       {/* ── Sticky add-to-cart bar ──────────────────────── */}
  309 |       <StickyAddToCart

Expected '>', got 'ident'

Import trace:
  Server Component:
    ./app/(root)/bekleidung/[brand]/[slug]/components/ProductDetails.tsx
    ./app/(root)/bekleidung/[brand]/[slug]/page.tsx @ http://localhost:3000/_next/static/chunks/079ae_next_dist_e4f9772e._.js:3127
[   64274ms] [ERROR] ./app/(root)/bekleidung/[brand]/[slug]/components/ProductDetails.tsx:306:9
Parsing ecmascript source code failed
  304 |           </div>
  305 |         </div>
> 306 |       </div>
      |         ^^^
  307 |
  308 |       {/* ── Sticky add-to-cart bar ──────────────────────── */}
  309 |       <StickyAddToCart

Expected '>', got 'ident'

Import trace:
  Server Component:
    ./app/(root)/bekleidung/[brand]/[slug]/components/ProductDetails.tsx
    ./app/(root)/bekleidung/[brand]/[slug]/page.tsx @ http://localhost:3000/_next/static/chunks/079ae_next_dist_e4f9772e._.js:3127
[   64337ms] [ERROR] ./app/(root)/bekleidung/[brand]/[slug]/components/ProductDetails.tsx:306:9
Parsing ecmascript source code failed
  304 |           </div>
  305 |         </div>
> 306 |       </div>
      |         ^^^
  307 |
  308 |       {/* ── Sticky add-to-cart bar ──────────────────────── */}
  309 |       <StickyAddToCart

Expected '>', got 'ident'

Import trace:
  Server Component:
    ./app/(root)/bekleidung/[brand]/[slug]/components/ProductDetails.tsx
    ./app/(root)/bekleidung/[brand]/[slug]/page.tsx @ http://localhost:3000/_next/static/chunks/079ae_next_dist_e4f9772e._.js:3127
[   64398ms] [ERROR] ./app/(root)/bekleidung/[brand]/[slug]/components/ProductDetails.tsx:306:9
Parsing ecmascript source code failed
  304 |           </div>
  305 |         </div>
> 306 |       </div>
      |         ^^^
  307 |
  308 |       {/* ── Sticky add-to-cart bar ──────────────────────── */}
  309 |       <StickyAddToCart

Expected '>', got 'ident'

Import trace:
  Server Component:
    ./app/(root)/bekleidung/[brand]/[slug]/components/ProductDetails.tsx
    ./app/(root)/bekleidung/[brand]/[slug]/page.tsx @ http://localhost:3000/_next/static/chunks/079ae_next_dist_e4f9772e._.js:3127
[   64459ms] [ERROR] ./app/(root)/bekleidung/[brand]/[slug]/components/ProductDetails.tsx:306:9
Parsing ecmascript source code failed
  304 |           </div>
  305 |         </div>
> 306 |       </div>
      |         ^^^
  307 |
  308 |       {/* ── Sticky add-to-cart bar ──────────────────────── */}
  309 |       <StickyAddToCart

Expected '>', got 'ident'

Import trace:
  Server Component:
    ./app/(root)/bekleidung/[brand]/[slug]/components/ProductDetails.tsx
    ./app/(root)/bekleidung/[brand]/[slug]/page.tsx @ http://localhost:3000/_next/static/chunks/079ae_next_dist_e4f9772e._.js:3127
[   64521ms] [ERROR] ./app/(root)/bekleidung/[brand]/[slug]/components/ProductDetails.tsx:306:9
Parsing ecmascript source code failed
  304 |           </div>
  305 |         </div>
> 306 |       </div>
      |         ^^^
  307 |
  308 |       {/* ── Sticky add-to-cart bar ──────────────────────── */}
  309 |       <StickyAddToCart

Expected '>', got 'ident'

Import trace:
  Server Component:
    ./app/(root)/bekleidung/[brand]/[slug]/components/ProductDetails.tsx
    ./app/(root)/bekleidung/[brand]/[slug]/page.tsx @ http://localhost:3000/_next/static/chunks/079ae_next_dist_e4f9772e._.js:3127
[   64584ms] [ERROR] ./app/(root)/bekleidung/[brand]/[slug]/components/ProductDetails.tsx:306:9
Parsing ecmascript source code failed
  304 |           </div>
  305 |         </div>
> 306 |       </div>
      |         ^^^
  307 |
  308 |       {/* ── Sticky add-to-cart bar ──────────────────────── */}
  309 |       <StickyAddToCart

Expected '>', got 'ident'

Import trace:
  Server Component:
    ./app/(root)/bekleidung/[brand]/[slug]/components/ProductDetails.tsx
    ./app/(root)/bekleidung/[brand]/[slug]/page.tsx @ http://localhost:3000/_next/static/chunks/079ae_next_dist_e4f9772e._.js:3127
[   64647ms] [ERROR] ./app/(root)/bekleidung/[brand]/[slug]/components/ProductDetails.tsx:306:9
Parsing ecmascript source code failed
  304 |           </div>
  305 |         </div>
> 306 |       </div>
      |         ^^^
  307 |
  308 |       {/* ── Sticky add-to-cart bar ──────────────────────── */}
  309 |       <StickyAddToCart

Expected '>', got 'ident'

Import trace:
  Server Component:
    ./app/(root)/bekleidung/[brand]/[slug]/components/ProductDetails.tsx
    ./app/(root)/bekleidung/[brand]/[slug]/page.tsx @ http://localhost:3000/_next/static/chunks/079ae_next_dist_e4f9772e._.js:3127
[   64710ms] [ERROR] ./app/(root)/bekleidung/[brand]/[slug]/components/ProductDetails.tsx:306:9
Parsing ecmascript source code failed
  304 |           </div>
  305 |         </div>
> 306 |       </div>
      |         ^^^
  307 |
  308 |       {/* ── Sticky add-to-cart bar ──────────────────────── */}
  309 |       <StickyAddToCart

Expected '>', got 'ident'

Import trace:
  Server Component:
    ./app/(root)/bekleidung/[brand]/[slug]/components/ProductDetails.tsx
    ./app/(root)/bekleidung/[brand]/[slug]/page.tsx @ http://localhost:3000/_next/static/chunks/079ae_next_dist_e4f9772e._.js:3127
[   64774ms] [ERROR] ./app/(root)/bekleidung/[brand]/[slug]/components/ProductDetails.tsx:306:9
Parsing ecmascript source code failed
  304 |           </div>
  305 |         </div>
> 306 |       </div>
      |         ^^^
  307 |
  308 |       {/* ── Sticky add-to-cart bar ──────────────────────── */}
  309 |       <StickyAddToCart

Expected '>', got 'ident'

Import trace:
  Server Component:
    ./app/(root)/bekleidung/[brand]/[slug]/components/ProductDetails.tsx
    ./app/(root)/bekleidung/[brand]/[slug]/page.tsx @ http://localhost:3000/_next/static/chunks/079ae_next_dist_e4f9772e._.js:3127
[   64835ms] [ERROR] ./app/(root)/bekleidung/[brand]/[slug]/components/ProductDetails.tsx:306:9
Parsing ecmascript source code failed
  304 |           </div>
  305 |         </div>
> 306 |       </div>
      |         ^^^
  307 |
  308 |       {/* ── Sticky add-to-cart bar ──────────────────────── */}
  309 |       <StickyAddToCart

Expected '>', got 'ident'

Import trace:
  Server Component:
    ./app/(root)/bekleidung/[brand]/[slug]/components/ProductDetails.tsx
    ./app/(root)/bekleidung/[brand]/[slug]/page.tsx @ http://localhost:3000/_next/static/chunks/079ae_next_dist_e4f9772e._.js:3127
[   64896ms] [ERROR] ./app/(root)/bekleidung/[brand]/[slug]/components/ProductDetails.tsx:306:9
Parsing ecmascript source code failed
  304 |           </div>
  305 |         </div>
> 306 |       </div>
      |         ^^^
  307 |
  308 |       {/* ── Sticky add-to-cart bar ──────────────────────── */}
  309 |       <StickyAddToCart

Expected '>', got 'ident'

Import trace:
  Server Component:
    ./app/(root)/bekleidung/[brand]/[slug]/components/ProductDetails.tsx
    ./app/(root)/bekleidung/[brand]/[slug]/page.tsx @ http://localhost:3000/_next/static/chunks/079ae_next_dist_e4f9772e._.js:3127
[   64959ms] [ERROR] ./app/(root)/bekleidung/[brand]/[slug]/components/ProductDetails.tsx:306:9
Parsing ecmascript source code failed
  304 |           </div>
  305 |         </div>
> 306 |       </div>
      |         ^^^
  307 |
  308 |       {/* ── Sticky add-to-cart bar ──────────────────────── */}
  309 |       <StickyAddToCart

Expected '>', got 'ident'

Import trace:
  Server Component:
    ./app/(root)/bekleidung/[brand]/[slug]/components/ProductDetails.tsx
    ./app/(root)/bekleidung/[brand]/[slug]/page.tsx @ http://localhost:3000/_next/static/chunks/079ae_next_dist_e4f9772e._.js:3127
[   65022ms] [ERROR] ./app/(root)/bekleidung/[brand]/[slug]/components/ProductDetails.tsx:306:9
Parsing ecmascript source code failed
  304 |           </div>
  305 |         </div>
> 306 |       </div>
      |         ^^^
  307 |
  308 |       {/* ── Sticky add-to-cart bar ──────────────────────── */}
  309 |       <StickyAddToCart

Expected '>', got 'ident'

Import trace:
  Server Component:
    ./app/(root)/bekleidung/[brand]/[slug]/components/ProductDetails.tsx
    ./app/(root)/bekleidung/[brand]/[slug]/page.tsx @ http://localhost:3000/_next/static/chunks/079ae_next_dist_e4f9772e._.js:3127
[   65083ms] [ERROR] ./app/(root)/bekleidung/[brand]/[slug]/components/ProductDetails.tsx:306:9
Parsing ecmascript source code failed
  304 |           </div>
  305 |         </div>
> 306 |       </div>
      |         ^^^
  307 |
  308 |       {/* ── Sticky add-to-cart bar ──────────────────────── */}
  309 |       <StickyAddToCart

Expected '>', got 'ident'

Import trace:
  Server Component:
    ./app/(root)/bekleidung/[brand]/[slug]/components/ProductDetails.tsx
    ./app/(root)/bekleidung/[brand]/[slug]/page.tsx @ http://localhost:3000/_next/static/chunks/079ae_next_dist_e4f9772e._.js:3127
[   65144ms] [ERROR] ./app/(root)/bekleidung/[brand]/[slug]/components/ProductDetails.tsx:306:9
Parsing ecmascript source code failed
  304 |           </div>
  305 |         </div>
> 306 |       </div>
      |         ^^^
  307 |
  308 |       {/* ── Sticky add-to-cart bar ──────────────────────── */}
  309 |       <StickyAddToCart

Expected '>', got 'ident'

Import trace:
  Server Component:
    ./app/(root)/bekleidung/[brand]/[slug]/components/ProductDetails.tsx
    ./app/(root)/bekleidung/[brand]/[slug]/page.tsx @ http://localhost:3000/_next/static/chunks/079ae_next_dist_e4f9772e._.js:3127
[   65205ms] [ERROR] ./app/(root)/bekleidung/[brand]/[slug]/components/ProductDetails.tsx:306:9
Parsing ecmascript source code failed
  304 |           </div>
  305 |         </div>
> 306 |       </div>
      |         ^^^
  307 |
  308 |       {/* ── Sticky add-to-cart bar ──────────────────────── */}
  309 |       <StickyAddToCart

Expected '>', got 'ident'

Import trace:
  Server Component:
    ./app/(root)/bekleidung/[brand]/[slug]/components/ProductDetails.tsx
    ./app/(root)/bekleidung/[brand]/[slug]/page.tsx @ http://localhost:3000/_next/static/chunks/079ae_next_dist_e4f9772e._.js:3127
[   65267ms] [ERROR] ./app/(root)/bekleidung/[brand]/[slug]/components/ProductDetails.tsx:306:9
Parsing ecmascript source code failed
  304 |           </div>
  305 |         </div>
> 306 |       </div>
      |         ^^^
  307 |
  308 |       {/* ── Sticky add-to-cart bar ──────────────────────── */}
  309 |       <StickyAddToCart

Expected '>', got 'ident'

Import trace:
  Server Component:
    ./app/(root)/bekleidung/[brand]/[slug]/components/ProductDetails.tsx
    ./app/(root)/bekleidung/[brand]/[slug]/page.tsx @ http://localhost:3000/_next/static/chunks/079ae_next_dist_e4f9772e._.js:3127
[   65327ms] [ERROR] ./app/(root)/bekleidung/[brand]/[slug]/components/ProductDetails.tsx:306:9
Parsing ecmascript source code failed
  304 |           </div>
  305 |         </div>
> 306 |       </div>
      |         ^^^
  307 |
  308 |       {/* ── Sticky add-to-cart bar ──────────────────────── */}
  309 |       <StickyAddToCart

Expected '>', got 'ident'

Import trace:
  Server Component:
    ./app/(root)/bekleidung/[brand]/[slug]/components/ProductDetails.tsx
    ./app/(root)/bekleidung/[brand]/[slug]/page.tsx @ http://localhost:3000/_next/static/chunks/079ae_next_dist_e4f9772e._.js:3127
[   65388ms] [ERROR] ./app/(root)/bekleidung/[brand]/[slug]/components/ProductDetails.tsx:306:9
Parsing ecmascript source code failed
  304 |           </div>
  305 |         </div>
> 306 |       </div>
      |         ^^^
  307 |
  308 |       {/* ── Sticky add-to-cart bar ──────────────────────── */}
  309 |       <StickyAddToCart

Expected '>', got 'ident'

Import trace:
  Server Component:
    ./app/(root)/bekleidung/[brand]/[slug]/components/ProductDetails.tsx
    ./app/(root)/bekleidung/[brand]/[slug]/page.tsx @ http://localhost:3000/_next/static/chunks/079ae_next_dist_e4f9772e._.js:3127
[   65450ms] [ERROR] ./app/(root)/bekleidung/[brand]/[slug]/components/ProductDetails.tsx:306:9
Parsing ecmascript source code failed
  304 |           </div>
  305 |         </div>
> 306 |       </div>
      |         ^^^
  307 |
  308 |       {/* ── Sticky add-to-cart bar ──────────────────────── */}
  309 |       <StickyAddToCart

Expected '>', got 'ident'

Import trace:
  Server Component:
    ./app/(root)/bekleidung/[brand]/[slug]/components/ProductDetails.tsx
    ./app/(root)/bekleidung/[brand]/[slug]/page.tsx @ http://localhost:3000/_next/static/chunks/079ae_next_dist_e4f9772e._.js:3127
[   65514ms] [ERROR] ./app/(root)/bekleidung/[brand]/[slug]/components/ProductDetails.tsx:306:9
Parsing ecmascript source code failed
  304 |           </div>
  305 |         </div>
> 306 |       </div>
      |         ^^^
  307 |
  308 |       {/* ── Sticky add-to-cart bar ──────────────────────── */}
  309 |       <StickyAddToCart

Expected '>', got 'ident'

Import trace:
  Server Component:
    ./app/(root)/bekleidung/[brand]/[slug]/components/ProductDetails.tsx
    ./app/(root)/bekleidung/[brand]/[slug]/page.tsx @ http://localhost:3000/_next/static/chunks/079ae_next_dist_e4f9772e._.js:3127
[   65591ms] [ERROR] ./app/(root)/bekleidung/[brand]/[slug]/components/ProductDetails.tsx:306:9
Parsing ecmascript source code failed
  304 |           </div>
  305 |         </div>
> 306 |       </div>
      |         ^^^
  307 |
  308 |       {/* ── Sticky add-to-cart bar ──────────────────────── */}
  309 |       <StickyAddToCart

Expected '>', got 'ident'

Import trace:
  Server Component:
    ./app/(root)/bekleidung/[brand]/[slug]/components/ProductDetails.tsx
    ./app/(root)/bekleidung/[brand]/[slug]/page.tsx @ http://localhost:3000/_next/static/chunks/079ae_next_dist_e4f9772e._.js:3127
[   65652ms] [ERROR] ./app/(root)/bekleidung/[brand]/[slug]/components/ProductDetails.tsx:306:9
Parsing ecmascript source code failed
  304 |           </div>
  305 |         </div>
> 306 |       </div>
      |         ^^^
  307 |
  308 |       {/* ── Sticky add-to-cart bar ──────────────────────── */}
  309 |       <StickyAddToCart

Expected '>', got 'ident'

Import trace:
  Server Component:
    ./app/(root)/bekleidung/[brand]/[slug]/components/ProductDetails.tsx
    ./app/(root)/bekleidung/[brand]/[slug]/page.tsx @ http://localhost:3000/_next/static/chunks/079ae_next_dist_e4f9772e._.js:3127
[   65715ms] [ERROR] ./app/(root)/bekleidung/[brand]/[slug]/components/ProductDetails.tsx:306:9
Parsing ecmascript source code failed
  304 |           </div>
  305 |         </div>
> 306 |       </div>
      |         ^^^
  307 |
  308 |       {/* ── Sticky add-to-cart bar ──────────────────────── */}
  309 |       <StickyAddToCart

Expected '>', got 'ident'

Import trace:
  Server Component:
    ./app/(root)/bekleidung/[brand]/[slug]/components/ProductDetails.tsx
    ./app/(root)/bekleidung/[brand]/[slug]/page.tsx @ http://localhost:3000/_next/static/chunks/079ae_next_dist_e4f9772e._.js:3127
[   65778ms] [ERROR] ./app/(root)/bekleidung/[brand]/[slug]/components/ProductDetails.tsx:306:9
Parsing ecmascript source code failed
  304 |           </div>
  305 |         </div>
> 306 |       </div>
      |         ^^^
  307 |
  308 |       {/* ── Sticky add-to-cart bar ──────────────────────── */}
  309 |       <StickyAddToCart

Expected '>', got 'ident'

Import trace:
  Server Component:
    ./app/(root)/bekleidung/[brand]/[slug]/components/ProductDetails.tsx
    ./app/(root)/bekleidung/[brand]/[slug]/page.tsx @ http://localhost:3000/_next/static/chunks/079ae_next_dist_e4f9772e._.js:3127
[   65839ms] [ERROR] ./app/(root)/bekleidung/[brand]/[slug]/components/ProductDetails.tsx:306:9
Parsing ecmascript source code failed
  304 |           </div>
  305 |         </div>
> 306 |       </div>
      |         ^^^
  307 |
  308 |       {/* ── Sticky add-to-cart bar ──────────────────────── */}
  309 |       <StickyAddToCart

Expected '>', got 'ident'

Import trace:
  Server Component:
    ./app/(root)/bekleidung/[brand]/[slug]/components/ProductDetails.tsx
    ./app/(root)/bekleidung/[brand]/[slug]/page.tsx @ http://localhost:3000/_next/static/chunks/079ae_next_dist_e4f9772e._.js:3127
[   65901ms] [ERROR] ./app/(root)/bekleidung/[brand]/[slug]/components/ProductDetails.tsx:306:9
Parsing ecmascript source code failed
  304 |           </div>
  305 |         </div>
> 306 |       </div>
      |         ^^^
  307 |
  308 |       {/* ── Sticky add-to-cart bar ──────────────────────── */}
  309 |       <StickyAddToCart

Expected '>', got 'ident'

Import trace:
  Server Component:
    ./app/(root)/bekleidung/[brand]/[slug]/components/ProductDetails.tsx
    ./app/(root)/bekleidung/[brand]/[slug]/page.tsx @ http://localhost:3000/_next/static/chunks/079ae_next_dist_e4f9772e._.js:3127
[   65963ms] [ERROR] ./app/(root)/bekleidung/[brand]/[slug]/components/ProductDetails.tsx:306:9
Parsing ecmascript source code failed
  304 |           </div>
  305 |         </div>
> 306 |       </div>
      |         ^^^
  307 |
  308 |       {/* ── Sticky add-to-cart bar ──────────────────────── */}
  309 |       <StickyAddToCart

Expected '>', got 'ident'

Import trace:
  Server Component:
    ./app/(root)/bekleidung/[brand]/[slug]/components/ProductDetails.tsx
    ./app/(root)/bekleidung/[brand]/[slug]/page.tsx @ http://localhost:3000/_next/static/chunks/079ae_next_dist_e4f9772e._.js:3127
[   66025ms] [ERROR] ./app/(root)/bekleidung/[brand]/[slug]/components/ProductDetails.tsx:306:9
Parsing ecmascript source code failed
  304 |           </div>
  305 |         </div>
> 306 |       </div>
      |         ^^^
  307 |
  308 |       {/* ── Sticky add-to-cart bar ──────────────────────── */}
  309 |       <StickyAddToCart

Expected '>', got 'ident'

Import trace:
  Server Component:
    ./app/(root)/bekleidung/[brand]/[slug]/components/ProductDetails.tsx
    ./app/(root)/bekleidung/[brand]/[slug]/page.tsx @ http://localhost:3000/_next/static/chunks/079ae_next_dist_e4f9772e._.js:3127
[   66087ms] [ERROR] ./app/(root)/bekleidung/[brand]/[slug]/components/ProductDetails.tsx:306:9
Parsing ecmascript source code failed
  304 |           </div>
  305 |         </div>
> 306 |       </div>
      |         ^^^
  307 |
  308 |       {/* ── Sticky add-to-cart bar ──────────────────────── */}
  309 |       <StickyAddToCart

Expected '>', got 'ident'

Import trace:
  Server Component:
    ./app/(root)/bekleidung/[brand]/[slug]/components/ProductDetails.tsx
    ./app/(root)/bekleidung/[brand]/[slug]/page.tsx @ http://localhost:3000/_next/static/chunks/079ae_next_dist_e4f9772e._.js:3127
[   66152ms] [ERROR] ./app/(root)/bekleidung/[brand]/[slug]/components/ProductDetails.tsx:306:9
Parsing ecmascript source code failed
  304 |           </div>
  305 |         </div>
> 306 |       </div>
      |         ^^^
  307 |
  308 |       {/* ── Sticky add-to-cart bar ──────────────────────── */}
  309 |       <StickyAddToCart

Expected '>', got 'ident'

Import trace:
  Server Component:
    ./app/(root)/bekleidung/[brand]/[slug]/components/ProductDetails.tsx
    ./app/(root)/bekleidung/[brand]/[slug]/page.tsx @ http://localhost:3000/_next/static/chunks/079ae_next_dist_e4f9772e._.js:3127
[   66213ms] [ERROR] ./app/(root)/bekleidung/[brand]/[slug]/components/ProductDetails.tsx:306:9
Parsing ecmascript source code failed
  304 |           </div>
  305 |         </div>
> 306 |       </div>
      |         ^^^
  307 |
  308 |       {/* ── Sticky add-to-cart bar ──────────────────────── */}
  309 |       <StickyAddToCart

Expected '>', got 'ident'

Import trace:
  Server Component:
    ./app/(root)/bekleidung/[brand]/[slug]/components/ProductDetails.tsx
    ./app/(root)/bekleidung/[brand]/[slug]/page.tsx @ http://localhost:3000/_next/static/chunks/079ae_next_dist_e4f9772e._.js:3127
[   66276ms] [ERROR] ./app/(root)/bekleidung/[brand]/[slug]/components/ProductDetails.tsx:306:9
Parsing ecmascript source code failed
  304 |           </div>
  305 |         </div>
> 306 |       </div>
      |         ^^^
  307 |
  308 |       {/* ── Sticky add-to-cart bar ──────────────────────── */}
  309 |       <StickyAddToCart

Expected '>', got 'ident'

Import trace:
  Server Component:
    ./app/(root)/bekleidung/[brand]/[slug]/components/ProductDetails.tsx
    ./app/(root)/bekleidung/[brand]/[slug]/page.tsx @ http://localhost:3000/_next/static/chunks/079ae_next_dist_e4f9772e._.js:3127
[   66338ms] [ERROR] ./app/(root)/bekleidung/[brand]/[slug]/components/ProductDetails.tsx:306:9
Parsing ecmascript source code failed
  304 |           </div>
  305 |         </div>
> 306 |       </div>
      |         ^^^
  307 |
  308 |       {/* ── Sticky add-to-cart bar ──────────────────────── */}
  309 |       <StickyAddToCart

Expected '>', got 'ident'

Import trace:
  Server Component:
    ./app/(root)/bekleidung/[brand]/[slug]/components/ProductDetails.tsx
    ./app/(root)/bekleidung/[brand]/[slug]/page.tsx @ http://localhost:3000/_next/static/chunks/079ae_next_dist_e4f9772e._.js:3127
[   66401ms] [ERROR] ./app/(root)/bekleidung/[brand]/[slug]/components/ProductDetails.tsx:306:9
Parsing ecmascript source code failed
  304 |           </div>
  305 |         </div>
> 306 |       </div>
      |         ^^^
  307 |
  308 |       {/* ── Sticky add-to-cart bar ──────────────────────── */}
  309 |       <StickyAddToCart

Expected '>', got 'ident'

Import trace:
  Server Component:
    ./app/(root)/bekleidung/[brand]/[slug]/components/ProductDetails.tsx
    ./app/(root)/bekleidung/[brand]/[slug]/page.tsx @ http://localhost:3000/_next/static/chunks/079ae_next_dist_e4f9772e._.js:3127
[   66462ms] [ERROR] ./app/(root)/bekleidung/[brand]/[slug]/components/ProductDetails.tsx:306:9
Parsing ecmascript source code failed
  304 |           </div>
  305 |         </div>
> 306 |       </div>
      |         ^^^
  307 |
  308 |       {/* ── Sticky add-to-cart bar ──────────────────────── */}
  309 |       <StickyAddToCart

Expected '>', got 'ident'

Import trace:
  Server Component:
    ./app/(root)/bekleidung/[brand]/[slug]/components/ProductDetails.tsx
    ./app/(root)/bekleidung/[brand]/[slug]/page.tsx @ http://localhost:3000/_next/static/chunks/079ae_next_dist_e4f9772e._.js:3127
[   66525ms] [ERROR] ./app/(root)/bekleidung/[brand]/[slug]/components/ProductDetails.tsx:306:9
Parsing ecmascript source code failed
  304 |           </div>
  305 |         </div>
> 306 |       </div>
      |         ^^^
  307 |
  308 |       {/* ── Sticky add-to-cart bar ──────────────────────── */}
  309 |       <StickyAddToCart

Expected '>', got 'ident'

Import trace:
  Server Component:
    ./app/(root)/bekleidung/[brand]/[slug]/components/ProductDetails.tsx
    ./app/(root)/bekleidung/[brand]/[slug]/page.tsx @ http://localhost:3000/_next/static/chunks/079ae_next_dist_e4f9772e._.js:3127
[   66592ms] [ERROR] ./app/(root)/bekleidung/[brand]/[slug]/components/ProductDetails.tsx:306:9
Parsing ecmascript source code failed
  304 |           </div>
  305 |         </div>
> 306 |       </div>
      |         ^^^
  307 |
  308 |       {/* ── Sticky add-to-cart bar ──────────────────────── */}
  309 |       <StickyAddToCart

Expected '>', got 'ident'

Import trace:
  Server Component:
    ./app/(root)/bekleidung/[brand]/[slug]/components/ProductDetails.tsx
    ./app/(root)/bekleidung/[brand]/[slug]/page.tsx @ http://localhost:3000/_next/static/chunks/079ae_next_dist_e4f9772e._.js:3127
[   66665ms] [ERROR] ./app/(root)/bekleidung/[brand]/[slug]/components/ProductDetails.tsx:306:9
Parsing ecmascript source code failed
  304 |           </div>
  305 |         </div>
> 306 |       </div>
      |         ^^^
  307 |
  308 |       {/* ── Sticky add-to-cart bar ──────────────────────── */}
  309 |       <StickyAddToCart

Expected '>', got 'ident'

Import trace:
  Server Component:
    ./app/(root)/bekleidung/[brand]/[slug]/components/ProductDetails.tsx
    ./app/(root)/bekleidung/[brand]/[slug]/page.tsx @ http://localhost:3000/_next/static/chunks/079ae_next_dist_e4f9772e._.js:3127
[   66741ms] [ERROR] ./app/(root)/bekleidung/[brand]/[slug]/components/ProductDetails.tsx:306:9
Parsing ecmascript source code failed
  304 |           </div>
  305 |         </div>
> 306 |       </div>
      |         ^^^
  307 |
  308 |       {/* ── Sticky add-to-cart bar ──────────────────────── */}
  309 |       <StickyAddToCart

Expected '>', got 'ident'

Import trace:
  Server Component:
    ./app/(root)/bekleidung/[brand]/[slug]/components/ProductDetails.tsx
    ./app/(root)/bekleidung/[brand]/[slug]/page.tsx @ http://localhost:3000/_next/static/chunks/079ae_next_dist_e4f9772e._.js:3127
[   66803ms] [ERROR] ./app/(root)/bekleidung/[brand]/[slug]/components/ProductDetails.tsx:306:9
Parsing ecmascript source code failed
  304 |           </div>
  305 |         </div>
> 306 |       </div>
      |         ^^^
  307 |
  308 |       {/* ── Sticky add-to-cart bar ──────────────────────── */}
  309 |       <StickyAddToCart

Expected '>', got 'ident'

Import trace:
  Server Component:
    ./app/(root)/bekleidung/[brand]/[slug]/components/ProductDetails.tsx
    ./app/(root)/bekleidung/[brand]/[slug]/page.tsx @ http://localhost:3000/_next/static/chunks/079ae_next_dist_e4f9772e._.js:3127
[   66865ms] [ERROR] ./app/(root)/bekleidung/[brand]/[slug]/components/ProductDetails.tsx:306:9
Parsing ecmascript source code failed
  304 |           </div>
  305 |         </div>
> 306 |       </div>
      |         ^^^
  307 |
  308 |       {/* ── Sticky add-to-cart bar ──────────────────────── */}
  309 |       <StickyAddToCart

Expected '>', got 'ident'

Import trace:
  Server Component:
    ./app/(root)/bekleidung/[brand]/[slug]/components/ProductDetails.tsx
    ./app/(root)/bekleidung/[brand]/[slug]/page.tsx @ http://localhost:3000/_next/static/chunks/079ae_next_dist_e4f9772e._.js:3127
[   66927ms] [ERROR] ./app/(root)/bekleidung/[brand]/[slug]/components/ProductDetails.tsx:306:9
Parsing ecmascript source code failed
  304 |           </div>
  305 |         </div>
> 306 |       </div>
      |         ^^^
  307 |
  308 |       {/* ── Sticky add-to-cart bar ──────────────────────── */}
  309 |       <StickyAddToCart

Expected '>', got 'ident'

Import trace:
  Server Component:
    ./app/(root)/bekleidung/[brand]/[slug]/components/ProductDetails.tsx
    ./app/(root)/bekleidung/[brand]/[slug]/page.tsx @ http://localhost:3000/_next/static/chunks/079ae_next_dist_e4f9772e._.js:3127
[   66989ms] [ERROR] ./app/(root)/bekleidung/[brand]/[slug]/components/ProductDetails.tsx:306:9
Parsing ecmascript source code failed
  304 |           </div>
  305 |         </div>
> 306 |       </div>
      |         ^^^
  307 |
  308 |       {/* ── Sticky add-to-cart bar ──────────────────────── */}
  309 |       <StickyAddToCart

Expected '>', got 'ident'

Import trace:
  Server Component:
    ./app/(root)/bekleidung/[brand]/[slug]/components/ProductDetails.tsx
    ./app/(root)/bekleidung/[brand]/[slug]/page.tsx @ http://localhost:3000/_next/static/chunks/079ae_next_dist_e4f9772e._.js:3127
[   67053ms] [ERROR] ./app/(root)/bekleidung/[brand]/[slug]/components/ProductDetails.tsx:306:9
Parsing ecmascript source code failed
  304 |           </div>
  305 |         </div>
> 306 |       </div>
      |         ^^^
  307 |
  308 |       {/* ── Sticky add-to-cart bar ──────────────────────── */}
  309 |       <StickyAddToCart

Expected '>', got 'ident'

Import trace:
  Server Component:
    ./app/(root)/bekleidung/[brand]/[slug]/components/ProductDetails.tsx
    ./app/(root)/bekleidung/[brand]/[slug]/page.tsx @ http://localhost:3000/_next/static/chunks/079ae_next_dist_e4f9772e._.js:3127
[   67115ms] [ERROR] ./app/(root)/bekleidung/[brand]/[slug]/components/ProductDetails.tsx:306:9
Parsing ecmascript source code failed
  304 |           </div>
  305 |         </div>
> 306 |       </div>
      |         ^^^
  307 |
  308 |       {/* ── Sticky add-to-cart bar ──────────────────────── */}
  309 |       <StickyAddToCart

Expected '>', got 'ident'

Import trace:
  Server Component:
    ./app/(root)/bekleidung/[brand]/[slug]/components/ProductDetails.tsx
    ./app/(root)/bekleidung/[brand]/[slug]/page.tsx @ http://localhost:3000/_next/static/chunks/079ae_next_dist_e4f9772e._.js:3127
[   67191ms] [ERROR] ./app/(root)/bekleidung/[brand]/[slug]/components/ProductDetails.tsx:306:9
Parsing ecmascript source code failed
  304 |           </div>
  305 |         </div>
> 306 |       </div>
      |         ^^^
  307 |
  308 |       {/* ── Sticky add-to-cart bar ──────────────────────── */}
  309 |       <StickyAddToCart

Expected '>', got 'ident'

Import trace:
  Server Component:
    ./app/(root)/bekleidung/[brand]/[slug]/components/ProductDetails.tsx
    ./app/(root)/bekleidung/[brand]/[slug]/page.tsx @ http://localhost:3000/_next/static/chunks/079ae_next_dist_e4f9772e._.js:3127
[   67255ms] [ERROR] ./app/(root)/bekleidung/[brand]/[slug]/components/ProductDetails.tsx:306:9
Parsing ecmascript source code failed
  304 |           </div>
  305 |         </div>
> 306 |       </div>
      |         ^^^
  307 |
  308 |       {/* ── Sticky add-to-cart bar ──────────────────────── */}
  309 |       <StickyAddToCart

Expected '>', got 'ident'

Import trace:
  Server Component:
    ./app/(root)/bekleidung/[brand]/[slug]/components/ProductDetails.tsx
    ./app/(root)/bekleidung/[brand]/[slug]/page.tsx @ http://localhost:3000/_next/static/chunks/079ae_next_dist_e4f9772e._.js:3127
[   67318ms] [ERROR] ./app/(root)/bekleidung/[brand]/[slug]/components/ProductDetails.tsx:306:9
Parsing ecmascript source code failed
  304 |           </div>
  305 |         </div>
> 306 |       </div>
      |         ^^^
  307 |
  308 |       {/* ── Sticky add-to-cart bar ──────────────────────── */}
  309 |       <StickyAddToCart

Expected '>', got 'ident'

Import trace:
  Server Component:
    ./app/(root)/bekleidung/[brand]/[slug]/components/ProductDetails.tsx
    ./app/(root)/bekleidung/[brand]/[slug]/page.tsx @ http://localhost:3000/_next/static/chunks/079ae_next_dist_e4f9772e._.js:3127
[   67380ms] [ERROR] ./app/(root)/bekleidung/[brand]/[slug]/components/ProductDetails.tsx:306:9
Parsing ecmascript source code failed
  304 |           </div>
  305 |         </div>
> 306 |       </div>
      |         ^^^
  307 |
  308 |       {/* ── Sticky add-to-cart bar ──────────────────────── */}
  309 |       <StickyAddToCart

Expected '>', got 'ident'

Import trace:
  Server Component:
    ./app/(root)/bekleidung/[brand]/[slug]/components/ProductDetails.tsx
    ./app/(root)/bekleidung/[brand]/[slug]/page.tsx @ http://localhost:3000/_next/static/chunks/079ae_next_dist_e4f9772e._.js:3127
[   67442ms] [ERROR] ./app/(root)/bekleidung/[brand]/[slug]/components/ProductDetails.tsx:306:9
Parsing ecmascript source code failed
  304 |           </div>
  305 |         </div>
> 306 |       </div>
      |         ^^^
  307 |
  308 |       {/* ── Sticky add-to-cart bar ──────────────────────── */}
  309 |       <StickyAddToCart

Expected '>', got 'ident'

Import trace:
  Server Component:
    ./app/(root)/bekleidung/[brand]/[slug]/components/ProductDetails.tsx
    ./app/(root)/bekleidung/[brand]/[slug]/page.tsx @ http://localhost:3000/_next/static/chunks/079ae_next_dist_e4f9772e._.js:3127
[   67519ms] [ERROR] ./app/(root)/bekleidung/[brand]/[slug]/components/ProductDetails.tsx:306:9
Parsing ecmascript source code failed
  304 |           </div>
  305 |         </div>
> 306 |       </div>
      |         ^^^
  307 |
  308 |       {/* ── Sticky add-to-cart bar ──────────────────────── */}
  309 |       <StickyAddToCart

Expected '>', got 'ident'

Import trace:
  Server Component:
    ./app/(root)/bekleidung/[brand]/[slug]/components/ProductDetails.tsx
    ./app/(root)/bekleidung/[brand]/[slug]/page.tsx @ http://localhost:3000/_next/static/chunks/079ae_next_dist_e4f9772e._.js:3127
[   67581ms] [ERROR] ./app/(root)/bekleidung/[brand]/[slug]/components/ProductDetails.tsx:306:9
Parsing ecmascript source code failed
  304 |           </div>
  305 |         </div>
> 306 |       </div>
      |         ^^^
  307 |
  308 |       {/* ── Sticky add-to-cart bar ──────────────────────── */}
  309 |       <StickyAddToCart

Expected '>', got 'ident'

Import trace:
  Server Component:
    ./app/(root)/bekleidung/[brand]/[slug]/components/ProductDetails.tsx
    ./app/(root)/bekleidung/[brand]/[slug]/page.tsx @ http://localhost:3000/_next/static/chunks/079ae_next_dist_e4f9772e._.js:3127
[   67642ms] [ERROR] ./app/(root)/bekleidung/[brand]/[slug]/components/ProductDetails.tsx:306:9
Parsing ecmascript source code failed
  304 |           </div>
  305 |         </div>
> 306 |       </div>
      |         ^^^
  307 |
  308 |       {/* ── Sticky add-to-cart bar ──────────────────────── */}
  309 |       <StickyAddToCart

Expected '>', got 'ident'

Import trace:
  Server Component:
    ./app/(root)/bekleidung/[brand]/[slug]/components/ProductDetails.tsx
    ./app/(root)/bekleidung/[brand]/[slug]/page.tsx @ http://localhost:3000/_next/static/chunks/079ae_next_dist_e4f9772e._.js:3127
[   67704ms] [ERROR] ./app/(root)/bekleidung/[brand]/[slug]/components/ProductDetails.tsx:306:9
Parsing ecmascript source code failed
  304 |           </div>
  305 |         </div>
> 306 |       </div>
      |         ^^^
  307 |
  308 |       {/* ── Sticky add-to-cart bar ──────────────────────── */}
  309 |       <StickyAddToCart

Expected '>', got 'ident'

Import trace:
  Server Component:
    ./app/(root)/bekleidung/[brand]/[slug]/components/ProductDetails.tsx
    ./app/(root)/bekleidung/[brand]/[slug]/page.tsx @ http://localhost:3000/_next/static/chunks/079ae_next_dist_e4f9772e._.js:3127
[   67765ms] [ERROR] ./app/(root)/bekleidung/[brand]/[slug]/components/ProductDetails.tsx:306:9
Parsing ecmascript source code failed
  304 |           </div>
  305 |         </div>
> 306 |       </div>
      |         ^^^
  307 |
  308 |       {/* ── Sticky add-to-cart bar ──────────────────────── */}
  309 |       <StickyAddToCart

Expected '>', got 'ident'

Import trace:
  Server Component:
    ./app/(root)/bekleidung/[brand]/[slug]/components/ProductDetails.tsx
    ./app/(root)/bekleidung/[brand]/[slug]/page.tsx @ http://localhost:3000/_next/static/chunks/079ae_next_dist_e4f9772e._.js:3127
[   67828ms] [ERROR] ./app/(root)/bekleidung/[brand]/[slug]/components/ProductDetails.tsx:306:9
Parsing ecmascript source code failed
  304 |           </div>
  305 |         </div>
> 306 |       </div>
      |         ^^^
  307 |
  308 |       {/* ── Sticky add-to-cart bar ──────────────────────── */}
  309 |       <StickyAddToCart

Expected '>', got 'ident'

Import trace:
  Server Component:
    ./app/(root)/bekleidung/[brand]/[slug]/components/ProductDetails.tsx
    ./app/(root)/bekleidung/[brand]/[slug]/page.tsx @ http://localhost:3000/_next/static/chunks/079ae_next_dist_e4f9772e._.js:3127
[   67890ms] [ERROR] ./app/(root)/bekleidung/[brand]/[slug]/components/ProductDetails.tsx:306:9
Parsing ecmascript source code failed
  304 |           </div>
  305 |         </div>
> 306 |       </div>
      |         ^^^
  307 |
  308 |       {/* ── Sticky add-to-cart bar ──────────────────────── */}
  309 |       <StickyAddToCart

Expected '>', got 'ident'

Import trace:
  Server Component:
    ./app/(root)/bekleidung/[brand]/[slug]/components/ProductDetails.tsx
    ./app/(root)/bekleidung/[brand]/[slug]/page.tsx @ http://localhost:3000/_next/static/chunks/079ae_next_dist_e4f9772e._.js:3127
[   67952ms] [ERROR] ./app/(root)/bekleidung/[brand]/[slug]/components/ProductDetails.tsx:306:9
Parsing ecmascript source code failed
  304 |           </div>
  305 |         </div>
> 306 |       </div>
      |         ^^^
  307 |
  308 |       {/* ── Sticky add-to-cart bar ──────────────────────── */}
  309 |       <StickyAddToCart

Expected '>', got 'ident'

Import trace:
  Server Component:
    ./app/(root)/bekleidung/[brand]/[slug]/components/ProductDetails.tsx
    ./app/(root)/bekleidung/[brand]/[slug]/page.tsx @ http://localhost:3000/_next/static/chunks/079ae_next_dist_e4f9772e._.js:3127
[   68014ms] [ERROR] ./app/(root)/bekleidung/[brand]/[slug]/components/ProductDetails.tsx:306:9
Parsing ecmascript source code failed
  304 |           </div>
  305 |         </div>
> 306 |       </div>
      |         ^^^
  307 |
  308 |       {/* ── Sticky add-to-cart bar ──────────────────────── */}
  309 |       <StickyAddToCart

Expected '>', got 'ident'

Import trace:
  Server Component:
    ./app/(root)/bekleidung/[brand]/[slug]/components/ProductDetails.tsx
    ./app/(root)/bekleidung/[brand]/[slug]/page.tsx @ http://localhost:3000/_next/static/chunks/079ae_next_dist_e4f9772e._.js:3127
[   68077ms] [ERROR] ./app/(root)/bekleidung/[brand]/[slug]/components/ProductDetails.tsx:306:9
Parsing ecmascript source code failed
  304 |           </div>
  305 |         </div>
> 306 |       </div>
      |         ^^^
  307 |
  308 |       {/* ── Sticky add-to-cart bar ──────────────────────── */}
  309 |       <StickyAddToCart

Expected '>', got 'ident'

Import trace:
  Server Component:
    ./app/(root)/bekleidung/[brand]/[slug]/components/ProductDetails.tsx
    ./app/(root)/bekleidung/[brand]/[slug]/page.tsx @ http://localhost:3000/_next/static/chunks/079ae_next_dist_e4f9772e._.js:3127
[   68137ms] [ERROR] ./app/(root)/bekleidung/[brand]/[slug]/components/ProductDetails.tsx:306:9
Parsing ecmascript source code failed
  304 |           </div>
  305 |         </div>
> 306 |       </div>
      |         ^^^
  307 |
  308 |       {/* ── Sticky add-to-cart bar ──────────────────────── */}
  309 |       <StickyAddToCart

Expected '>', got 'ident'

Import trace:
  Server Component:
    ./app/(root)/bekleidung/[brand]/[slug]/components/ProductDetails.tsx
    ./app/(root)/bekleidung/[brand]/[slug]/page.tsx @ http://localhost:3000/_next/static/chunks/079ae_next_dist_e4f9772e._.js:3127
[   68200ms] [ERROR] ./app/(root)/bekleidung/[brand]/[slug]/components/ProductDetails.tsx:306:9
Parsing ecmascript source code failed
  304 |           </div>
  305 |         </div>
> 306 |       </div>
      |         ^^^
  307 |
  308 |       {/* ── Sticky add-to-cart bar ──────────────────────── */}
  309 |       <StickyAddToCart

Expected '>', got 'ident'

Import trace:
  Server Component:
    ./app/(root)/bekleidung/[brand]/[slug]/components/ProductDetails.tsx
    ./app/(root)/bekleidung/[brand]/[slug]/page.tsx @ http://localhost:3000/_next/static/chunks/079ae_next_dist_e4f9772e._.js:3127
[   68260ms] [ERROR] ./app/(root)/bekleidung/[brand]/[slug]/components/ProductDetails.tsx:306:9
Parsing ecmascript source code failed
  304 |           </div>
  305 |         </div>
> 306 |       </div>
      |         ^^^
  307 |
  308 |       {/* ── Sticky add-to-cart bar ──────────────────────── */}
  309 |       <StickyAddToCart

Expected '>', got 'ident'

Import trace:
  Server Component:
    ./app/(root)/bekleidung/[brand]/[slug]/components/ProductDetails.tsx
    ./app/(root)/bekleidung/[brand]/[slug]/page.tsx @ http://localhost:3000/_next/static/chunks/079ae_next_dist_e4f9772e._.js:3127
[   68323ms] [ERROR] ./app/(root)/bekleidung/[brand]/[slug]/components/ProductDetails.tsx:306:9
Parsing ecmascript source code failed
  304 |           </div>
  305 |         </div>
> 306 |       </div>
      |         ^^^
  307 |
  308 |       {/* ── Sticky add-to-cart bar ──────────────────────── */}
  309 |       <StickyAddToCart

Expected '>', got 'ident'

Import trace:
  Server Component:
    ./app/(root)/bekleidung/[brand]/[slug]/components/ProductDetails.tsx
    ./app/(root)/bekleidung/[brand]/[slug]/page.tsx @ http://localhost:3000/_next/static/chunks/079ae_next_dist_e4f9772e._.js:3127
[   68385ms] [ERROR] ./app/(root)/bekleidung/[brand]/[slug]/components/ProductDetails.tsx:306:9
Parsing ecmascript source code failed
  304 |           </div>
  305 |         </div>
> 306 |       </div>
      |         ^^^
  307 |
  308 |       {/* ── Sticky add-to-cart bar ──────────────────────── */}
  309 |       <StickyAddToCart

Expected '>', got 'ident'

Import trace:
  Server Component:
    ./app/(root)/bekleidung/[brand]/[slug]/components/ProductDetails.tsx
    ./app/(root)/bekleidung/[brand]/[slug]/page.tsx @ http://localhost:3000/_next/static/chunks/079ae_next_dist_e4f9772e._.js:3127
[   68447ms] [ERROR] ./app/(root)/bekleidung/[brand]/[slug]/components/ProductDetails.tsx:306:9
Parsing ecmascript source code failed
  304 |           </div>
  305 |         </div>
> 306 |       </div>
      |         ^^^
  307 |
  308 |       {/* ── Sticky add-to-cart bar ──────────────────────── */}
  309 |       <StickyAddToCart

Expected '>', got 'ident'

Import trace:
  Server Component:
    ./app/(root)/bekleidung/[brand]/[slug]/components/ProductDetails.tsx
    ./app/(root)/bekleidung/[brand]/[slug]/page.tsx @ http://localhost:3000/_next/static/chunks/079ae_next_dist_e4f9772e._.js:3127
[   68510ms] [ERROR] ./app/(root)/bekleidung/[brand]/[slug]/components/ProductDetails.tsx:306:9
Parsing ecmascript source code failed
  304 |           </div>
  305 |         </div>
> 306 |       </div>
      |         ^^^
  307 |
  308 |       {/* ── Sticky add-to-cart bar ──────────────────────── */}
  309 |       <StickyAddToCart

Expected '>', got 'ident'

Import trace:
  Server Component:
    ./app/(root)/bekleidung/[brand]/[slug]/components/ProductDetails.tsx
    ./app/(root)/bekleidung/[brand]/[slug]/page.tsx @ http://localhost:3000/_next/static/chunks/079ae_next_dist_e4f9772e._.js:3127
[   68571ms] [ERROR] ./app/(root)/bekleidung/[brand]/[slug]/components/ProductDetails.tsx:306:9
Parsing ecmascript source code failed
  304 |           </div>
  305 |         </div>
> 306 |       </div>
      |         ^^^
  307 |
  308 |       {/* ── Sticky add-to-cart bar ──────────────────────── */}
  309 |       <StickyAddToCart

Expected '>', got 'ident'

Import trace:
  Server Component:
    ./app/(root)/bekleidung/[brand]/[slug]/components/ProductDetails.tsx
    ./app/(root)/bekleidung/[brand]/[slug]/page.tsx @ http://localhost:3000/_next/static/chunks/079ae_next_dist_e4f9772e._.js:3127
[   68636ms] [ERROR] ./app/(root)/bekleidung/[brand]/[slug]/components/ProductDetails.tsx:306:9
Parsing ecmascript source code failed
  304 |           </div>
  305 |         </div>
> 306 |       </div>
      |         ^^^
  307 |
  308 |       {/* ── Sticky add-to-cart bar ──────────────────────── */}
  309 |       <StickyAddToCart

Expected '>', got 'ident'

Import trace:
  Server Component:
    ./app/(root)/bekleidung/[brand]/[slug]/components/ProductDetails.tsx
    ./app/(root)/bekleidung/[brand]/[slug]/page.tsx @ http://localhost:3000/_next/static/chunks/079ae_next_dist_e4f9772e._.js:3127
[   68715ms] [ERROR] ./app/(root)/bekleidung/[brand]/[slug]/components/ProductDetails.tsx:306:9
Parsing ecmascript source code failed
  304 |           </div>
  305 |         </div>
> 306 |       </div>
      |         ^^^
  307 |
  308 |       {/* ── Sticky add-to-cart bar ──────────────────────── */}
  309 |       <StickyAddToCart

Expected '>', got 'ident'

Import trace:
  Server Component:
    ./app/(root)/bekleidung/[brand]/[slug]/components/ProductDetails.tsx
    ./app/(root)/bekleidung/[brand]/[slug]/page.tsx @ http://localhost:3000/_next/static/chunks/079ae_next_dist_e4f9772e._.js:3127
[   68792ms] [ERROR] ./app/(root)/bekleidung/[brand]/[slug]/components/ProductDetails.tsx:306:9
Parsing ecmascript source code failed
  304 |           </div>
  305 |         </div>
> 306 |       </div>
      |         ^^^
  307 |
  308 |       {/* ── Sticky add-to-cart bar ──────────────────────── */}
  309 |       <StickyAddToCart

Expected '>', got 'ident'

Import trace:
  Server Component:
    ./app/(root)/bekleidung/[brand]/[slug]/components/ProductDetails.tsx
    ./app/(root)/bekleidung/[brand]/[slug]/page.tsx @ http://localhost:3000/_next/static/chunks/079ae_next_dist_e4f9772e._.js:3127
[   68868ms] [ERROR] ./app/(root)/bekleidung/[brand]/[slug]/components/ProductDetails.tsx:306:9
Parsing ecmascript source code failed
  304 |           </div>
  305 |         </div>
> 306 |       </div>
      |         ^^^
  307 |
  308 |       {/* ── Sticky add-to-cart bar ──────────────────────── */}
  309 |       <StickyAddToCart

Expected '>', got 'ident'

Import trace:
  Server Component:
    ./app/(root)/bekleidung/[brand]/[slug]/components/ProductDetails.tsx
    ./app/(root)/bekleidung/[brand]/[slug]/page.tsx @ http://localhost:3000/_next/static/chunks/079ae_next_dist_e4f9772e._.js:3127
[   68929ms] [ERROR] ./app/(root)/bekleidung/[brand]/[slug]/components/ProductDetails.tsx:306:9
Parsing ecmascript source code failed
  304 |           </div>
  305 |         </div>
> 306 |       </div>
      |         ^^^
  307 |
  308 |       {/* ── Sticky add-to-cart bar ──────────────────────── */}
  309 |       <StickyAddToCart

Expected '>', got 'ident'

Import trace:
  Server Component:
    ./app/(root)/bekleidung/[brand]/[slug]/components/ProductDetails.tsx
    ./app/(root)/bekleidung/[brand]/[slug]/page.tsx @ http://localhost:3000/_next/static/chunks/079ae_next_dist_e4f9772e._.js:3127
[   69004ms] [ERROR] ./app/(root)/bekleidung/[brand]/[slug]/components/ProductDetails.tsx:306:9
Parsing ecmascript source code failed
  304 |           </div>
  305 |         </div>
> 306 |       </div>
      |         ^^^
  307 |
  308 |       {/* ── Sticky add-to-cart bar ──────────────────────── */}
  309 |       <StickyAddToCart

Expected '>', got 'ident'

Import trace:
  Server Component:
    ./app/(root)/bekleidung/[brand]/[slug]/components/ProductDetails.tsx
    ./app/(root)/bekleidung/[brand]/[slug]/page.tsx @ http://localhost:3000/_next/static/chunks/079ae_next_dist_e4f9772e._.js:3127
[   69066ms] [ERROR] ./app/(root)/bekleidung/[brand]/[slug]/components/ProductDetails.tsx:306:9
Parsing ecmascript source code failed
  304 |           </div>
  305 |         </div>
> 306 |       </div>
      |         ^^^
  307 |
  308 |       {/* ── Sticky add-to-cart bar ──────────────────────── */}
  309 |       <StickyAddToCart

Expected '>', got 'ident'

Import trace:
  Server Component:
    ./app/(root)/bekleidung/[brand]/[slug]/components/ProductDetails.tsx
    ./app/(root)/bekleidung/[brand]/[slug]/page.tsx @ http://localhost:3000/_next/static/chunks/079ae_next_dist_e4f9772e._.js:3127
[   69143ms] [ERROR] ./app/(root)/bekleidung/[brand]/[slug]/components/ProductDetails.tsx:306:9
Parsing ecmascript source code failed
  304 |           </div>
  305 |         </div>
> 306 |       </div>
      |         ^^^
  307 |
  308 |       {/* ── Sticky add-to-cart bar ──────────────────────── */}
  309 |       <StickyAddToCart

Expected '>', got 'ident'

Import trace:
  Server Component:
    ./app/(root)/bekleidung/[brand]/[slug]/components/ProductDetails.tsx
    ./app/(root)/bekleidung/[brand]/[slug]/page.tsx @ http://localhost:3000/_next/static/chunks/079ae_next_dist_e4f9772e._.js:3127
[   69205ms] [ERROR] ./app/(root)/bekleidung/[brand]/[slug]/components/ProductDetails.tsx:306:9
Parsing ecmascript source code failed
  304 |           </div>
  305 |         </div>
> 306 |       </div>
      |         ^^^
  307 |
  308 |       {/* ── Sticky add-to-cart bar ──────────────────────── */}
  309 |       <StickyAddToCart

Expected '>', got 'ident'

Import trace:
  Server Component:
    ./app/(root)/bekleidung/[brand]/[slug]/components/ProductDetails.tsx
    ./app/(root)/bekleidung/[brand]/[slug]/page.tsx @ http://localhost:3000/_next/static/chunks/079ae_next_dist_e4f9772e._.js:3127
[   69283ms] [ERROR] ./app/(root)/bekleidung/[brand]/[slug]/components/ProductDetails.tsx:306:9
Parsing ecmascript source code failed
  304 |           </div>
  305 |         </div>
> 306 |       </div>
      |         ^^^
  307 |
  308 |       {/* ── Sticky add-to-cart bar ──────────────────────── */}
  309 |       <StickyAddToCart

Expected '>', got 'ident'

Import trace:
  Server Component:
    ./app/(root)/bekleidung/[brand]/[slug]/components/ProductDetails.tsx
    ./app/(root)/bekleidung/[brand]/[slug]/page.tsx @ http://localhost:3000/_next/static/chunks/079ae_next_dist_e4f9772e._.js:3127
[   69359ms] [ERROR] ./app/(root)/bekleidung/[brand]/[slug]/components/ProductDetails.tsx:306:9
Parsing ecmascript source code failed
  304 |           </div>
  305 |         </div>
> 306 |       </div>
      |         ^^^
  307 |
  308 |       {/* ── Sticky add-to-cart bar ──────────────────────── */}
  309 |       <StickyAddToCart

Expected '>', got 'ident'

Import trace:
  Server Component:
    ./app/(root)/bekleidung/[brand]/[slug]/components/ProductDetails.tsx
    ./app/(root)/bekleidung/[brand]/[slug]/page.tsx @ http://localhost:3000/_next/static/chunks/079ae_next_dist_e4f9772e._.js:3127
[   69422ms] [ERROR] ./app/(root)/bekleidung/[brand]/[slug]/components/ProductDetails.tsx:306:9
Parsing ecmascript source code failed
  304 |           </div>
  305 |         </div>
> 306 |       </div>
      |         ^^^
  307 |
  308 |       {/* ── Sticky add-to-cart bar ──────────────────────── */}
  309 |       <StickyAddToCart

Expected '>', got 'ident'

Import trace:
  Server Component:
    ./app/(root)/bekleidung/[brand]/[slug]/components/ProductDetails.tsx
    ./app/(root)/bekleidung/[brand]/[slug]/page.tsx @ http://localhost:3000/_next/static/chunks/079ae_next_dist_e4f9772e._.js:3127
[   69503ms] [ERROR] ./app/(root)/bekleidung/[brand]/[slug]/components/ProductDetails.tsx:306:9
Parsing ecmascript source code failed
  304 |           </div>
  305 |         </div>
> 306 |       </div>
      |         ^^^
  307 |
  308 |       {/* ── Sticky add-to-cart bar ──────────────────────── */}
  309 |       <StickyAddToCart

Expected '>', got 'ident'

Import trace:
  Server Component:
    ./app/(root)/bekleidung/[brand]/[slug]/components/ProductDetails.tsx
    ./app/(root)/bekleidung/[brand]/[slug]/page.tsx @ http://localhost:3000/_next/static/chunks/079ae_next_dist_e4f9772e._.js:3127
[   69579ms] [ERROR] ./app/(root)/bekleidung/[brand]/[slug]/components/ProductDetails.tsx:306:9
Parsing ecmascript source code failed
  304 |           </div>
  305 |         </div>
> 306 |       </div>
      |         ^^^
  307 |
  308 |       {/* ── Sticky add-to-cart bar ──────────────────────── */}
  309 |       <StickyAddToCart

Expected '>', got 'ident'

Import trace:
  Server Component:
    ./app/(root)/bekleidung/[brand]/[slug]/components/ProductDetails.tsx
    ./app/(root)/bekleidung/[brand]/[slug]/page.tsx @ http://localhost:3000/_next/static/chunks/079ae_next_dist_e4f9772e._.js:3127
[   69657ms] [ERROR] ./app/(root)/bekleidung/[brand]/[slug]/components/ProductDetails.tsx:306:9
Parsing ecmascript source code failed
  304 |           </div>
  305 |         </div>
> 306 |       </div>
      |         ^^^
  307 |
  308 |       {/* ── Sticky add-to-cart bar ──────────────────────── */}
  309 |       <StickyAddToCart

Expected '>', got 'ident'

Import trace:
  Server Component:
    ./app/(root)/bekleidung/[brand]/[slug]/components/ProductDetails.tsx
    ./app/(root)/bekleidung/[brand]/[slug]/page.tsx @ http://localhost:3000/_next/static/chunks/079ae_next_dist_e4f9772e._.js:3127
[   69730ms] [ERROR] ./app/(root)/bekleidung/[brand]/[slug]/components/ProductDetails.tsx:306:9
Parsing ecmascript source code failed
  304 |           </div>
  305 |         </div>
> 306 |       </div>
      |         ^^^
  307 |
  308 |       {/* ── Sticky add-to-cart bar ──────────────────────── */}
  309 |       <StickyAddToCart

Expected '>', got 'ident'

Import trace:
  Server Component:
    ./app/(root)/bekleidung/[brand]/[slug]/components/ProductDetails.tsx
    ./app/(root)/bekleidung/[brand]/[slug]/page.tsx @ http://localhost:3000/_next/static/chunks/079ae_next_dist_e4f9772e._.js:3127
[   69808ms] [ERROR] ./app/(root)/bekleidung/[brand]/[slug]/components/ProductDetails.tsx:306:9
Parsing ecmascript source code failed
  304 |           </div>
  305 |         </div>
> 306 |       </div>
      |         ^^^
  307 |
  308 |       {/* ── Sticky add-to-cart bar ──────────────────────── */}
  309 |       <StickyAddToCart

Expected '>', got 'ident'

Import trace:
  Server Component:
    ./app/(root)/bekleidung/[brand]/[slug]/components/ProductDetails.tsx
    ./app/(root)/bekleidung/[brand]/[slug]/page.tsx @ http://localhost:3000/_next/static/chunks/079ae_next_dist_e4f9772e._.js:3127
[   69885ms] [ERROR] ./app/(root)/bekleidung/[brand]/[slug]/components/ProductDetails.tsx:306:9
Parsing ecmascript source code failed
  304 |           </div>
  305 |         </div>
> 306 |       </div>
      |         ^^^
  307 |
  308 |       {/* ── Sticky add-to-cart bar ──────────────────────── */}
  309 |       <StickyAddToCart

Expected '>', got 'ident'

Import trace:
  Server Component:
    ./app/(root)/bekleidung/[brand]/[slug]/components/ProductDetails.tsx
    ./app/(root)/bekleidung/[brand]/[slug]/page.tsx @ http://localhost:3000/_next/static/chunks/079ae_next_dist_e4f9772e._.js:3127
[   69960ms] [ERROR] ./app/(root)/bekleidung/[brand]/[slug]/components/ProductDetails.tsx:306:9
Parsing ecmascript source code failed
  304 |           </div>
  305 |         </div>
> 306 |       </div>
      |         ^^^
  307 |
  308 |       {/* ── Sticky add-to-cart bar ──────────────────────── */}
  309 |       <StickyAddToCart

Expected '>', got 'ident'

Import trace:
  Server Component:
    ./app/(root)/bekleidung/[brand]/[slug]/components/ProductDetails.tsx
    ./app/(root)/bekleidung/[brand]/[slug]/page.tsx @ http://localhost:3000/_next/static/chunks/079ae_next_dist_e4f9772e._.js:3127
[   70036ms] [ERROR] ./app/(root)/bekleidung/[brand]/[slug]/components/ProductDetails.tsx:306:9
Parsing ecmascript source code failed
  304 |           </div>
  305 |         </div>
> 306 |       </div>
      |         ^^^
  307 |
  308 |       {/* ── Sticky add-to-cart bar ──────────────────────── */}
  309 |       <StickyAddToCart

Expected '>', got 'ident'

Import trace:
  Server Component:
    ./app/(root)/bekleidung/[brand]/[slug]/components/ProductDetails.tsx
    ./app/(root)/bekleidung/[brand]/[slug]/page.tsx @ http://localhost:3000/_next/static/chunks/079ae_next_dist_e4f9772e._.js:3127
[   70113ms] [ERROR] ./app/(root)/bekleidung/[brand]/[slug]/components/ProductDetails.tsx:306:9
Parsing ecmascript source code failed
  304 |           </div>
  305 |         </div>
> 306 |       </div>
      |         ^^^
  307 |
  308 |       {/* ── Sticky add-to-cart bar ──────────────────────── */}
  309 |       <StickyAddToCart

Expected '>', got 'ident'

Import trace:
  Server Component:
    ./app/(root)/bekleidung/[brand]/[slug]/components/ProductDetails.tsx
    ./app/(root)/bekleidung/[brand]/[slug]/page.tsx @ http://localhost:3000/_next/static/chunks/079ae_next_dist_e4f9772e._.js:3127
[   70188ms] [ERROR] ./app/(root)/bekleidung/[brand]/[slug]/components/ProductDetails.tsx:306:9
Parsing ecmascript source code failed
  304 |           </div>
  305 |         </div>
> 306 |       </div>
      |         ^^^
  307 |
  308 |       {/* ── Sticky add-to-cart bar ──────────────────────── */}
  309 |       <StickyAddToCart

Expected '>', got 'ident'

Import trace:
  Server Component:
    ./app/(root)/bekleidung/[brand]/[slug]/components/ProductDetails.tsx
    ./app/(root)/bekleidung/[brand]/[slug]/page.tsx @ http://localhost:3000/_next/static/chunks/079ae_next_dist_e4f9772e._.js:3127
[   70251ms] [ERROR] ./app/(root)/bekleidung/[brand]/[slug]/components/ProductDetails.tsx:306:9
Parsing ecmascript source code failed
  304 |           </div>
  305 |         </div>
> 306 |       </div>
      |         ^^^
  307 |
  308 |       {/* ── Sticky add-to-cart bar ──────────────────────── */}
  309 |       <StickyAddToCart

Expected '>', got 'ident'

Import trace:
  Server Component:
    ./app/(root)/bekleidung/[brand]/[slug]/components/ProductDetails.tsx
    ./app/(root)/bekleidung/[brand]/[slug]/page.tsx @ http://localhost:3000/_next/static/chunks/079ae_next_dist_e4f9772e._.js:3127
[   70326ms] [ERROR] ./app/(root)/bekleidung/[brand]/[slug]/components/ProductDetails.tsx:306:9
Parsing ecmascript source code failed
  304 |           </div>
  305 |         </div>
> 306 |       </div>
      |         ^^^
  307 |
  308 |       {/* ── Sticky add-to-cart bar ──────────────────────── */}
  309 |       <StickyAddToCart

Expected '>', got 'ident'

Import trace:
  Server Component:
    ./app/(root)/bekleidung/[brand]/[slug]/components/ProductDetails.tsx
    ./app/(root)/bekleidung/[brand]/[slug]/page.tsx @ http://localhost:3000/_next/static/chunks/079ae_next_dist_e4f9772e._.js:3127
[   70388ms] [ERROR] ./app/(root)/bekleidung/[brand]/[slug]/components/ProductDetails.tsx:306:9
Parsing ecmascript source code failed
  304 |           </div>
  305 |         </div>
> 306 |       </div>
      |         ^^^
  307 |
  308 |       {/* ── Sticky add-to-cart bar ──────────────────────── */}
  309 |       <StickyAddToCart

Expected '>', got 'ident'

Import trace:
  Server Component:
    ./app/(root)/bekleidung/[brand]/[slug]/components/ProductDetails.tsx
    ./app/(root)/bekleidung/[brand]/[slug]/page.tsx @ http://localhost:3000/_next/static/chunks/079ae_next_dist_e4f9772e._.js:3127
[   70449ms] [ERROR] ./app/(root)/bekleidung/[brand]/[slug]/components/ProductDetails.tsx:306:9
Parsing ecmascript source code failed
  304 |           </div>
  305 |         </div>
> 306 |       </div>
      |         ^^^
  307 |
  308 |       {/* ── Sticky add-to-cart bar ──────────────────────── */}
  309 |       <StickyAddToCart

Expected '>', got 'ident'

Import trace:
  Server Component:
    ./app/(root)/bekleidung/[brand]/[slug]/components/ProductDetails.tsx
    ./app/(root)/bekleidung/[brand]/[slug]/page.tsx @ http://localhost:3000/_next/static/chunks/079ae_next_dist_e4f9772e._.js:3127
[   70510ms] [ERROR] ./app/(root)/bekleidung/[brand]/[slug]/components/ProductDetails.tsx:306:9
Parsing ecmascript source code failed
  304 |           </div>
  305 |         </div>
> 306 |       </div>
      |         ^^^
  307 |
  308 |       {/* ── Sticky add-to-cart bar ──────────────────────── */}
  309 |       <StickyAddToCart

Expected '>', got 'ident'

Import trace:
  Server Component:
    ./app/(root)/bekleidung/[brand]/[slug]/components/ProductDetails.tsx
    ./app/(root)/bekleidung/[brand]/[slug]/page.tsx @ http://localhost:3000/_next/static/chunks/079ae_next_dist_e4f9772e._.js:3127
[   70572ms] [ERROR] ./app/(root)/bekleidung/[brand]/[slug]/components/ProductDetails.tsx:306:9
Parsing ecmascript source code failed
  304 |           </div>
  305 |         </div>
> 306 |       </div>
      |         ^^^
  307 |
  308 |       {/* ── Sticky add-to-cart bar ──────────────────────── */}
  309 |       <StickyAddToCart

Expected '>', got 'ident'

Import trace:
  Server Component:
    ./app/(root)/bekleidung/[brand]/[slug]/components/ProductDetails.tsx
    ./app/(root)/bekleidung/[brand]/[slug]/page.tsx @ http://localhost:3000/_next/static/chunks/079ae_next_dist_e4f9772e._.js:3127
[   70634ms] [ERROR] ./app/(root)/bekleidung/[brand]/[slug]/components/ProductDetails.tsx:306:9
Parsing ecmascript source code failed
  304 |           </div>
  305 |         </div>
> 306 |       </div>
      |         ^^^
  307 |
  308 |       {/* ── Sticky add-to-cart bar ──────────────────────── */}
  309 |       <StickyAddToCart

Expected '>', got 'ident'

Import trace:
  Server Component:
    ./app/(root)/bekleidung/[brand]/[slug]/components/ProductDetails.tsx
    ./app/(root)/bekleidung/[brand]/[slug]/page.tsx @ http://localhost:3000/_next/static/chunks/079ae_next_dist_e4f9772e._.js:3127
[   70696ms] [ERROR] ./app/(root)/bekleidung/[brand]/[slug]/components/ProductDetails.tsx:306:9
Parsing ecmascript source code failed
  304 |           </div>
  305 |         </div>
> 306 |       </div>
      |         ^^^
  307 |
  308 |       {/* ── Sticky add-to-cart bar ──────────────────────── */}
  309 |       <StickyAddToCart

Expected '>', got 'ident'

Import trace:
  Server Component:
    ./app/(root)/bekleidung/[brand]/[slug]/components/ProductDetails.tsx
    ./app/(root)/bekleidung/[brand]/[slug]/page.tsx @ http://localhost:3000/_next/static/chunks/079ae_next_dist_e4f9772e._.js:3127
[   70759ms] [ERROR] ./app/(root)/bekleidung/[brand]/[slug]/components/ProductDetails.tsx:306:9
Parsing ecmascript source code failed
  304 |           </div>
  305 |         </div>
> 306 |       </div>
      |         ^^^
  307 |
  308 |       {/* ── Sticky add-to-cart bar ──────────────────────── */}
  309 |       <StickyAddToCart

Expected '>', got 'ident'

Import trace:
  Server Component:
    ./app/(root)/bekleidung/[brand]/[slug]/components/ProductDetails.tsx
    ./app/(root)/bekleidung/[brand]/[slug]/page.tsx @ http://localhost:3000/_next/static/chunks/079ae_next_dist_e4f9772e._.js:3127
[   70820ms] [ERROR] ./app/(root)/bekleidung/[brand]/[slug]/components/ProductDetails.tsx:306:9
Parsing ecmascript source code failed
  304 |           </div>
  305 |         </div>
> 306 |       </div>
      |         ^^^
  307 |
  308 |       {/* ── Sticky add-to-cart bar ──────────────────────── */}
  309 |       <StickyAddToCart

Expected '>', got 'ident'

Import trace:
  Server Component:
    ./app/(root)/bekleidung/[brand]/[slug]/components/ProductDetails.tsx
    ./app/(root)/bekleidung/[brand]/[slug]/page.tsx @ http://localhost:3000/_next/static/chunks/079ae_next_dist_e4f9772e._.js:3127
[   70884ms] [ERROR] ./app/(root)/bekleidung/[brand]/[slug]/components/ProductDetails.tsx:306:9
Parsing ecmascript source code failed
  304 |           </div>
  305 |         </div>
> 306 |       </div>
      |         ^^^
  307 |
  308 |       {/* ── Sticky add-to-cart bar ──────────────────────── */}
  309 |       <StickyAddToCart

Expected '>', got 'ident'

Import trace:
  Server Component:
    ./app/(root)/bekleidung/[brand]/[slug]/components/ProductDetails.tsx
    ./app/(root)/bekleidung/[brand]/[slug]/page.tsx @ http://localhost:3000/_next/static/chunks/079ae_next_dist_e4f9772e._.js:3127
[   70947ms] [ERROR] ./app/(root)/bekleidung/[brand]/[slug]/components/ProductDetails.tsx:306:9
Parsing ecmascript source code failed
  304 |           </div>
  305 |         </div>
> 306 |       </div>
      |         ^^^
  307 |
  308 |       {/* ── Sticky add-to-cart bar ──────────────────────── */}
  309 |       <StickyAddToCart

Expected '>', got 'ident'

Import trace:
  Server Component:
    ./app/(root)/bekleidung/[brand]/[slug]/components/ProductDetails.tsx
    ./app/(root)/bekleidung/[brand]/[slug]/page.tsx @ http://localhost:3000/_next/static/chunks/079ae_next_dist_e4f9772e._.js:3127
[   71010ms] [ERROR] ./app/(root)/bekleidung/[brand]/[slug]/components/ProductDetails.tsx:306:9
Parsing ecmascript source code failed
  304 |           </div>
  305 |         </div>
> 306 |       </div>
      |         ^^^
  307 |
  308 |       {/* ── Sticky add-to-cart bar ──────────────────────── */}
  309 |       <StickyAddToCart

Expected '>', got 'ident'

Import trace:
  Server Component:
    ./app/(root)/bekleidung/[brand]/[slug]/components/ProductDetails.tsx
    ./app/(root)/bekleidung/[brand]/[slug]/page.tsx @ http://localhost:3000/_next/static/chunks/079ae_next_dist_e4f9772e._.js:3127
[   71071ms] [ERROR] ./app/(root)/bekleidung/[brand]/[slug]/components/ProductDetails.tsx:306:9
Parsing ecmascript source code failed
  304 |           </div>
  305 |         </div>
> 306 |       </div>
      |         ^^^
  307 |
  308 |       {/* ── Sticky add-to-cart bar ──────────────────────── */}
  309 |       <StickyAddToCart

Expected '>', got 'ident'

Import trace:
  Server Component:
    ./app/(root)/bekleidung/[brand]/[slug]/components/ProductDetails.tsx
    ./app/(root)/bekleidung/[brand]/[slug]/page.tsx @ http://localhost:3000/_next/static/chunks/079ae_next_dist_e4f9772e._.js:3127
[   71132ms] [ERROR] ./app/(root)/bekleidung/[brand]/[slug]/components/ProductDetails.tsx:306:9
Parsing ecmascript source code failed
  304 |           </div>
  305 |         </div>
> 306 |       </div>
      |         ^^^
  307 |
  308 |       {/* ── Sticky add-to-cart bar ──────────────────────── */}
  309 |       <StickyAddToCart

Expected '>', got 'ident'

Import trace:
  Server Component:
    ./app/(root)/bekleidung/[brand]/[slug]/components/ProductDetails.tsx
    ./app/(root)/bekleidung/[brand]/[slug]/page.tsx @ http://localhost:3000/_next/static/chunks/079ae_next_dist_e4f9772e._.js:3127
[   71193ms] [ERROR] ./app/(root)/bekleidung/[brand]/[slug]/components/ProductDetails.tsx:306:9
Parsing ecmascript source code failed
  304 |           </div>
  305 |         </div>
> 306 |       </div>
      |         ^^^
  307 |
  308 |       {/* ── Sticky add-to-cart bar ──────────────────────── */}
  309 |       <StickyAddToCart

Expected '>', got 'ident'

Import trace:
  Server Component:
    ./app/(root)/bekleidung/[brand]/[slug]/components/ProductDetails.tsx
    ./app/(root)/bekleidung/[brand]/[slug]/page.tsx @ http://localhost:3000/_next/static/chunks/079ae_next_dist_e4f9772e._.js:3127
[   71255ms] [ERROR] ./app/(root)/bekleidung/[brand]/[slug]/components/ProductDetails.tsx:306:9
Parsing ecmascript source code failed
  304 |           </div>
  305 |         </div>
> 306 |       </div>
      |         ^^^
  307 |
  308 |       {/* ── Sticky add-to-cart bar ──────────────────────── */}
  309 |       <StickyAddToCart

Expected '>', got 'ident'

Import trace:
  Server Component:
    ./app/(root)/bekleidung/[brand]/[slug]/components/ProductDetails.tsx
    ./app/(root)/bekleidung/[brand]/[slug]/page.tsx @ http://localhost:3000/_next/static/chunks/079ae_next_dist_e4f9772e._.js:3127
[   71321ms] [ERROR] ./app/(root)/bekleidung/[brand]/[slug]/components/ProductDetails.tsx:306:9
Parsing ecmascript source code failed
  304 |           </div>
  305 |         </div>
> 306 |       </div>
      |         ^^^
  307 |
  308 |       {/* ── Sticky add-to-cart bar ──────────────────────── */}
  309 |       <StickyAddToCart

Expected '>', got 'ident'

Import trace:
  Server Component:
    ./app/(root)/bekleidung/[brand]/[slug]/components/ProductDetails.tsx
    ./app/(root)/bekleidung/[brand]/[slug]/page.tsx @ http://localhost:3000/_next/static/chunks/079ae_next_dist_e4f9772e._.js:3127
[   71379ms] [ERROR] ./app/(root)/bekleidung/[brand]/[slug]/components/ProductDetails.tsx:306:9
Parsing ecmascript source code failed
  304 |           </div>
  305 |         </div>
> 306 |       </div>
      |         ^^^
  307 |
  308 |       {/* ── Sticky add-to-cart bar ──────────────────────── */}
  309 |       <StickyAddToCart

Expected '>', got 'ident'

Import trace:
  Server Component:
    ./app/(root)/bekleidung/[brand]/[slug]/components/ProductDetails.tsx
    ./app/(root)/bekleidung/[brand]/[slug]/page.tsx @ http://localhost:3000/_next/static/chunks/079ae_next_dist_e4f9772e._.js:3127
[   71442ms] [ERROR] ./app/(root)/bekleidung/[brand]/[slug]/components/ProductDetails.tsx:306:9
Parsing ecmascript source code failed
  304 |           </div>
  305 |         </div>
> 306 |       </div>
      |         ^^^
  307 |
  308 |       {/* ── Sticky add-to-cart bar ──────────────────────── */}
  309 |       <StickyAddToCart

Expected '>', got 'ident'

Import trace:
  Server Component:
    ./app/(root)/bekleidung/[brand]/[slug]/components/ProductDetails.tsx
    ./app/(root)/bekleidung/[brand]/[slug]/page.tsx @ http://localhost:3000/_next/static/chunks/079ae_next_dist_e4f9772e._.js:3127
[   71505ms] [ERROR] ./app/(root)/bekleidung/[brand]/[slug]/components/ProductDetails.tsx:306:9
Parsing ecmascript source code failed
  304 |           </div>
  305 |         </div>
> 306 |       </div>
      |         ^^^
  307 |
  308 |       {/* ── Sticky add-to-cart bar ──────────────────────── */}
  309 |       <StickyAddToCart

Expected '>', got 'ident'

Import trace:
  Server Component:
    ./app/(root)/bekleidung/[brand]/[slug]/components/ProductDetails.tsx
    ./app/(root)/bekleidung/[brand]/[slug]/page.tsx @ http://localhost:3000/_next/static/chunks/079ae_next_dist_e4f9772e._.js:3127
[   71565ms] [ERROR] ./app/(root)/bekleidung/[brand]/[slug]/components/ProductDetails.tsx:306:9
Parsing ecmascript source code failed
  304 |           </div>
  305 |         </div>
> 306 |       </div>
      |         ^^^
  307 |
  308 |       {/* ── Sticky add-to-cart bar ──────────────────────── */}
  309 |       <StickyAddToCart

Expected '>', got 'ident'

Import trace:
  Server Component:
    ./app/(root)/bekleidung/[brand]/[slug]/components/ProductDetails.tsx
    ./app/(root)/bekleidung/[brand]/[slug]/page.tsx @ http://localhost:3000/_next/static/chunks/079ae_next_dist_e4f9772e._.js:3127
[   71626ms] [ERROR] ./app/(root)/bekleidung/[brand]/[slug]/components/ProductDetails.tsx:306:9
Parsing ecmascript source code failed
  304 |           </div>
  305 |         </div>
> 306 |       </div>
      |         ^^^
  307 |
  308 |       {/* ── Sticky add-to-cart bar ──────────────────────── */}
  309 |       <StickyAddToCart

Expected '>', got 'ident'

Import trace:
  Server Component:
    ./app/(root)/bekleidung/[brand]/[slug]/components/ProductDetails.tsx
    ./app/(root)/bekleidung/[brand]/[slug]/page.tsx @ http://localhost:3000/_next/static/chunks/079ae_next_dist_e4f9772e._.js:3127
[   71688ms] [ERROR] ./app/(root)/bekleidung/[brand]/[slug]/components/ProductDetails.tsx:306:9
Parsing ecmascript source code failed
  304 |           </div>
  305 |         </div>
> 306 |       </div>
      |         ^^^
  307 |
  308 |       {/* ── Sticky add-to-cart bar ──────────────────────── */}
  309 |       <StickyAddToCart

Expected '>', got 'ident'

Import trace:
  Server Component:
    ./app/(root)/bekleidung/[brand]/[slug]/components/ProductDetails.tsx
    ./app/(root)/bekleidung/[brand]/[slug]/page.tsx @ http://localhost:3000/_next/static/chunks/079ae_next_dist_e4f9772e._.js:3127
[   71749ms] [ERROR] ./app/(root)/bekleidung/[brand]/[slug]/components/ProductDetails.tsx:306:9
Parsing ecmascript source code failed
  304 |           </div>
  305 |         </div>
> 306 |       </div>
      |         ^^^
  307 |
  308 |       {/* ── Sticky add-to-cart bar ──────────────────────── */}
  309 |       <StickyAddToCart

Expected '>', got 'ident'

Import trace:
  Server Component:
    ./app/(root)/bekleidung/[brand]/[slug]/components/ProductDetails.tsx
    ./app/(root)/bekleidung/[brand]/[slug]/page.tsx @ http://localhost:3000/_next/static/chunks/079ae_next_dist_e4f9772e._.js:3127
[   71812ms] [ERROR] ./app/(root)/bekleidung/[brand]/[slug]/components/ProductDetails.tsx:306:9
Parsing ecmascript source code failed
  304 |           </div>
  305 |         </div>
> 306 |       </div>
      |         ^^^
  307 |
  308 |       {/* ── Sticky add-to-cart bar ──────────────────────── */}
  309 |       <StickyAddToCart

Expected '>', got 'ident'

Import trace:
  Server Component:
    ./app/(root)/bekleidung/[brand]/[slug]/components/ProductDetails.tsx
    ./app/(root)/bekleidung/[brand]/[slug]/page.tsx @ http://localhost:3000/_next/static/chunks/079ae_next_dist_e4f9772e._.js:3127
[   71872ms] [ERROR] ./app/(root)/bekleidung/[brand]/[slug]/components/ProductDetails.tsx:306:9
Parsing ecmascript source code failed
  304 |           </div>
  305 |         </div>
> 306 |       </div>
      |         ^^^
  307 |
  308 |       {/* ── Sticky add-to-cart bar ──────────────────────── */}
  309 |       <StickyAddToCart

Expected '>', got 'ident'

Import trace:
  Server Component:
    ./app/(root)/bekleidung/[brand]/[slug]/components/ProductDetails.tsx
    ./app/(root)/bekleidung/[brand]/[slug]/page.tsx @ http://localhost:3000/_next/static/chunks/079ae_next_dist_e4f9772e._.js:3127
[   71935ms] [ERROR] ./app/(root)/bekleidung/[brand]/[slug]/components/ProductDetails.tsx:306:9
Parsing ecmascript source code failed
  304 |           </div>
  305 |         </div>
> 306 |       </div>
      |         ^^^
  307 |
  308 |       {/* ── Sticky add-to-cart bar ──────────────────────── */}
  309 |       <StickyAddToCart

Expected '>', got 'ident'

Import trace:
  Server Component:
    ./app/(root)/bekleidung/[brand]/[slug]/components/ProductDetails.tsx
    ./app/(root)/bekleidung/[brand]/[slug]/page.tsx @ http://localhost:3000/_next/static/chunks/079ae_next_dist_e4f9772e._.js:3127
[   71996ms] [ERROR] ./app/(root)/bekleidung/[brand]/[slug]/components/ProductDetails.tsx:306:9
Parsing ecmascript source code failed
  304 |           </div>
  305 |         </div>
> 306 |       </div>
      |         ^^^
  307 |
  308 |       {/* ── Sticky add-to-cart bar ──────────────────────── */}
  309 |       <StickyAddToCart

Expected '>', got 'ident'

Import trace:
  Server Component:
    ./app/(root)/bekleidung/[brand]/[slug]/components/ProductDetails.tsx
    ./app/(root)/bekleidung/[brand]/[slug]/page.tsx @ http://localhost:3000/_next/static/chunks/079ae_next_dist_e4f9772e._.js:3127
[   72058ms] [ERROR] ./app/(root)/bekleidung/[brand]/[slug]/components/ProductDetails.tsx:306:9
Parsing ecmascript source code failed
  304 |           </div>
  305 |         </div>
> 306 |       </div>
      |         ^^^
  307 |
  308 |       {/* ── Sticky add-to-cart bar ──────────────────────── */}
  309 |       <StickyAddToCart

Expected '>', got 'ident'

Import trace:
  Server Component:
    ./app/(root)/bekleidung/[brand]/[slug]/components/ProductDetails.tsx
    ./app/(root)/bekleidung/[brand]/[slug]/page.tsx @ http://localhost:3000/_next/static/chunks/079ae_next_dist_e4f9772e._.js:3127
[   72122ms] [ERROR] ./app/(root)/bekleidung/[brand]/[slug]/components/ProductDetails.tsx:306:9
Parsing ecmascript source code failed
  304 |           </div>
  305 |         </div>
> 306 |       </div>
      |         ^^^
  307 |
  308 |       {/* ── Sticky add-to-cart bar ──────────────────────── */}
  309 |       <StickyAddToCart

Expected '>', got 'ident'

Import trace:
  Server Component:
    ./app/(root)/bekleidung/[brand]/[slug]/components/ProductDetails.tsx
    ./app/(root)/bekleidung/[brand]/[slug]/page.tsx @ http://localhost:3000/_next/static/chunks/079ae_next_dist_e4f9772e._.js:3127
[   72185ms] [ERROR] ./app/(root)/bekleidung/[brand]/[slug]/components/ProductDetails.tsx:306:9
Parsing ecmascript source code failed
  304 |           </div>
  305 |         </div>
> 306 |       </div>
      |         ^^^
  307 |
  308 |       {/* ── Sticky add-to-cart bar ──────────────────────── */}
  309 |       <StickyAddToCart

Expected '>', got 'ident'

Import trace:
  Server Component:
    ./app/(root)/bekleidung/[brand]/[slug]/components/ProductDetails.tsx
    ./app/(root)/bekleidung/[brand]/[slug]/page.tsx @ http://localhost:3000/_next/static/chunks/079ae_next_dist_e4f9772e._.js:3127
[   72248ms] [ERROR] ./app/(root)/bekleidung/[brand]/[slug]/components/ProductDetails.tsx:306:9
Parsing ecmascript source code failed
  304 |           </div>
  305 |         </div>
> 306 |       </div>
      |         ^^^
  307 |
  308 |       {/* ── Sticky add-to-cart bar ──────────────────────── */}
  309 |       <StickyAddToCart

Expected '>', got 'ident'

Import trace:
  Server Component:
    ./app/(root)/bekleidung/[brand]/[slug]/components/ProductDetails.tsx
    ./app/(root)/bekleidung/[brand]/[slug]/page.tsx @ http://localhost:3000/_next/static/chunks/079ae_next_dist_e4f9772e._.js:3127
[   72310ms] [ERROR] ./app/(root)/bekleidung/[brand]/[slug]/components/ProductDetails.tsx:306:9
Parsing ecmascript source code failed
  304 |           </div>
  305 |         </div>
> 306 |       </div>
      |         ^^^
  307 |
  308 |       {/* ── Sticky add-to-cart bar ──────────────────────── */}
  309 |       <StickyAddToCart

Expected '>', got 'ident'

Import trace:
  Server Component:
    ./app/(root)/bekleidung/[brand]/[slug]/components/ProductDetails.tsx
    ./app/(root)/bekleidung/[brand]/[slug]/page.tsx @ http://localhost:3000/_next/static/chunks/079ae_next_dist_e4f9772e._.js:3127
[   72373ms] [ERROR] ./app/(root)/bekleidung/[brand]/[slug]/components/ProductDetails.tsx:306:9
Parsing ecmascript source code failed
  304 |           </div>
  305 |         </div>
> 306 |       </div>
      |         ^^^
  307 |
  308 |       {/* ── Sticky add-to-cart bar ──────────────────────── */}
  309 |       <StickyAddToCart

Expected '>', got 'ident'

Import trace:
  Server Component:
    ./app/(root)/bekleidung/[brand]/[slug]/components/ProductDetails.tsx
    ./app/(root)/bekleidung/[brand]/[slug]/page.tsx @ http://localhost:3000/_next/static/chunks/079ae_next_dist_e4f9772e._.js:3127
[   72437ms] [ERROR] ./app/(root)/bekleidung/[brand]/[slug]/components/ProductDetails.tsx:306:9
Parsing ecmascript source code failed
  304 |           </div>
  305 |         </div>
> 306 |       </div>
      |         ^^^
  307 |
  308 |       {/* ── Sticky add-to-cart bar ──────────────────────── */}
  309 |       <StickyAddToCart

Expected '>', got 'ident'

Import trace:
  Server Component:
    ./app/(root)/bekleidung/[brand]/[slug]/components/ProductDetails.tsx
    ./app/(root)/bekleidung/[brand]/[slug]/page.tsx @ http://localhost:3000/_next/static/chunks/079ae_next_dist_e4f9772e._.js:3127
[   72500ms] [ERROR] ./app/(root)/bekleidung/[brand]/[slug]/components/ProductDetails.tsx:306:9
Parsing ecmascript source code failed
  304 |           </div>
  305 |         </div>
> 306 |       </div>
      |         ^^^
  307 |
  308 |       {/* ── Sticky add-to-cart bar ──────────────────────── */}
  309 |       <StickyAddToCart

Expected '>', got 'ident'

Import trace:
  Server Component:
    ./app/(root)/bekleidung/[brand]/[slug]/components/ProductDetails.tsx
    ./app/(root)/bekleidung/[brand]/[slug]/page.tsx @ http://localhost:3000/_next/static/chunks/079ae_next_dist_e4f9772e._.js:3127
[   72562ms] [ERROR] ./app/(root)/bekleidung/[brand]/[slug]/components/ProductDetails.tsx:306:9
Parsing ecmascript source code failed
  304 |           </div>
  305 |         </div>
> 306 |       </div>
      |         ^^^
  307 |
  308 |       {/* ── Sticky add-to-cart bar ──────────────────────── */}
  309 |       <StickyAddToCart

Expected '>', got 'ident'

Import trace:
  Server Component:
    ./app/(root)/bekleidung/[brand]/[slug]/components/ProductDetails.tsx
    ./app/(root)/bekleidung/[brand]/[slug]/page.tsx @ http://localhost:3000/_next/static/chunks/079ae_next_dist_e4f9772e._.js:3127
[   72625ms] [ERROR] ./app/(root)/bekleidung/[brand]/[slug]/components/ProductDetails.tsx:306:9
Parsing ecmascript source code failed
  304 |           </div>
  305 |         </div>
> 306 |       </div>
      |         ^^^
  307 |
  308 |       {/* ── Sticky add-to-cart bar ──────────────────────── */}
  309 |       <StickyAddToCart

Expected '>', got 'ident'

Import trace:
  Server Component:
    ./app/(root)/bekleidung/[brand]/[slug]/components/ProductDetails.tsx
    ./app/(root)/bekleidung/[brand]/[slug]/page.tsx @ http://localhost:3000/_next/static/chunks/079ae_next_dist_e4f9772e._.js:3127
[   72688ms] [ERROR] ./app/(root)/bekleidung/[brand]/[slug]/components/ProductDetails.tsx:306:9
Parsing ecmascript source code failed
  304 |           </div>
  305 |         </div>
> 306 |       </div>
      |         ^^^
  307 |
  308 |       {/* ── Sticky add-to-cart bar ──────────────────────── */}
  309 |       <StickyAddToCart

Expected '>', got 'ident'

Import trace:
  Server Component:
    ./app/(root)/bekleidung/[brand]/[slug]/components/ProductDetails.tsx
    ./app/(root)/bekleidung/[brand]/[slug]/page.tsx @ http://localhost:3000/_next/static/chunks/079ae_next_dist_e4f9772e._.js:3127
[   72750ms] [ERROR] ./app/(root)/bekleidung/[brand]/[slug]/components/ProductDetails.tsx:306:9
Parsing ecmascript source code failed
  304 |           </div>
  305 |         </div>
> 306 |       </div>
      |         ^^^
  307 |
  308 |       {/* ── Sticky add-to-cart bar ──────────────────────── */}
  309 |       <StickyAddToCart

Expected '>', got 'ident'

Import trace:
  Server Component:
    ./app/(root)/bekleidung/[brand]/[slug]/components/ProductDetails.tsx
    ./app/(root)/bekleidung/[brand]/[slug]/page.tsx @ http://localhost:3000/_next/static/chunks/079ae_next_dist_e4f9772e._.js:3127
[   72811ms] [ERROR] ./app/(root)/bekleidung/[brand]/[slug]/components/ProductDetails.tsx:306:9
Parsing ecmascript source code failed
  304 |           </div>
  305 |         </div>
> 306 |       </div>
      |         ^^^
  307 |
  308 |       {/* ── Sticky add-to-cart bar ──────────────────────── */}
  309 |       <StickyAddToCart

Expected '>', got 'ident'

Import trace:
  Server Component:
    ./app/(root)/bekleidung/[brand]/[slug]/components/ProductDetails.tsx
    ./app/(root)/bekleidung/[brand]/[slug]/page.tsx @ http://localhost:3000/_next/static/chunks/079ae_next_dist_e4f9772e._.js:3127
[   72874ms] [ERROR] ./app/(root)/bekleidung/[brand]/[slug]/components/ProductDetails.tsx:306:9
Parsing ecmascript source code failed
  304 |           </div>
  305 |         </div>
> 306 |       </div>
      |         ^^^
  307 |
  308 |       {/* ── Sticky add-to-cart bar ──────────────────────── */}
  309 |       <StickyAddToCart

Expected '>', got 'ident'

Import trace:
  Server Component:
    ./app/(root)/bekleidung/[brand]/[slug]/components/ProductDetails.tsx
    ./app/(root)/bekleidung/[brand]/[slug]/page.tsx @ http://localhost:3000/_next/static/chunks/079ae_next_dist_e4f9772e._.js:3127
[   72937ms] [ERROR] ./app/(root)/bekleidung/[brand]/[slug]/components/ProductDetails.tsx:306:9
Parsing ecmascript source code failed
  304 |           </div>
  305 |         </div>
> 306 |       </div>
      |         ^^^
  307 |
  308 |       {/* ── Sticky add-to-cart bar ──────────────────────── */}
  309 |       <StickyAddToCart

Expected '>', got 'ident'

Import trace:
  Server Component:
    ./app/(root)/bekleidung/[brand]/[slug]/components/ProductDetails.tsx
    ./app/(root)/bekleidung/[brand]/[slug]/page.tsx @ http://localhost:3000/_next/static/chunks/079ae_next_dist_e4f9772e._.js:3127
[   73000ms] [ERROR] ./app/(root)/bekleidung/[brand]/[slug]/components/ProductDetails.tsx:306:9
Parsing ecmascript source code failed
  304 |           </div>
  305 |         </div>
> 306 |       </div>
      |         ^^^
  307 |
  308 |       {/* ── Sticky add-to-cart bar ──────────────────────── */}
  309 |       <StickyAddToCart

Expected '>', got 'ident'

Import trace:
  Server Component:
    ./app/(root)/bekleidung/[brand]/[slug]/components/ProductDetails.tsx
    ./app/(root)/bekleidung/[brand]/[slug]/page.tsx @ http://localhost:3000/_next/static/chunks/079ae_next_dist_e4f9772e._.js:3127
[   73061ms] [ERROR] ./app/(root)/bekleidung/[brand]/[slug]/components/ProductDetails.tsx:306:9
Parsing ecmascript source code failed
  304 |           </div>
  305 |         </div>
> 306 |       </div>
      |         ^^^
  307 |
  308 |       {/* ── Sticky add-to-cart bar ──────────────────────── */}
  309 |       <StickyAddToCart

Expected '>', got 'ident'

Import trace:
  Server Component:
    ./app/(root)/bekleidung/[brand]/[slug]/components/ProductDetails.tsx
    ./app/(root)/bekleidung/[brand]/[slug]/page.tsx @ http://localhost:3000/_next/static/chunks/079ae_next_dist_e4f9772e._.js:3127
[   73122ms] [ERROR] ./app/(root)/bekleidung/[brand]/[slug]/components/ProductDetails.tsx:306:9
Parsing ecmascript source code failed
  304 |           </div>
  305 |         </div>
> 306 |       </div>
      |         ^^^
  307 |
  308 |       {/* ── Sticky add-to-cart bar ──────────────────────── */}
  309 |       <StickyAddToCart

Expected '>', got 'ident'

Import trace:
  Server Component:
    ./app/(root)/bekleidung/[brand]/[slug]/components/ProductDetails.tsx
    ./app/(root)/bekleidung/[brand]/[slug]/page.tsx @ http://localhost:3000/_next/static/chunks/079ae_next_dist_e4f9772e._.js:3127
[   73183ms] [ERROR] ./app/(root)/bekleidung/[brand]/[slug]/components/ProductDetails.tsx:306:9
Parsing ecmascript source code failed
  304 |           </div>
  305 |         </div>
> 306 |       </div>
      |         ^^^
  307 |
  308 |       {/* ── Sticky add-to-cart bar ──────────────────────── */}
  309 |       <StickyAddToCart

Expected '>', got 'ident'

Import trace:
  Server Component:
    ./app/(root)/bekleidung/[brand]/[slug]/components/ProductDetails.tsx
    ./app/(root)/bekleidung/[brand]/[slug]/page.tsx @ http://localhost:3000/_next/static/chunks/079ae_next_dist_e4f9772e._.js:3127
[   73246ms] [ERROR] ./app/(root)/bekleidung/[brand]/[slug]/components/ProductDetails.tsx:306:9
Parsing ecmascript source code failed
  304 |           </div>
  305 |         </div>
> 306 |       </div>
      |         ^^^
  307 |
  308 |       {/* ── Sticky add-to-cart bar ──────────────────────── */}
  309 |       <StickyAddToCart

Expected '>', got 'ident'

Import trace:
  Server Component:
    ./app/(root)/bekleidung/[brand]/[slug]/components/ProductDetails.tsx
    ./app/(root)/bekleidung/[brand]/[slug]/page.tsx @ http://localhost:3000/_next/static/chunks/079ae_next_dist_e4f9772e._.js:3127
[   73307ms] [ERROR] ./app/(root)/bekleidung/[brand]/[slug]/components/ProductDetails.tsx:306:9
Parsing ecmascript source code failed
  304 |           </div>
  305 |         </div>
> 306 |       </div>
      |         ^^^
  307 |
  308 |       {/* ── Sticky add-to-cart bar ──────────────────────── */}
  309 |       <StickyAddToCart

Expected '>', got 'ident'

Import trace:
  Server Component:
    ./app/(root)/bekleidung/[brand]/[slug]/components/ProductDetails.tsx
    ./app/(root)/bekleidung/[brand]/[slug]/page.tsx @ http://localhost:3000/_next/static/chunks/079ae_next_dist_e4f9772e._.js:3127
[   73370ms] [ERROR] ./app/(root)/bekleidung/[brand]/[slug]/components/ProductDetails.tsx:306:9
Parsing ecmascript source code failed
  304 |           </div>
  305 |         </div>
> 306 |       </div>
      |         ^^^
  307 |
  308 |       {/* ── Sticky add-to-cart bar ──────────────────────── */}
  309 |       <StickyAddToCart

Expected '>', got 'ident'

Import trace:
  Server Component:
    ./app/(root)/bekleidung/[brand]/[slug]/components/ProductDetails.tsx
    ./app/(root)/bekleidung/[brand]/[slug]/page.tsx @ http://localhost:3000/_next/static/chunks/079ae_next_dist_e4f9772e._.js:3127
[   73433ms] [ERROR] ./app/(root)/bekleidung/[brand]/[slug]/components/ProductDetails.tsx:306:9
Parsing ecmascript source code failed
  304 |           </div>
  305 |         </div>
> 306 |       </div>
      |         ^^^
  307 |
  308 |       {/* ── Sticky add-to-cart bar ──────────────────────── */}
  309 |       <StickyAddToCart

Expected '>', got 'ident'

Import trace:
  Server Component:
    ./app/(root)/bekleidung/[brand]/[slug]/components/ProductDetails.tsx
    ./app/(root)/bekleidung/[brand]/[slug]/page.tsx @ http://localhost:3000/_next/static/chunks/079ae_next_dist_e4f9772e._.js:3127
[   73509ms] [ERROR] ./app/(root)/bekleidung/[brand]/[slug]/components/ProductDetails.tsx:306:9
Parsing ecmascript source code failed
  304 |           </div>
  305 |         </div>
> 306 |       </div>
      |         ^^^
  307 |
  308 |       {/* ── Sticky add-to-cart bar ──────────────────────── */}
  309 |       <StickyAddToCart

Expected '>', got 'ident'

Import trace:
  Server Component:
    ./app/(root)/bekleidung/[brand]/[slug]/components/ProductDetails.tsx
    ./app/(root)/bekleidung/[brand]/[slug]/page.tsx @ http://localhost:3000/_next/static/chunks/079ae_next_dist_e4f9772e._.js:3127
[   73571ms] [ERROR] ./app/(root)/bekleidung/[brand]/[slug]/components/ProductDetails.tsx:306:9
Parsing ecmascript source code failed
  304 |           </div>
  305 |         </div>
> 306 |       </div>
      |         ^^^
  307 |
  308 |       {/* ── Sticky add-to-cart bar ──────────────────────── */}
  309 |       <StickyAddToCart

Expected '>', got 'ident'

Import trace:
  Server Component:
    ./app/(root)/bekleidung/[brand]/[slug]/components/ProductDetails.tsx
    ./app/(root)/bekleidung/[brand]/[slug]/page.tsx @ http://localhost:3000/_next/static/chunks/079ae_next_dist_e4f9772e._.js:3127
[   73634ms] [ERROR] ./app/(root)/bekleidung/[brand]/[slug]/components/ProductDetails.tsx:306:9
Parsing ecmascript source code failed
  304 |           </div>
  305 |         </div>
> 306 |       </div>
      |         ^^^
  307 |
  308 |       {/* ── Sticky add-to-cart bar ──────────────────────── */}
  309 |       <StickyAddToCart

Expected '>', got 'ident'

Import trace:
  Server Component:
    ./app/(root)/bekleidung/[brand]/[slug]/components/ProductDetails.tsx
    ./app/(root)/bekleidung/[brand]/[slug]/page.tsx @ http://localhost:3000/_next/static/chunks/079ae_next_dist_e4f9772e._.js:3127
[   73695ms] [ERROR] ./app/(root)/bekleidung/[brand]/[slug]/components/ProductDetails.tsx:306:9
Parsing ecmascript source code failed
  304 |           </div>
  305 |         </div>
> 306 |       </div>
      |         ^^^
  307 |
  308 |       {/* ── Sticky add-to-cart bar ──────────────────────── */}
  309 |       <StickyAddToCart

Expected '>', got 'ident'

Import trace:
  Server Component:
    ./app/(root)/bekleidung/[brand]/[slug]/components/ProductDetails.tsx
    ./app/(root)/bekleidung/[brand]/[slug]/page.tsx @ http://localhost:3000/_next/static/chunks/079ae_next_dist_e4f9772e._.js:3127
[   73757ms] [ERROR] ./app/(root)/bekleidung/[brand]/[slug]/components/ProductDetails.tsx:306:9
Parsing ecmascript source code failed
  304 |           </div>
  305 |         </div>
> 306 |       </div>
      |         ^^^
  307 |
  308 |       {/* ── Sticky add-to-cart bar ──────────────────────── */}
  309 |       <StickyAddToCart

Expected '>', got 'ident'

Import trace:
  Server Component:
    ./app/(root)/bekleidung/[brand]/[slug]/components/ProductDetails.tsx
    ./app/(root)/bekleidung/[brand]/[slug]/page.tsx @ http://localhost:3000/_next/static/chunks/079ae_next_dist_e4f9772e._.js:3127
[   73820ms] [ERROR] ./app/(root)/bekleidung/[brand]/[slug]/components/ProductDetails.tsx:306:9
Parsing ecmascript source code failed
  304 |           </div>
  305 |         </div>
> 306 |       </div>
      |         ^^^
  307 |
  308 |       {/* ── Sticky add-to-cart bar ──────────────────────── */}
  309 |       <StickyAddToCart

Expected '>', got 'ident'

Import trace:
  Server Component:
    ./app/(root)/bekleidung/[brand]/[slug]/components/ProductDetails.tsx
    ./app/(root)/bekleidung/[brand]/[slug]/page.tsx @ http://localhost:3000/_next/static/chunks/079ae_next_dist_e4f9772e._.js:3127
[   73883ms] [ERROR] ./app/(root)/bekleidung/[brand]/[slug]/components/ProductDetails.tsx:306:9
Parsing ecmascript source code failed
  304 |           </div>
  305 |         </div>
> 306 |       </div>
      |         ^^^
  307 |
  308 |       {/* ── Sticky add-to-cart bar ──────────────────────── */}
  309 |       <StickyAddToCart

Expected '>', got 'ident'

Import trace:
  Server Component:
    ./app/(root)/bekleidung/[brand]/[slug]/components/ProductDetails.tsx
    ./app/(root)/bekleidung/[brand]/[slug]/page.tsx @ http://localhost:3000/_next/static/chunks/079ae_next_dist_e4f9772e._.js:3127
[   73944ms] [ERROR] ./app/(root)/bekleidung/[brand]/[slug]/components/ProductDetails.tsx:306:9
Parsing ecmascript source code failed
  304 |           </div>
  305 |         </div>
> 306 |       </div>
      |         ^^^
  307 |
  308 |       {/* ── Sticky add-to-cart bar ──────────────────────── */}
  309 |       <StickyAddToCart

Expected '>', got 'ident'

Import trace:
  Server Component:
    ./app/(root)/bekleidung/[brand]/[slug]/components/ProductDetails.tsx
    ./app/(root)/bekleidung/[brand]/[slug]/page.tsx @ http://localhost:3000/_next/static/chunks/079ae_next_dist_e4f9772e._.js:3127
[   74007ms] [ERROR] ./app/(root)/bekleidung/[brand]/[slug]/components/ProductDetails.tsx:306:9
Parsing ecmascript source code failed
  304 |           </div>
  305 |         </div>
> 306 |       </div>
      |         ^^^
  307 |
  308 |       {/* ── Sticky add-to-cart bar ──────────────────────── */}
  309 |       <StickyAddToCart

Expected '>', got 'ident'

Import trace:
  Server Component:
    ./app/(root)/bekleidung/[brand]/[slug]/components/ProductDetails.tsx
    ./app/(root)/bekleidung/[brand]/[slug]/page.tsx @ http://localhost:3000/_next/static/chunks/079ae_next_dist_e4f9772e._.js:3127
[   74069ms] [ERROR] ./app/(root)/bekleidung/[brand]/[slug]/components/ProductDetails.tsx:306:9
Parsing ecmascript source code failed
  304 |           </div>
  305 |         </div>
> 306 |       </div>
      |         ^^^
  307 |
  308 |       {/* ── Sticky add-to-cart bar ──────────────────────── */}
  309 |       <StickyAddToCart

Expected '>', got 'ident'

Import trace:
  Server Component:
    ./app/(root)/bekleidung/[brand]/[slug]/components/ProductDetails.tsx
    ./app/(root)/bekleidung/[brand]/[slug]/page.tsx @ http://localhost:3000/_next/static/chunks/079ae_next_dist_e4f9772e._.js:3127
[   74131ms] [ERROR] ./app/(root)/bekleidung/[brand]/[slug]/components/ProductDetails.tsx:306:9
Parsing ecmascript source code failed
  304 |           </div>
  305 |         </div>
> 306 |       </div>
      |         ^^^
  307 |
  308 |       {/* ── Sticky add-to-cart bar ──────────────────────── */}
  309 |       <StickyAddToCart

Expected '>', got 'ident'

Import trace:
  Server Component:
    ./app/(root)/bekleidung/[brand]/[slug]/components/ProductDetails.tsx
    ./app/(root)/bekleidung/[brand]/[slug]/page.tsx @ http://localhost:3000/_next/static/chunks/079ae_next_dist_e4f9772e._.js:3127
[   74209ms] [ERROR] ./app/(root)/bekleidung/[brand]/[slug]/components/ProductDetails.tsx:306:9
Parsing ecmascript source code failed
  304 |           </div>
  305 |         </div>
> 306 |       </div>
      |         ^^^
  307 |
  308 |       {/* ── Sticky add-to-cart bar ──────────────────────── */}
  309 |       <StickyAddToCart

Expected '>', got 'ident'

Import trace:
  Server Component:
    ./app/(root)/bekleidung/[brand]/[slug]/components/ProductDetails.tsx
    ./app/(root)/bekleidung/[brand]/[slug]/page.tsx @ http://localhost:3000/_next/static/chunks/079ae_next_dist_e4f9772e._.js:3127
[   74269ms] [ERROR] ./app/(root)/bekleidung/[brand]/[slug]/components/ProductDetails.tsx:306:9
Parsing ecmascript source code failed
  304 |           </div>
  305 |         </div>
> 306 |       </div>
      |         ^^^
  307 |
  308 |       {/* ── Sticky add-to-cart bar ──────────────────────── */}
  309 |       <StickyAddToCart

Expected '>', got 'ident'

Import trace:
  Server Component:
    ./app/(root)/bekleidung/[brand]/[slug]/components/ProductDetails.tsx
    ./app/(root)/bekleidung/[brand]/[slug]/page.tsx @ http://localhost:3000/_next/static/chunks/079ae_next_dist_e4f9772e._.js:3127
[   74331ms] [ERROR] ./app/(root)/bekleidung/[brand]/[slug]/components/ProductDetails.tsx:306:9
Parsing ecmascript source code failed
  304 |           </div>
  305 |         </div>
> 306 |       </div>
      |         ^^^
  307 |
  308 |       {/* ── Sticky add-to-cart bar ──────────────────────── */}
  309 |       <StickyAddToCart

Expected '>', got 'ident'

Import trace:
  Server Component:
    ./app/(root)/bekleidung/[brand]/[slug]/components/ProductDetails.tsx
    ./app/(root)/bekleidung/[brand]/[slug]/page.tsx @ http://localhost:3000/_next/static/chunks/079ae_next_dist_e4f9772e._.js:3127
[   74410ms] [ERROR] ./app/(root)/bekleidung/[brand]/[slug]/components/ProductDetails.tsx:306:9
Parsing ecmascript source code failed
  304 |           </div>
  305 |         </div>
> 306 |       </div>
      |         ^^^
  307 |
  308 |       {/* ── Sticky add-to-cart bar ──────────────────────── */}
  309 |       <StickyAddToCart

Expected '>', got 'ident'

Import trace:
  Server Component:
    ./app/(root)/bekleidung/[brand]/[slug]/components/ProductDetails.tsx
    ./app/(root)/bekleidung/[brand]/[slug]/page.tsx @ http://localhost:3000/_next/static/chunks/079ae_next_dist_e4f9772e._.js:3127
[   74473ms] [ERROR] ./app/(root)/bekleidung/[brand]/[slug]/components/ProductDetails.tsx:306:9
Parsing ecmascript source code failed
  304 |           </div>
  305 |         </div>
> 306 |       </div>
      |         ^^^
  307 |
  308 |       {/* ── Sticky add-to-cart bar ──────────────────────── */}
  309 |       <StickyAddToCart

Expected '>', got 'ident'

Import trace:
  Server Component:
    ./app/(root)/bekleidung/[brand]/[slug]/components/ProductDetails.tsx
    ./app/(root)/bekleidung/[brand]/[slug]/page.tsx @ http://localhost:3000/_next/static/chunks/079ae_next_dist_e4f9772e._.js:3127
[   74534ms] [ERROR] ./app/(root)/bekleidung/[brand]/[slug]/components/ProductDetails.tsx:306:9
Parsing ecmascript source code failed
  304 |           </div>
  305 |         </div>
> 306 |       </div>
      |         ^^^
  307 |
  308 |       {/* ── Sticky add-to-cart bar ──────────────────────── */}
  309 |       <StickyAddToCart

Expected '>', got 'ident'

Import trace:
  Server Component:
    ./app/(root)/bekleidung/[brand]/[slug]/components/ProductDetails.tsx
    ./app/(root)/bekleidung/[brand]/[slug]/page.tsx @ http://localhost:3000/_next/static/chunks/079ae_next_dist_e4f9772e._.js:3127
[   74597ms] [ERROR] ./app/(root)/bekleidung/[brand]/[slug]/components/ProductDetails.tsx:306:9
Parsing ecmascript source code failed
  304 |           </div>
  305 |         </div>
> 306 |       </div>
      |         ^^^
  307 |
  308 |       {/* ── Sticky add-to-cart bar ──────────────────────── */}
  309 |       <StickyAddToCart

Expected '>', got 'ident'

Import trace:
  Server Component:
    ./app/(root)/bekleidung/[brand]/[slug]/components/ProductDetails.tsx
    ./app/(root)/bekleidung/[brand]/[slug]/page.tsx @ http://localhost:3000/_next/static/chunks/079ae_next_dist_e4f9772e._.js:3127
[   74659ms] [ERROR] ./app/(root)/bekleidung/[brand]/[slug]/components/ProductDetails.tsx:306:9
Parsing ecmascript source code failed
  304 |           </div>
  305 |         </div>
> 306 |       </div>
      |         ^^^
  307 |
  308 |       {/* ── Sticky add-to-cart bar ──────────────────────── */}
  309 |       <StickyAddToCart

Expected '>', got 'ident'

Import trace:
  Server Component:
    ./app/(root)/bekleidung/[brand]/[slug]/components/ProductDetails.tsx
    ./app/(root)/bekleidung/[brand]/[slug]/page.tsx @ http://localhost:3000/_next/static/chunks/079ae_next_dist_e4f9772e._.js:3127
[   74721ms] [ERROR] ./app/(root)/bekleidung/[brand]/[slug]/components/ProductDetails.tsx:306:9
Parsing ecmascript source code failed
  304 |           </div>
  305 |         </div>
> 306 |       </div>
      |         ^^^
  307 |
  308 |       {/* ── Sticky add-to-cart bar ──────────────────────── */}
  309 |       <StickyAddToCart

Expected '>', got 'ident'

Import trace:
  Server Component:
    ./app/(root)/bekleidung/[brand]/[slug]/components/ProductDetails.tsx
    ./app/(root)/bekleidung/[brand]/[slug]/page.tsx @ http://localhost:3000/_next/static/chunks/079ae_next_dist_e4f9772e._.js:3127
[   74782ms] [ERROR] ./app/(root)/bekleidung/[brand]/[slug]/components/ProductDetails.tsx:306:9
Parsing ecmascript source code failed
  304 |           </div>
  305 |         </div>
> 306 |       </div>
      |         ^^^
  307 |
  308 |       {/* ── Sticky add-to-cart bar ──────────────────────── */}
  309 |       <StickyAddToCart

Expected '>', got 'ident'

Import trace:
  Server Component:
    ./app/(root)/bekleidung/[brand]/[slug]/components/ProductDetails.tsx
    ./app/(root)/bekleidung/[brand]/[slug]/page.tsx @ http://localhost:3000/_next/static/chunks/079ae_next_dist_e4f9772e._.js:3127
[   74844ms] [ERROR] ./app/(root)/bekleidung/[brand]/[slug]/components/ProductDetails.tsx:306:9
Parsing ecmascript source code failed
  304 |           </div>
  305 |         </div>
> 306 |       </div>
      |         ^^^
  307 |
  308 |       {/* ── Sticky add-to-cart bar ──────────────────────── */}
  309 |       <StickyAddToCart

Expected '>', got 'ident'

Import trace:
  Server Component:
    ./app/(root)/bekleidung/[brand]/[slug]/components/ProductDetails.tsx
    ./app/(root)/bekleidung/[brand]/[slug]/page.tsx @ http://localhost:3000/_next/static/chunks/079ae_next_dist_e4f9772e._.js:3127
[   74906ms] [ERROR] ./app/(root)/bekleidung/[brand]/[slug]/components/ProductDetails.tsx:306:9
Parsing ecmascript source code failed
  304 |           </div>
  305 |         </div>
> 306 |       </div>
      |         ^^^
  307 |
  308 |       {/* ── Sticky add-to-cart bar ──────────────────────── */}
  309 |       <StickyAddToCart

Expected '>', got 'ident'

Import trace:
  Server Component:
    ./app/(root)/bekleidung/[brand]/[slug]/components/ProductDetails.tsx
    ./app/(root)/bekleidung/[brand]/[slug]/page.tsx @ http://localhost:3000/_next/static/chunks/079ae_next_dist_e4f9772e._.js:3127
[   74968ms] [ERROR] ./app/(root)/bekleidung/[brand]/[slug]/components/ProductDetails.tsx:306:9
Parsing ecmascript source code failed
  304 |           </div>
  305 |         </div>
> 306 |       </div>
      |         ^^^
  307 |
  308 |       {/* ── Sticky add-to-cart bar ──────────────────────── */}
  309 |       <StickyAddToCart

Expected '>', got 'ident'

Import trace:
  Server Component:
    ./app/(root)/bekleidung/[brand]/[slug]/components/ProductDetails.tsx
    ./app/(root)/bekleidung/[brand]/[slug]/page.tsx @ http://localhost:3000/_next/static/chunks/079ae_next_dist_e4f9772e._.js:3127
[   75031ms] [ERROR] ./app/(root)/bekleidung/[brand]/[slug]/components/ProductDetails.tsx:306:9
Parsing ecmascript source code failed
  304 |           </div>
  305 |         </div>
> 306 |       </div>
      |         ^^^
  307 |
  308 |       {/* ── Sticky add-to-cart bar ──────────────────────── */}
  309 |       <StickyAddToCart

Expected '>', got 'ident'

Import trace:
  Server Component:
    ./app/(root)/bekleidung/[brand]/[slug]/components/ProductDetails.tsx
    ./app/(root)/bekleidung/[brand]/[slug]/page.tsx @ http://localhost:3000/_next/static/chunks/079ae_next_dist_e4f9772e._.js:3127
[   75092ms] [ERROR] ./app/(root)/bekleidung/[brand]/[slug]/components/ProductDetails.tsx:306:9
Parsing ecmascript source code failed
  304 |           </div>
  305 |         </div>
> 306 |       </div>
      |         ^^^
  307 |
  308 |       {/* ── Sticky add-to-cart bar ──────────────────────── */}
  309 |       <StickyAddToCart

Expected '>', got 'ident'

Import trace:
  Server Component:
    ./app/(root)/bekleidung/[brand]/[slug]/components/ProductDetails.tsx
    ./app/(root)/bekleidung/[brand]/[slug]/page.tsx @ http://localhost:3000/_next/static/chunks/079ae_next_dist_e4f9772e._.js:3127
[   75155ms] [ERROR] ./app/(root)/bekleidung/[brand]/[slug]/components/ProductDetails.tsx:306:9
Parsing ecmascript source code failed
  304 |           </div>
  305 |         </div>
> 306 |       </div>
      |         ^^^
  307 |
  308 |       {/* ── Sticky add-to-cart bar ──────────────────────── */}
  309 |       <StickyAddToCart

Expected '>', got 'ident'

Import trace:
  Server Component:
    ./app/(root)/bekleidung/[brand]/[slug]/components/ProductDetails.tsx
    ./app/(root)/bekleidung/[brand]/[slug]/page.tsx @ http://localhost:3000/_next/static/chunks/079ae_next_dist_e4f9772e._.js:3127
[   75217ms] [ERROR] ./app/(root)/bekleidung/[brand]/[slug]/components/ProductDetails.tsx:306:9
Parsing ecmascript source code failed
  304 |           </div>
  305 |         </div>
> 306 |       </div>
      |         ^^^
  307 |
  308 |       {/* ── Sticky add-to-cart bar ──────────────────────── */}
  309 |       <StickyAddToCart

Expected '>', got 'ident'

Import trace:
  Server Component:
    ./app/(root)/bekleidung/[brand]/[slug]/components/ProductDetails.tsx
    ./app/(root)/bekleidung/[brand]/[slug]/page.tsx @ http://localhost:3000/_next/static/chunks/079ae_next_dist_e4f9772e._.js:3127
[   75279ms] [ERROR] ./app/(root)/bekleidung/[brand]/[slug]/components/ProductDetails.tsx:306:9
Parsing ecmascript source code failed
  304 |           </div>
  305 |         </div>
> 306 |       </div>
      |         ^^^
  307 |
  308 |       {/* ── Sticky add-to-cart bar ──────────────────────── */}
  309 |       <StickyAddToCart

Expected '>', got 'ident'

Import trace:
  Server Component:
    ./app/(root)/bekleidung/[brand]/[slug]/components/ProductDetails.tsx
    ./app/(root)/bekleidung/[brand]/[slug]/page.tsx @ http://localhost:3000/_next/static/chunks/079ae_next_dist_e4f9772e._.js:3127
[   75340ms] [ERROR] ./app/(root)/bekleidung/[brand]/[slug]/components/ProductDetails.tsx:306:9
Parsing ecmascript source code failed
  304 |           </div>
  305 |         </div>
> 306 |       </div>
      |         ^^^
  307 |
  308 |       {/* ── Sticky add-to-cart bar ──────────────────────── */}
  309 |       <StickyAddToCart

Expected '>', got 'ident'

Import trace:
  Server Component:
    ./app/(root)/bekleidung/[brand]/[slug]/components/ProductDetails.tsx
    ./app/(root)/bekleidung/[brand]/[slug]/page.tsx @ http://localhost:3000/_next/static/chunks/079ae_next_dist_e4f9772e._.js:3127
[   75402ms] [ERROR] ./app/(root)/bekleidung/[brand]/[slug]/components/ProductDetails.tsx:306:9
Parsing ecmascript source code failed
  304 |           </div>
  305 |         </div>
> 306 |       </div>
      |         ^^^
  307 |
  308 |       {/* ── Sticky add-to-cart bar ──────────────────────── */}
  309 |       <StickyAddToCart

Expected '>', got 'ident'

Import trace:
  Server Component:
    ./app/(root)/bekleidung/[brand]/[slug]/components/ProductDetails.tsx
    ./app/(root)/bekleidung/[brand]/[slug]/page.tsx @ http://localhost:3000/_next/static/chunks/079ae_next_dist_e4f9772e._.js:3127
[   75466ms] [ERROR] ./app/(root)/bekleidung/[brand]/[slug]/components/ProductDetails.tsx:306:9
Parsing ecmascript source code failed
  304 |           </div>
  305 |         </div>
> 306 |       </div>
      |         ^^^
  307 |
  308 |       {/* ── Sticky add-to-cart bar ──────────────────────── */}
  309 |       <StickyAddToCart

Expected '>', got 'ident'

Import trace:
  Server Component:
    ./app/(root)/bekleidung/[brand]/[slug]/components/ProductDetails.tsx
    ./app/(root)/bekleidung/[brand]/[slug]/page.tsx @ http://localhost:3000/_next/static/chunks/079ae_next_dist_e4f9772e._.js:3127
[   75526ms] [ERROR] ./app/(root)/bekleidung/[brand]/[slug]/components/ProductDetails.tsx:306:9
Parsing ecmascript source code failed
  304 |           </div>
  305 |         </div>
> 306 |       </div>
      |         ^^^
  307 |
  308 |       {/* ── Sticky add-to-cart bar ──────────────────────── */}
  309 |       <StickyAddToCart

Expected '>', got 'ident'

Import trace:
  Server Component:
    ./app/(root)/bekleidung/[brand]/[slug]/components/ProductDetails.tsx
    ./app/(root)/bekleidung/[brand]/[slug]/page.tsx @ http://localhost:3000/_next/static/chunks/079ae_next_dist_e4f9772e._.js:3127
[   75589ms] [ERROR] ./app/(root)/bekleidung/[brand]/[slug]/components/ProductDetails.tsx:306:9
Parsing ecmascript source code failed
  304 |           </div>
  305 |         </div>
> 306 |       </div>
      |         ^^^
  307 |
  308 |       {/* ── Sticky add-to-cart bar ──────────────────────── */}
  309 |       <StickyAddToCart

Expected '>', got 'ident'

Import trace:
  Server Component:
    ./app/(root)/bekleidung/[brand]/[slug]/components/ProductDetails.tsx
    ./app/(root)/bekleidung/[brand]/[slug]/page.tsx @ http://localhost:3000/_next/static/chunks/079ae_next_dist_e4f9772e._.js:3127
[   75651ms] [ERROR] ./app/(root)/bekleidung/[brand]/[slug]/components/ProductDetails.tsx:306:9
Parsing ecmascript source code failed
  304 |           </div>
  305 |         </div>
> 306 |       </div>
      |         ^^^
  307 |
  308 |       {/* ── Sticky add-to-cart bar ──────────────────────── */}
  309 |       <StickyAddToCart

Expected '>', got 'ident'

Import trace:
  Server Component:
    ./app/(root)/bekleidung/[brand]/[slug]/components/ProductDetails.tsx
    ./app/(root)/bekleidung/[brand]/[slug]/page.tsx @ http://localhost:3000/_next/static/chunks/079ae_next_dist_e4f9772e._.js:3127
[   75713ms] [ERROR] ./app/(root)/bekleidung/[brand]/[slug]/components/ProductDetails.tsx:306:9
Parsing ecmascript source code failed
  304 |           </div>
  305 |         </div>
> 306 |       </div>
      |         ^^^
  307 |
  308 |       {/* ── Sticky add-to-cart bar ──────────────────────── */}
  309 |       <StickyAddToCart

Expected '>', got 'ident'

Import trace:
  Server Component:
    ./app/(root)/bekleidung/[brand]/[slug]/components/ProductDetails.tsx
    ./app/(root)/bekleidung/[brand]/[slug]/page.tsx @ http://localhost:3000/_next/static/chunks/079ae_next_dist_e4f9772e._.js:3127
[   75775ms] [ERROR] ./app/(root)/bekleidung/[brand]/[slug]/components/ProductDetails.tsx:306:9
Parsing ecmascript source code failed
  304 |           </div>
  305 |         </div>
> 306 |       </div>
      |         ^^^
  307 |
  308 |       {/* ── Sticky add-to-cart bar ──────────────────────── */}
  309 |       <StickyAddToCart

Expected '>', got 'ident'

Import trace:
  Server Component:
    ./app/(root)/bekleidung/[brand]/[slug]/components/ProductDetails.tsx
    ./app/(root)/bekleidung/[brand]/[slug]/page.tsx @ http://localhost:3000/_next/static/chunks/079ae_next_dist_e4f9772e._.js:3127
[   75838ms] [ERROR] ./app/(root)/bekleidung/[brand]/[slug]/components/ProductDetails.tsx:306:9
Parsing ecmascript source code failed
  304 |           </div>
  305 |         </div>
> 306 |       </div>
      |         ^^^
  307 |
  308 |       {/* ── Sticky add-to-cart bar ──────────────────────── */}
  309 |       <StickyAddToCart

Expected '>', got 'ident'

Import trace:
  Server Component:
    ./app/(root)/bekleidung/[brand]/[slug]/components/ProductDetails.tsx
    ./app/(root)/bekleidung/[brand]/[slug]/page.tsx @ http://localhost:3000/_next/static/chunks/079ae_next_dist_e4f9772e._.js:3127
[   75902ms] [ERROR] ./app/(root)/bekleidung/[brand]/[slug]/components/ProductDetails.tsx:306:9
Parsing ecmascript source code failed
  304 |           </div>
  305 |         </div>
> 306 |       </div>
      |         ^^^
  307 |
  308 |       {/* ── Sticky add-to-cart bar ──────────────────────── */}
  309 |       <StickyAddToCart

Expected '>', got 'ident'

Import trace:
  Server Component:
    ./app/(root)/bekleidung/[brand]/[slug]/components/ProductDetails.tsx
    ./app/(root)/bekleidung/[brand]/[slug]/page.tsx @ http://localhost:3000/_next/static/chunks/079ae_next_dist_e4f9772e._.js:3127
[   75977ms] [ERROR] ./app/(root)/bekleidung/[brand]/[slug]/components/ProductDetails.tsx:306:9
Parsing ecmascript source code failed
  304 |           </div>
  305 |         </div>
> 306 |       </div>
      |         ^^^
  307 |
  308 |       {/* ── Sticky add-to-cart bar ──────────────────────── */}
  309 |       <StickyAddToCart

Expected '>', got 'ident'

Import trace:
  Server Component:
    ./app/(root)/bekleidung/[brand]/[slug]/components/ProductDetails.tsx
    ./app/(root)/bekleidung/[brand]/[slug]/page.tsx @ http://localhost:3000/_next/static/chunks/079ae_next_dist_e4f9772e._.js:3127
[   76040ms] [ERROR] ./app/(root)/bekleidung/[brand]/[slug]/components/ProductDetails.tsx:306:9
Parsing ecmascript source code failed
  304 |           </div>
  305 |         </div>
> 306 |       </div>
      |         ^^^
  307 |
  308 |       {/* ── Sticky add-to-cart bar ──────────────────────── */}
  309 |       <StickyAddToCart

Expected '>', got 'ident'

Import trace:
  Server Component:
    ./app/(root)/bekleidung/[brand]/[slug]/components/ProductDetails.tsx
    ./app/(root)/bekleidung/[brand]/[slug]/page.tsx @ http://localhost:3000/_next/static/chunks/079ae_next_dist_e4f9772e._.js:3127
[   76101ms] [ERROR] ./app/(root)/bekleidung/[brand]/[slug]/components/ProductDetails.tsx:306:9
Parsing ecmascript source code failed
  304 |           </div>
  305 |         </div>
> 306 |       </div>
      |         ^^^
  307 |
  308 |       {/* ── Sticky add-to-cart bar ──────────────────────── */}
  309 |       <StickyAddToCart

Expected '>', got 'ident'

Import trace:
  Server Component:
    ./app/(root)/bekleidung/[brand]/[slug]/components/ProductDetails.tsx
    ./app/(root)/bekleidung/[brand]/[slug]/page.tsx @ http://localhost:3000/_next/static/chunks/079ae_next_dist_e4f9772e._.js:3127
[   76165ms] [ERROR] ./app/(root)/bekleidung/[brand]/[slug]/components/ProductDetails.tsx:306:9
Parsing ecmascript source code failed
  304 |           </div>
  305 |         </div>
> 306 |       </div>
      |         ^^^
  307 |
  308 |       {/* ── Sticky add-to-cart bar ──────────────────────── */}
  309 |       <StickyAddToCart

Expected '>', got 'ident'

Import trace:
  Server Component:
    ./app/(root)/bekleidung/[brand]/[slug]/components/ProductDetails.tsx
    ./app/(root)/bekleidung/[brand]/[slug]/page.tsx @ http://localhost:3000/_next/static/chunks/079ae_next_dist_e4f9772e._.js:3127
[   76226ms] [ERROR] ./app/(root)/bekleidung/[brand]/[slug]/components/ProductDetails.tsx:306:9
Parsing ecmascript source code failed
  304 |           </div>
  305 |         </div>
> 306 |       </div>
      |         ^^^
  307 |
  308 |       {/* ── Sticky add-to-cart bar ──────────────────────── */}
  309 |       <StickyAddToCart

Expected '>', got 'ident'

Import trace:
  Server Component:
    ./app/(root)/bekleidung/[brand]/[slug]/components/ProductDetails.tsx
    ./app/(root)/bekleidung/[brand]/[slug]/page.tsx @ http://localhost:3000/_next/static/chunks/079ae_next_dist_e4f9772e._.js:3127
[   76287ms] [ERROR] ./app/(root)/bekleidung/[brand]/[slug]/components/ProductDetails.tsx:306:9
Parsing ecmascript source code failed
  304 |           </div>
  305 |         </div>
> 306 |       </div>
      |         ^^^
  307 |
  308 |       {/* ── Sticky add-to-cart bar ──────────────────────── */}
  309 |       <StickyAddToCart

Expected '>', got 'ident'

Import trace:
  Server Component:
    ./app/(root)/bekleidung/[brand]/[slug]/components/ProductDetails.tsx
    ./app/(root)/bekleidung/[brand]/[slug]/page.tsx @ http://localhost:3000/_next/static/chunks/079ae_next_dist_e4f9772e._.js:3127
[   76351ms] [ERROR] ./app/(root)/bekleidung/[brand]/[slug]/components/ProductDetails.tsx:306:9
Parsing ecmascript source code failed
  304 |           </div>
  305 |         </div>
> 306 |       </div>
      |         ^^^
  307 |
  308 |       {/* ── Sticky add-to-cart bar ──────────────────────── */}
  309 |       <StickyAddToCart

Expected '>', got 'ident'

Import trace:
  Server Component:
    ./app/(root)/bekleidung/[brand]/[slug]/components/ProductDetails.tsx
    ./app/(root)/bekleidung/[brand]/[slug]/page.tsx @ http://localhost:3000/_next/static/chunks/079ae_next_dist_e4f9772e._.js:3127
[   76415ms] [ERROR] ./app/(root)/bekleidung/[brand]/[slug]/components/ProductDetails.tsx:306:9
Parsing ecmascript source code failed
  304 |           </div>
  305 |         </div>
> 306 |       </div>
      |         ^^^
  307 |
  308 |       {/* ── Sticky add-to-cart bar ──────────────────────── */}
  309 |       <StickyAddToCart

Expected '>', got 'ident'

Import trace:
  Server Component:
    ./app/(root)/bekleidung/[brand]/[slug]/components/ProductDetails.tsx
    ./app/(root)/bekleidung/[brand]/[slug]/page.tsx @ http://localhost:3000/_next/static/chunks/079ae_next_dist_e4f9772e._.js:3127
[   76477ms] [ERROR] ./app/(root)/bekleidung/[brand]/[slug]/components/ProductDetails.tsx:306:9
Parsing ecmascript source code failed
  304 |           </div>
  305 |         </div>
> 306 |       </div>
      |         ^^^
  307 |
  308 |       {/* ── Sticky add-to-cart bar ──────────────────────── */}
  309 |       <StickyAddToCart

Expected '>', got 'ident'

Import trace:
  Server Component:
    ./app/(root)/bekleidung/[brand]/[slug]/components/ProductDetails.tsx
    ./app/(root)/bekleidung/[brand]/[slug]/page.tsx @ http://localhost:3000/_next/static/chunks/079ae_next_dist_e4f9772e._.js:3127
[   76538ms] [ERROR] ./app/(root)/bekleidung/[brand]/[slug]/components/ProductDetails.tsx:306:9
Parsing ecmascript source code failed
  304 |           </div>
  305 |         </div>
> 306 |       </div>
      |         ^^^
  307 |
  308 |       {/* ── Sticky add-to-cart bar ──────────────────────── */}
  309 |       <StickyAddToCart

Expected '>', got 'ident'

Import trace:
  Server Component:
    ./app/(root)/bekleidung/[brand]/[slug]/components/ProductDetails.tsx
    ./app/(root)/bekleidung/[brand]/[slug]/page.tsx @ http://localhost:3000/_next/static/chunks/079ae_next_dist_e4f9772e._.js:3127
[   76598ms] [ERROR] ./app/(root)/bekleidung/[brand]/[slug]/components/ProductDetails.tsx:306:9
Parsing ecmascript source code failed
  304 |           </div>
  305 |         </div>
> 306 |       </div>
      |         ^^^
  307 |
  308 |       {/* ── Sticky add-to-cart bar ──────────────────────── */}
  309 |       <StickyAddToCart

Expected '>', got 'ident'

Import trace:
  Server Component:
    ./app/(root)/bekleidung/[brand]/[slug]/components/ProductDetails.tsx
    ./app/(root)/bekleidung/[brand]/[slug]/page.tsx @ http://localhost:3000/_next/static/chunks/079ae_next_dist_e4f9772e._.js:3127
[   76660ms] [ERROR] ./app/(root)/bekleidung/[brand]/[slug]/components/ProductDetails.tsx:306:9
Parsing ecmascript source code failed
  304 |           </div>
  305 |         </div>
> 306 |       </div>
      |         ^^^
  307 |
  308 |       {/* ── Sticky add-to-cart bar ──────────────────────── */}
  309 |       <StickyAddToCart

Expected '>', got 'ident'

Import trace:
  Server Component:
    ./app/(root)/bekleidung/[brand]/[slug]/components/ProductDetails.tsx
    ./app/(root)/bekleidung/[brand]/[slug]/page.tsx @ http://localhost:3000/_next/static/chunks/079ae_next_dist_e4f9772e._.js:3127
[   76721ms] [ERROR] ./app/(root)/bekleidung/[brand]/[slug]/components/ProductDetails.tsx:306:9
Parsing ecmascript source code failed
  304 |           </div>
  305 |         </div>
> 306 |       </div>
      |         ^^^
  307 |
  308 |       {/* ── Sticky add-to-cart bar ──────────────────────── */}
  309 |       <StickyAddToCart

Expected '>', got 'ident'

Import trace:
  Server Component:
    ./app/(root)/bekleidung/[brand]/[slug]/components/ProductDetails.tsx
    ./app/(root)/bekleidung/[brand]/[slug]/page.tsx @ http://localhost:3000/_next/static/chunks/079ae_next_dist_e4f9772e._.js:3127
[   76785ms] [ERROR] ./app/(root)/bekleidung/[brand]/[slug]/components/ProductDetails.tsx:306:9
Parsing ecmascript source code failed
  304 |           </div>
  305 |         </div>
> 306 |       </div>
      |         ^^^
  307 |
  308 |       {/* ── Sticky add-to-cart bar ──────────────────────── */}
  309 |       <StickyAddToCart

Expected '>', got 'ident'

Import trace:
  Server Component:
    ./app/(root)/bekleidung/[brand]/[slug]/components/ProductDetails.tsx
    ./app/(root)/bekleidung/[brand]/[slug]/page.tsx @ http://localhost:3000/_next/static/chunks/079ae_next_dist_e4f9772e._.js:3127
[   76848ms] [ERROR] ./app/(root)/bekleidung/[brand]/[slug]/components/ProductDetails.tsx:306:9
Parsing ecmascript source code failed
  304 |           </div>
  305 |         </div>
> 306 |       </div>
      |         ^^^
  307 |
  308 |       {/* ── Sticky add-to-cart bar ──────────────────────── */}
  309 |       <StickyAddToCart

Expected '>', got 'ident'

Import trace:
  Server Component:
    ./app/(root)/bekleidung/[brand]/[slug]/components/ProductDetails.tsx
    ./app/(root)/bekleidung/[brand]/[slug]/page.tsx @ http://localhost:3000/_next/static/chunks/079ae_next_dist_e4f9772e._.js:3127
[   76910ms] [ERROR] ./app/(root)/bekleidung/[brand]/[slug]/components/ProductDetails.tsx:306:9
Parsing ecmascript source code failed
  304 |           </div>
  305 |         </div>
> 306 |       </div>
      |         ^^^
  307 |
  308 |       {/* ── Sticky add-to-cart bar ──────────────────────── */}
  309 |       <StickyAddToCart

Expected '>', got 'ident'

Import trace:
  Server Component:
    ./app/(root)/bekleidung/[brand]/[slug]/components/ProductDetails.tsx
    ./app/(root)/bekleidung/[brand]/[slug]/page.tsx @ http://localhost:3000/_next/static/chunks/079ae_next_dist_e4f9772e._.js:3127
[   76971ms] [ERROR] ./app/(root)/bekleidung/[brand]/[slug]/components/ProductDetails.tsx:306:9
Parsing ecmascript source code failed
  304 |           </div>
  305 |         </div>
> 306 |       </div>
      |         ^^^
  307 |
  308 |       {/* ── Sticky add-to-cart bar ──────────────────────── */}
  309 |       <StickyAddToCart

Expected '>', got 'ident'

Import trace:
  Server Component:
    ./app/(root)/bekleidung/[brand]/[slug]/components/ProductDetails.tsx
    ./app/(root)/bekleidung/[brand]/[slug]/page.tsx @ http://localhost:3000/_next/static/chunks/079ae_next_dist_e4f9772e._.js:3127
[   77032ms] [ERROR] ./app/(root)/bekleidung/[brand]/[slug]/components/ProductDetails.tsx:306:9
Parsing ecmascript source code failed
  304 |           </div>
  305 |         </div>
> 306 |       </div>
      |         ^^^
  307 |
  308 |       {/* ── Sticky add-to-cart bar ──────────────────────── */}
  309 |       <StickyAddToCart

Expected '>', got 'ident'

Import trace:
  Server Component:
    ./app/(root)/bekleidung/[brand]/[slug]/components/ProductDetails.tsx
    ./app/(root)/bekleidung/[brand]/[slug]/page.tsx @ http://localhost:3000/_next/static/chunks/079ae_next_dist_e4f9772e._.js:3127
[   77094ms] [ERROR] ./app/(root)/bekleidung/[brand]/[slug]/components/ProductDetails.tsx:306:9
Parsing ecmascript source code failed
  304 |           </div>
  305 |         </div>
> 306 |       </div>
      |         ^^^
  307 |
  308 |       {/* ── Sticky add-to-cart bar ──────────────────────── */}
  309 |       <StickyAddToCart

Expected '>', got 'ident'

Import trace:
  Server Component:
    ./app/(root)/bekleidung/[brand]/[slug]/components/ProductDetails.tsx
    ./app/(root)/bekleidung/[brand]/[slug]/page.tsx @ http://localhost:3000/_next/static/chunks/079ae_next_dist_e4f9772e._.js:3127
[   77157ms] [ERROR] ./app/(root)/bekleidung/[brand]/[slug]/components/ProductDetails.tsx:306:9
Parsing ecmascript source code failed
  304 |           </div>
  305 |         </div>
> 306 |       </div>
      |         ^^^
  307 |
  308 |       {/* ── Sticky add-to-cart bar ──────────────────────── */}
  309 |       <StickyAddToCart

Expected '>', got 'ident'

Import trace:
  Server Component:
    ./app/(root)/bekleidung/[brand]/[slug]/components/ProductDetails.tsx
    ./app/(root)/bekleidung/[brand]/[slug]/page.tsx @ http://localhost:3000/_next/static/chunks/079ae_next_dist_e4f9772e._.js:3127
[   77218ms] [ERROR] ./app/(root)/bekleidung/[brand]/[slug]/components/ProductDetails.tsx:306:9
Parsing ecmascript source code failed
  304 |           </div>
  305 |         </div>
> 306 |       </div>
      |         ^^^
  307 |
  308 |       {/* ── Sticky add-to-cart bar ──────────────────────── */}
  309 |       <StickyAddToCart

Expected '>', got 'ident'

Import trace:
  Server Component:
    ./app/(root)/bekleidung/[brand]/[slug]/components/ProductDetails.tsx
    ./app/(root)/bekleidung/[brand]/[slug]/page.tsx @ http://localhost:3000/_next/static/chunks/079ae_next_dist_e4f9772e._.js:3127
[   77282ms] [ERROR] ./app/(root)/bekleidung/[brand]/[slug]/components/ProductDetails.tsx:306:9
Parsing ecmascript source code failed
  304 |           </div>
  305 |         </div>
> 306 |       </div>
      |         ^^^
  307 |
  308 |       {/* ── Sticky add-to-cart bar ──────────────────────── */}
  309 |       <StickyAddToCart

Expected '>', got 'ident'

Import trace:
  Server Component:
    ./app/(root)/bekleidung/[brand]/[slug]/components/ProductDetails.tsx
    ./app/(root)/bekleidung/[brand]/[slug]/page.tsx @ http://localhost:3000/_next/static/chunks/079ae_next_dist_e4f9772e._.js:3127
[   77342ms] [ERROR] ./app/(root)/bekleidung/[brand]/[slug]/components/ProductDetails.tsx:306:9
Parsing ecmascript source code failed
  304 |           </div>
  305 |         </div>
> 306 |       </div>
      |         ^^^
  307 |
  308 |       {/* ── Sticky add-to-cart bar ──────────────────────── */}
  309 |       <StickyAddToCart

Expected '>', got 'ident'

Import trace:
  Server Component:
    ./app/(root)/bekleidung/[brand]/[slug]/components/ProductDetails.tsx
    ./app/(root)/bekleidung/[brand]/[slug]/page.tsx @ http://localhost:3000/_next/static/chunks/079ae_next_dist_e4f9772e._.js:3127
[   77407ms] [ERROR] ./app/(root)/bekleidung/[brand]/[slug]/components/ProductDetails.tsx:306:9
Parsing ecmascript source code failed
  304 |           </div>
  305 |         </div>
> 306 |       </div>
      |         ^^^
  307 |
  308 |       {/* ── Sticky add-to-cart bar ──────────────────────── */}
  309 |       <StickyAddToCart

Expected '>', got 'ident'

Import trace:
  Server Component:
    ./app/(root)/bekleidung/[brand]/[slug]/components/ProductDetails.tsx
    ./app/(root)/bekleidung/[brand]/[slug]/page.tsx @ http://localhost:3000/_next/static/chunks/079ae_next_dist_e4f9772e._.js:3127
[   77466ms] [ERROR] ./app/(root)/bekleidung/[brand]/[slug]/components/ProductDetails.tsx:306:9
Parsing ecmascript source code failed
  304 |           </div>
  305 |         </div>
> 306 |       </div>
      |         ^^^
  307 |
  308 |       {/* ── Sticky add-to-cart bar ──────────────────────── */}
  309 |       <StickyAddToCart

Expected '>', got 'ident'

Import trace:
  Server Component:
    ./app/(root)/bekleidung/[brand]/[slug]/components/ProductDetails.tsx
    ./app/(root)/bekleidung/[brand]/[slug]/page.tsx @ http://localhost:3000/_next/static/chunks/079ae_next_dist_e4f9772e._.js:3127
[   77599ms] [LOG] [Fast Refresh] rebuilding @ http://localhost:3000/_next/static/chunks/079ae_next_dist_e4f9772e._.js:2297
[   78356ms] [LOG] [Fast Refresh] done in 542ms @ http://localhost:3000/_next/static/chunks/079ae_next_dist_e4f9772e._.js:2297
[   78466ms] [LOG] [Fast Refresh] rebuilding @ http://localhost:3000/_next/static/chunks/079ae_next_dist_e4f9772e._.js:2297
[   78475ms] [LOG] [Fast Refresh] done in 114ms @ http://localhost:3000/_next/static/chunks/079ae_next_dist_e4f9772e._.js:2297
