[     145ms] [LOG] [Fast Refresh] rebuilding @ http://localhost:3000/_next/static/chunks/node_modules_next_dist_f3530cac._.js:2297
[    3583ms] [LOG] [Fast Refresh] done in 3548ms @ http://localhost:3000/_next/static/chunks/node_modules_next_dist_f3530cac._.js:2297
[    3808ms] [INFO] %cDownload the React DevTools for a better development experience: https://react.dev/link/react-devtools font-weight:bold @ http://localhost:3000/_next/static/chunks/node_modules_next_dist_f3530cac._.js:2297
[    3893ms] [LOG] [HMR] connected @ http://localhost:3000/_next/static/chunks/node_modules_next_dist_f3530cac._.js:2297
[    4066ms] [LOG] [Fast Refresh] rebuilding @ http://localhost:3000/_next/static/chunks/node_modules_next_dist_f3530cac._.js:2297
[    4149ms] [WARNING] Image with src "https://www.viviennewestwood.com/dw/image/v2/BJGV_PRD/on/demandware.static/-/Sites-viviennewestwood-master-catalog/default/dw69896e20/images/2G01000A-J001M-_GREY-MELANGE_001_large.jpeg?q=80" has "fill" but is missing "sizes" prop. Please add it to improve page performance. Read more: https://nextjs.org/docs/api-reference/next/image#sizes @ http://localhost:3000/_next/static/chunks/node_modules_next_dist_f3530cac._.js:2297
[    4155ms] [WARNING] Image with src "https://eu.manieredevoir.com/cdn/shop/files/MDV_0030_MDV2_be0fab84-a04c-4251-adc9-1fefaa4175c4.jpg?v=1759502594" has "fill" but is missing "sizes" prop. Please add it to improve page performance. Read more: https://nextjs.org/docs/api-reference/next/image#sizes @ http://localhost:3000/_next/static/chunks/node_modules_next_dist_f3530cac._.js:2297
[    4155ms] [WARNING] Image with src "https://www.viviennewestwood.com/dw/image/v2/BJGV_PRD/on/demandware.static/-/Library-Sites-viviennewestwood-global-content/default/dw8c63789d/images/collections/autumn-winter-25_26/AW2526%20Lookbook/2x3/VW_AW2526_Lookbook_Look_02.jpg?sw=632&sh=948&q=80" has "fill" but is missing "sizes" prop. Please add it to improve page performance. Read more: https://nextjs.org/docs/api-reference/next/image#sizes @ http://localhost:3000/_next/static/chunks/node_modules_next_dist_f3530cac._.js:2297
[    4977ms] [LOG] [Fast Refresh] done in 1035ms @ http://localhost:3000/_next/static/chunks/node_modules_next_dist_f3530cac._.js:2297
[   38975ms] [LOG] [Fast Refresh] rebuilding @ http://localhost:3000/_next/static/chunks/node_modules_next_dist_f3530cac._.js:2297
[   40011ms] [LOG] [Fast Refresh] done in 736ms @ http://localhost:3000/_next/static/chunks/node_modules_next_dist_f3530cac._.js:2297
[   40159ms] [LOG] [Fast Refresh] rebuilding @ http://localhost:3000/_next/static/chunks/node_modules_next_dist_f3530cac._.js:2297
[   40636ms] [LOG] [Fast Refresh] done in 587ms @ http://localhost:3000/_next/static/chunks/node_modules_next_dist_f3530cac._.js:2297
[   40781ms] [LOG] [Fast Refresh] rebuilding @ http://localhost:3000/_next/static/chunks/node_modules_next_dist_f3530cac._.js:2297
[   40884ms] [LOG] [Fast Refresh] done in 213ms @ http://localhost:3000/_next/static/chunks/node_modules_next_dist_f3530cac._.js:2297
[   41561ms] [LOG] [Fast Refresh] rebuilding @ http://localhost:3000/_next/static/chunks/node_modules_next_dist_f3530cac._.js:2297
[   41622ms] [LOG] [Fast Refresh] done in 171ms @ http://localhost:3000/_next/static/chunks/node_modules_next_dist_f3530cac._.js:2297
[   42190ms] [LOG] [Fast Refresh] rebuilding @ http://localhost:3000/_next/static/chunks/node_modules_next_dist_f3530cac._.js:2297
[   42195ms] [LOG] [Fast Refresh] done in 106ms @ http://localhost:3000/_next/static/chunks/node_modules_next_dist_f3530cac._.js:2297
[   45782ms] [LOG] [Fast Refresh] rebuilding @ http://localhost:3000/_next/static/chunks/node_modules_next_dist_f3530cac._.js:2297
[   46251ms] [LOG] [Fast Refresh] done in 552ms @ http://localhost:3000/_next/static/chunks/node_modules_next_dist_f3530cac._.js:2297
[   68002ms] [LOG] [Fast Refresh] rebuilding @ http://localhost:3000/_next/static/chunks/node_modules_next_dist_f3530cac._.js:2297
[   68780ms] [LOG] [Fast Refresh] done in 704ms @ http://localhost:3000/_next/static/chunks/node_modules_next_dist_f3530cac._.js:2297
[   72983ms] [LOG] [Fast Refresh] rebuilding @ http://localhost:3000/_next/static/chunks/node_modules_next_dist_f3530cac._.js:2297
[   73532ms] [ERROR] ./app/(root)/bekleidung/page.tsx:148:7
Parsing ecmascript source code failed
  146 |         <div className="h-16 lg:h-24" />
  147 |       </div>
> 148 |     </main>
      |       ^^^^
  149 |   )
  150 | }
  151 |

Expected corresponding JSX closing tag for <div>

Import traces:
  Client Component Browser:
    ./app/(root)/bekleidung/page.tsx [Client Component Browser]
    ./app/(root)/bekleidung/page.tsx [Server Component]

  Client Component SSR:
    ./app/(root)/bekleidung/page.tsx [Client Component SSR]
    ./app/(root)/bekleidung/page.tsx [Server Component] @ http://localhost:3000/_next/static/chunks/node_modules_next_dist_f3530cac._.js:3127
[   73641ms] [ERROR] ./app/(root)/bekleidung/page.tsx:148:7
Parsing ecmascript source code failed
  146 |         <div className="h-16 lg:h-24" />
  147 |       </div>
> 148 |     </main>
      |       ^^^^
  149 |   )
  150 | }
  151 |

Expected corresponding JSX closing tag for <div>

Import traces:
  Client Component Browser:
    ./app/(root)/bekleidung/page.tsx [Client Component Browser]
    ./app/(root)/bekleidung/page.tsx [Server Component]

  Client Component SSR:
    ./app/(root)/bekleidung/page.tsx [Client Component SSR]
    ./app/(root)/bekleidung/page.tsx [Server Component] @ http://localhost:3000/_next/static/chunks/node_modules_next_dist_f3530cac._.js:3127
[   73722ms] [ERROR] ./app/(root)/bekleidung/page.tsx:148:7
Parsing ecmascript source code failed
  146 |         <div className="h-16 lg:h-24" />
  147 |       </div>
> 148 |     </main>
      |       ^^^^
  149 |   )
  150 | }
  151 |

Expected corresponding JSX closing tag for <div>

Import traces:
  Client Component Browser:
    ./app/(root)/bekleidung/page.tsx [Client Component Browser]
    ./app/(root)/bekleidung/page.tsx [Server Component]

  Client Component SSR:
    ./app/(root)/bekleidung/page.tsx [Client Component SSR]
    ./app/(root)/bekleidung/page.tsx [Server Component] @ http://localhost:3000/_next/static/chunks/node_modules_next_dist_f3530cac._.js:3127
[   73798ms] [ERROR] ./app/(root)/bekleidung/page.tsx:148:7
Parsing ecmascript source code failed
  146 |         <div className="h-16 lg:h-24" />
  147 |       </div>
> 148 |     </main>
      |       ^^^^
  149 |   )
  150 | }
  151 |

Expected corresponding JSX closing tag for <div>

Import traces:
  Client Component Browser:
    ./app/(root)/bekleidung/page.tsx [Client Component Browser]
    ./app/(root)/bekleidung/page.tsx [Server Component]

  Client Component SSR:
    ./app/(root)/bekleidung/page.tsx [Client Component SSR]
    ./app/(root)/bekleidung/page.tsx [Server Component] @ http://localhost:3000/_next/static/chunks/node_modules_next_dist_f3530cac._.js:3127
[   73871ms] [ERROR] ./app/(root)/bekleidung/page.tsx:148:7
Parsing ecmascript source code failed
  146 |         <div className="h-16 lg:h-24" />
  147 |       </div>
> 148 |     </main>
      |       ^^^^
  149 |   )
  150 | }
  151 |

Expected corresponding JSX closing tag for <div>

Import traces:
  Client Component Browser:
    ./app/(root)/bekleidung/page.tsx [Client Component Browser]
    ./app/(root)/bekleidung/page.tsx [Server Component]

  Client Component SSR:
    ./app/(root)/bekleidung/page.tsx [Client Component SSR]
    ./app/(root)/bekleidung/page.tsx [Server Component] @ http://localhost:3000/_next/static/chunks/node_modules_next_dist_f3530cac._.js:3127
[   73951ms] [ERROR] ./app/(root)/bekleidung/page.tsx:148:7
Parsing ecmascript source code failed
  146 |         <div className="h-16 lg:h-24" />
  147 |       </div>
> 148 |     </main>
      |       ^^^^
  149 |   )
  150 | }
  151 |

Expected corresponding JSX closing tag for <div>

Import traces:
  Client Component Browser:
    ./app/(root)/bekleidung/page.tsx [Client Component Browser]
    ./app/(root)/bekleidung/page.tsx [Server Component]

  Client Component SSR:
    ./app/(root)/bekleidung/page.tsx [Client Component SSR]
    ./app/(root)/bekleidung/page.tsx [Server Component] @ http://localhost:3000/_next/static/chunks/node_modules_next_dist_f3530cac._.js:3127
[   74027ms] [ERROR] ./app/(root)/bekleidung/page.tsx:148:7
Parsing ecmascript source code failed
  146 |         <div className="h-16 lg:h-24" />
  147 |       </div>
> 148 |     </main>
      |       ^^^^
  149 |   )
  150 | }
  151 |

Expected corresponding JSX closing tag for <div>

Import traces:
  Client Component Browser:
    ./app/(root)/bekleidung/page.tsx [Client Component Browser]
    ./app/(root)/bekleidung/page.tsx [Server Component]

  Client Component SSR:
    ./app/(root)/bekleidung/page.tsx [Client Component SSR]
    ./app/(root)/bekleidung/page.tsx [Server Component] @ http://localhost:3000/_next/static/chunks/node_modules_next_dist_f3530cac._.js:3127
[   74106ms] [ERROR] ./app/(root)/bekleidung/page.tsx:148:7
Parsing ecmascript source code failed
  146 |         <div className="h-16 lg:h-24" />
  147 |       </div>
> 148 |     </main>
      |       ^^^^
  149 |   )
  150 | }
  151 |

Expected corresponding JSX closing tag for <div>

Import traces:
  Client Component Browser:
    ./app/(root)/bekleidung/page.tsx [Client Component Browser]
    ./app/(root)/bekleidung/page.tsx [Server Component]

  Client Component SSR:
    ./app/(root)/bekleidung/page.tsx [Client Component SSR]
    ./app/(root)/bekleidung/page.tsx [Server Component] @ http://localhost:3000/_next/static/chunks/node_modules_next_dist_f3530cac._.js:3127
[   74185ms] [ERROR] ./app/(root)/bekleidung/page.tsx:148:7
Parsing ecmascript source code failed
  146 |         <div className="h-16 lg:h-24" />
  147 |       </div>
> 148 |     </main>
      |       ^^^^
  149 |   )
  150 | }
  151 |

Expected corresponding JSX closing tag for <div>

Import traces:
  Client Component Browser:
    ./app/(root)/bekleidung/page.tsx [Client Component Browser]
    ./app/(root)/bekleidung/page.tsx [Server Component]

  Client Component SSR:
    ./app/(root)/bekleidung/page.tsx [Client Component SSR]
    ./app/(root)/bekleidung/page.tsx [Server Component] @ http://localhost:3000/_next/static/chunks/node_modules_next_dist_f3530cac._.js:3127
[   74269ms] [ERROR] ./app/(root)/bekleidung/page.tsx:148:7
Parsing ecmascript source code failed
  146 |         <div className="h-16 lg:h-24" />
  147 |       </div>
> 148 |     </main>
      |       ^^^^
  149 |   )
  150 | }
  151 |

Expected corresponding JSX closing tag for <div>

Import traces:
  Client Component Browser:
    ./app/(root)/bekleidung/page.tsx [Client Component Browser]
    ./app/(root)/bekleidung/page.tsx [Server Component]

  Client Component SSR:
    ./app/(root)/bekleidung/page.tsx [Client Component SSR]
    ./app/(root)/bekleidung/page.tsx [Server Component] @ http://localhost:3000/_next/static/chunks/node_modules_next_dist_f3530cac._.js:3127
[   74381ms] [ERROR] ./app/(root)/bekleidung/page.tsx:148:7
Parsing ecmascript source code failed
  146 |         <div className="h-16 lg:h-24" />
  147 |       </div>
> 148 |     </main>
      |       ^^^^
  149 |   )
  150 | }
  151 |

Expected corresponding JSX closing tag for <div>

Import traces:
  Client Component Browser:
    ./app/(root)/bekleidung/page.tsx [Client Component Browser]
    ./app/(root)/bekleidung/page.tsx [Server Component]

  Client Component SSR:
    ./app/(root)/bekleidung/page.tsx [Client Component SSR]
    ./app/(root)/bekleidung/page.tsx [Server Component] @ http://localhost:3000/_next/static/chunks/node_modules_next_dist_f3530cac._.js:3127
[   74422ms] [LOG] [Fast Refresh] rebuilding @ http://localhost:3000/_next/static/chunks/node_modules_next_dist_f3530cac._.js:2297
[   74500ms] [ERROR] ./app/(root)/bekleidung/page.tsx:148:7
Parsing ecmascript source code failed
  146 |         <div className="h-16 lg:h-24" />
  147 |       </div>
> 148 |     </main>
      |       ^^^^
  149 |   )
  150 | }
  151 |

Expected corresponding JSX closing tag for <div>

Import traces:
  Client Component Browser:
    ./app/(root)/bekleidung/page.tsx [Client Component Browser]
    ./app/(root)/bekleidung/page.tsx [Server Component]

  Client Component SSR:
    ./app/(root)/bekleidung/page.tsx [Client Component SSR]
    ./app/(root)/bekleidung/page.tsx [Server Component] @ http://localhost:3000/_next/static/chunks/node_modules_next_dist_f3530cac._.js:3127
[   74532ms] [LOG] [Fast Refresh] rebuilding @ http://localhost:3000/_next/static/chunks/node_modules_next_dist_f3530cac._.js:2297
[   74627ms] [ERROR] ./app/(root)/bekleidung/page.tsx:148:7
Parsing ecmascript source code failed
  146 |         <div className="h-16 lg:h-24" />
  147 |       </div>
> 148 |     </main>
      |       ^^^^
  149 |   )
  150 | }
  151 |

Expected corresponding JSX closing tag for <div>

Import traces:
  Client Component Browser:
    ./app/(root)/bekleidung/page.tsx [Client Component Browser]
    ./app/(root)/bekleidung/page.tsx [Server Component]

  Client Component SSR:
    ./app/(root)/bekleidung/page.tsx [Client Component SSR]
    ./app/(root)/bekleidung/page.tsx [Server Component] @ http://localhost:3000/_next/static/chunks/node_modules_next_dist_f3530cac._.js:3127
[   74650ms] [LOG] [Fast Refresh] rebuilding @ http://localhost:3000/_next/static/chunks/node_modules_next_dist_f3530cac._.js:2297
[   74736ms] [ERROR] ./app/(root)/bekleidung/page.tsx:148:7
Parsing ecmascript source code failed
  146 |         <div className="h-16 lg:h-24" />
  147 |       </div>
> 148 |     </main>
      |       ^^^^
  149 |   )
  150 | }
  151 |

Expected corresponding JSX closing tag for <div>

Import traces:
  Client Component Browser:
    ./app/(root)/bekleidung/page.tsx [Client Component Browser]
    ./app/(root)/bekleidung/page.tsx [Server Component]

  Client Component SSR:
    ./app/(root)/bekleidung/page.tsx [Client Component SSR]
    ./app/(root)/bekleidung/page.tsx [Server Component] @ http://localhost:3000/_next/static/chunks/node_modules_next_dist_f3530cac._.js:3127
[   74808ms] [ERROR] ./app/(root)/bekleidung/page.tsx:148:7
Parsing ecmascript source code failed
  146 |         <div className="h-16 lg:h-24" />
  147 |       </div>
> 148 |     </main>
      |       ^^^^
  149 |   )
  150 | }
  151 |

Expected corresponding JSX closing tag for <div>

Import traces:
  Client Component Browser:
    ./app/(root)/bekleidung/page.tsx [Client Component Browser]
    ./app/(root)/bekleidung/page.tsx [Server Component]

  Client Component SSR:
    ./app/(root)/bekleidung/page.tsx [Client Component SSR]
    ./app/(root)/bekleidung/page.tsx [Server Component] @ http://localhost:3000/_next/static/chunks/node_modules_next_dist_f3530cac._.js:3127
[   74892ms] [ERROR] ./app/(root)/bekleidung/page.tsx:148:7
Parsing ecmascript source code failed
  146 |         <div className="h-16 lg:h-24" />
  147 |       </div>
> 148 |     </main>
      |       ^^^^
  149 |   )
  150 | }
  151 |

Expected corresponding JSX closing tag for <div>

Import traces:
  Client Component Browser:
    ./app/(root)/bekleidung/page.tsx [Client Component Browser]
    ./app/(root)/bekleidung/page.tsx [Server Component]

  Client Component SSR:
    ./app/(root)/bekleidung/page.tsx [Client Component SSR]
    ./app/(root)/bekleidung/page.tsx [Server Component] @ http://localhost:3000/_next/static/chunks/node_modules_next_dist_f3530cac._.js:3127
[   74983ms] [ERROR] ./app/(root)/bekleidung/page.tsx:148:7
Parsing ecmascript source code failed
  146 |         <div className="h-16 lg:h-24" />
  147 |       </div>
> 148 |     </main>
      |       ^^^^
  149 |   )
  150 | }
  151 |

Expected corresponding JSX closing tag for <div>

Import traces:
  Client Component Browser:
    ./app/(root)/bekleidung/page.tsx [Client Component Browser]
    ./app/(root)/bekleidung/page.tsx [Server Component]

  Client Component SSR:
    ./app/(root)/bekleidung/page.tsx [Client Component SSR]
    ./app/(root)/bekleidung/page.tsx [Server Component] @ http://localhost:3000/_next/static/chunks/node_modules_next_dist_f3530cac._.js:3127
[   75071ms] [ERROR] ./app/(root)/bekleidung/page.tsx:148:7
Parsing ecmascript source code failed
  146 |         <div className="h-16 lg:h-24" />
  147 |       </div>
> 148 |     </main>
      |       ^^^^
  149 |   )
  150 | }
  151 |

Expected corresponding JSX closing tag for <div>

Import traces:
  Client Component Browser:
    ./app/(root)/bekleidung/page.tsx [Client Component Browser]
    ./app/(root)/bekleidung/page.tsx [Server Component]

  Client Component SSR:
    ./app/(root)/bekleidung/page.tsx [Client Component SSR]
    ./app/(root)/bekleidung/page.tsx [Server Component] @ http://localhost:3000/_next/static/chunks/node_modules_next_dist_f3530cac._.js:3127
[   75164ms] [ERROR] ./app/(root)/bekleidung/page.tsx:148:7
Parsing ecmascript source code failed
  146 |         <div className="h-16 lg:h-24" />
  147 |       </div>
> 148 |     </main>
      |       ^^^^
  149 |   )
  150 | }
  151 |

Expected corresponding JSX closing tag for <div>

Import traces:
  Client Component Browser:
    ./app/(root)/bekleidung/page.tsx [Client Component Browser]
    ./app/(root)/bekleidung/page.tsx [Server Component]

  Client Component SSR:
    ./app/(root)/bekleidung/page.tsx [Client Component SSR]
    ./app/(root)/bekleidung/page.tsx [Server Component] @ http://localhost:3000/_next/static/chunks/node_modules_next_dist_f3530cac._.js:3127
[   75253ms] [ERROR] ./app/(root)/bekleidung/page.tsx:148:7
Parsing ecmascript source code failed
  146 |         <div className="h-16 lg:h-24" />
  147 |       </div>
> 148 |     </main>
      |       ^^^^
  149 |   )
  150 | }
  151 |

Expected corresponding JSX closing tag for <div>

Import traces:
  Client Component Browser:
    ./app/(root)/bekleidung/page.tsx [Client Component Browser]
    ./app/(root)/bekleidung/page.tsx [Server Component]

  Client Component SSR:
    ./app/(root)/bekleidung/page.tsx [Client Component SSR]
    ./app/(root)/bekleidung/page.tsx [Server Component] @ http://localhost:3000/_next/static/chunks/node_modules_next_dist_f3530cac._.js:3127
[   75383ms] [ERROR] ./app/(root)/bekleidung/page.tsx:148:7
Parsing ecmascript source code failed
  146 |         <div className="h-16 lg:h-24" />
  147 |       </div>
> 148 |     </main>
      |       ^^^^
  149 |   )
  150 | }
  151 |

Expected corresponding JSX closing tag for <div>

Import traces:
  Client Component Browser:
    ./app/(root)/bekleidung/page.tsx [Client Component Browser]
    ./app/(root)/bekleidung/page.tsx [Server Component]

  Client Component SSR:
    ./app/(root)/bekleidung/page.tsx [Client Component SSR]
    ./app/(root)/bekleidung/page.tsx [Server Component] @ http://localhost:3000/_next/static/chunks/node_modules_next_dist_f3530cac._.js:3127
[   75399ms] [LOG] [Fast Refresh] rebuilding @ http://localhost:3000/_next/static/chunks/node_modules_next_dist_f3530cac._.js:2297
[   75483ms] [ERROR] ./app/(root)/bekleidung/page.tsx:148:7
Parsing ecmascript source code failed
  146 |         <div className="h-16 lg:h-24" />
  147 |       </div>
> 148 |     </main>
      |       ^^^^
  149 |   )
  150 | }
  151 |

Expected corresponding JSX closing tag for <div>

Import traces:
  Client Component Browser:
    ./app/(root)/bekleidung/page.tsx [Client Component Browser]
    ./app/(root)/bekleidung/page.tsx [Server Component]

  Client Component SSR:
    ./app/(root)/bekleidung/page.tsx [Client Component SSR]
    ./app/(root)/bekleidung/page.tsx [Server Component] @ http://localhost:3000/_next/static/chunks/node_modules_next_dist_f3530cac._.js:3127
[   75568ms] [ERROR] ./app/(root)/bekleidung/page.tsx:148:7
Parsing ecmascript source code failed
  146 |         <div className="h-16 lg:h-24" />
  147 |       </div>
> 148 |     </main>
      |       ^^^^
  149 |   )
  150 | }
  151 |

Expected corresponding JSX closing tag for <div>

Import traces:
  Client Component Browser:
    ./app/(root)/bekleidung/page.tsx [Client Component Browser]
    ./app/(root)/bekleidung/page.tsx [Server Component]

  Client Component SSR:
    ./app/(root)/bekleidung/page.tsx [Client Component SSR]
    ./app/(root)/bekleidung/page.tsx [Server Component] @ http://localhost:3000/_next/static/chunks/node_modules_next_dist_f3530cac._.js:3127
[   75657ms] [ERROR] ./app/(root)/bekleidung/page.tsx:148:7
Parsing ecmascript source code failed
  146 |         <div className="h-16 lg:h-24" />
  147 |       </div>
> 148 |     </main>
      |       ^^^^
  149 |   )
  150 | }
  151 |

Expected corresponding JSX closing tag for <div>

Import traces:
  Client Component Browser:
    ./app/(root)/bekleidung/page.tsx [Client Component Browser]
    ./app/(root)/bekleidung/page.tsx [Server Component]

  Client Component SSR:
    ./app/(root)/bekleidung/page.tsx [Client Component SSR]
    ./app/(root)/bekleidung/page.tsx [Server Component] @ http://localhost:3000/_next/static/chunks/node_modules_next_dist_f3530cac._.js:3127
[   75733ms] [ERROR] ./app/(root)/bekleidung/page.tsx:148:7
Parsing ecmascript source code failed
  146 |         <div className="h-16 lg:h-24" />
  147 |       </div>
> 148 |     </main>
      |       ^^^^
  149 |   )
  150 | }
  151 |

Expected corresponding JSX closing tag for <div>

Import traces:
  Client Component Browser:
    ./app/(root)/bekleidung/page.tsx [Client Component Browser]
    ./app/(root)/bekleidung/page.tsx [Server Component]

  Client Component SSR:
    ./app/(root)/bekleidung/page.tsx [Client Component SSR]
    ./app/(root)/bekleidung/page.tsx [Server Component] @ http://localhost:3000/_next/static/chunks/node_modules_next_dist_f3530cac._.js:3127
[   75822ms] [ERROR] ./app/(root)/bekleidung/page.tsx:148:7
Parsing ecmascript source code failed
  146 |         <div className="h-16 lg:h-24" />
  147 |       </div>
> 148 |     </main>
      |       ^^^^
  149 |   )
  150 | }
  151 |

Expected corresponding JSX closing tag for <div>

Import traces:
  Client Component Browser:
    ./app/(root)/bekleidung/page.tsx [Client Component Browser]
    ./app/(root)/bekleidung/page.tsx [Server Component]

  Client Component SSR:
    ./app/(root)/bekleidung/page.tsx [Client Component SSR]
    ./app/(root)/bekleidung/page.tsx [Server Component] @ http://localhost:3000/_next/static/chunks/node_modules_next_dist_f3530cac._.js:3127
[   75913ms] [ERROR] ./app/(root)/bekleidung/page.tsx:148:7
Parsing ecmascript source code failed
  146 |         <div className="h-16 lg:h-24" />
  147 |       </div>
> 148 |     </main>
      |       ^^^^
  149 |   )
  150 | }
  151 |

Expected corresponding JSX closing tag for <div>

Import traces:
  Client Component Browser:
    ./app/(root)/bekleidung/page.tsx [Client Component Browser]
    ./app/(root)/bekleidung/page.tsx [Server Component]

  Client Component SSR:
    ./app/(root)/bekleidung/page.tsx [Client Component SSR]
    ./app/(root)/bekleidung/page.tsx [Server Component] @ http://localhost:3000/_next/static/chunks/node_modules_next_dist_f3530cac._.js:3127
[   76005ms] [ERROR] ./app/(root)/bekleidung/page.tsx:148:7
Parsing ecmascript source code failed
  146 |         <div className="h-16 lg:h-24" />
  147 |       </div>
> 148 |     </main>
      |       ^^^^
  149 |   )
  150 | }
  151 |

Expected corresponding JSX closing tag for <div>

Import traces:
  Client Component Browser:
    ./app/(root)/bekleidung/page.tsx [Client Component Browser]
    ./app/(root)/bekleidung/page.tsx [Server Component]

  Client Component SSR:
    ./app/(root)/bekleidung/page.tsx [Client Component SSR]
    ./app/(root)/bekleidung/page.tsx [Server Component] @ http://localhost:3000/_next/static/chunks/node_modules_next_dist_f3530cac._.js:3127
[   76084ms] [ERROR] ./app/(root)/bekleidung/page.tsx:148:7
Parsing ecmascript source code failed
  146 |         <div className="h-16 lg:h-24" />
  147 |       </div>
> 148 |     </main>
      |       ^^^^
  149 |   )
  150 | }
  151 |

Expected corresponding JSX closing tag for <div>

Import traces:
  Client Component Browser:
    ./app/(root)/bekleidung/page.tsx [Client Component Browser]
    ./app/(root)/bekleidung/page.tsx [Server Component]

  Client Component SSR:
    ./app/(root)/bekleidung/page.tsx [Client Component SSR]
    ./app/(root)/bekleidung/page.tsx [Server Component] @ http://localhost:3000/_next/static/chunks/node_modules_next_dist_f3530cac._.js:3127
[   76163ms] [ERROR] ./app/(root)/bekleidung/page.tsx:148:7
Parsing ecmascript source code failed
  146 |         <div className="h-16 lg:h-24" />
  147 |       </div>
> 148 |     </main>
      |       ^^^^
  149 |   )
  150 | }
  151 |

Expected corresponding JSX closing tag for <div>

Import traces:
  Client Component Browser:
    ./app/(root)/bekleidung/page.tsx [Client Component Browser]
    ./app/(root)/bekleidung/page.tsx [Server Component]

  Client Component SSR:
    ./app/(root)/bekleidung/page.tsx [Client Component SSR]
    ./app/(root)/bekleidung/page.tsx [Server Component] @ http://localhost:3000/_next/static/chunks/node_modules_next_dist_f3530cac._.js:3127
[   76258ms] [ERROR] ./app/(root)/bekleidung/page.tsx:148:7
Parsing ecmascript source code failed
  146 |         <div className="h-16 lg:h-24" />
  147 |       </div>
> 148 |     </main>
      |       ^^^^
  149 |   )
  150 | }
  151 |

Expected corresponding JSX closing tag for <div>

Import traces:
  Client Component Browser:
    ./app/(root)/bekleidung/page.tsx [Client Component Browser]
    ./app/(root)/bekleidung/page.tsx [Server Component]

  Client Component SSR:
    ./app/(root)/bekleidung/page.tsx [Client Component SSR]
    ./app/(root)/bekleidung/page.tsx [Server Component] @ http://localhost:3000/_next/static/chunks/node_modules_next_dist_f3530cac._.js:3127
[   76359ms] [ERROR] ./app/(root)/bekleidung/page.tsx:148:7
Parsing ecmascript source code failed
  146 |         <div className="h-16 lg:h-24" />
  147 |       </div>
> 148 |     </main>
      |       ^^^^
  149 |   )
  150 | }
  151 |

Expected corresponding JSX closing tag for <div>

Import traces:
  Client Component Browser:
    ./app/(root)/bekleidung/page.tsx [Client Component Browser]
    ./app/(root)/bekleidung/page.tsx [Server Component]

  Client Component SSR:
    ./app/(root)/bekleidung/page.tsx [Client Component SSR]
    ./app/(root)/bekleidung/page.tsx [Server Component] @ http://localhost:3000/_next/static/chunks/node_modules_next_dist_f3530cac._.js:3127
[   76440ms] [ERROR] ./app/(root)/bekleidung/page.tsx:148:7
Parsing ecmascript source code failed
  146 |         <div className="h-16 lg:h-24" />
  147 |       </div>
> 148 |     </main>
      |       ^^^^
  149 |   )
  150 | }
  151 |

Expected corresponding JSX closing tag for <div>

Import traces:
  Client Component Browser:
    ./app/(root)/bekleidung/page.tsx [Client Component Browser]
    ./app/(root)/bekleidung/page.tsx [Server Component]

  Client Component SSR:
    ./app/(root)/bekleidung/page.tsx [Client Component SSR]
    ./app/(root)/bekleidung/page.tsx [Server Component] @ http://localhost:3000/_next/static/chunks/node_modules_next_dist_f3530cac._.js:3127
[   76525ms] [ERROR] ./app/(root)/bekleidung/page.tsx:148:7
Parsing ecmascript source code failed
  146 |         <div className="h-16 lg:h-24" />
  147 |       </div>
> 148 |     </main>
      |       ^^^^
  149 |   )
  150 | }
  151 |

Expected corresponding JSX closing tag for <div>

Import traces:
  Client Component Browser:
    ./app/(root)/bekleidung/page.tsx [Client Component Browser]
    ./app/(root)/bekleidung/page.tsx [Server Component]

  Client Component SSR:
    ./app/(root)/bekleidung/page.tsx [Client Component SSR]
    ./app/(root)/bekleidung/page.tsx [Server Component] @ http://localhost:3000/_next/static/chunks/node_modules_next_dist_f3530cac._.js:3127
[   76604ms] [ERROR] ./app/(root)/bekleidung/page.tsx:148:7
Parsing ecmascript source code failed
  146 |         <div className="h-16 lg:h-24" />
  147 |       </div>
> 148 |     </main>
      |       ^^^^
  149 |   )
  150 | }
  151 |

Expected corresponding JSX closing tag for <div>

Import traces:
  Client Component Browser:
    ./app/(root)/bekleidung/page.tsx [Client Component Browser]
    ./app/(root)/bekleidung/page.tsx [Server Component]

  Client Component SSR:
    ./app/(root)/bekleidung/page.tsx [Client Component SSR]
    ./app/(root)/bekleidung/page.tsx [Server Component] @ http://localhost:3000/_next/static/chunks/node_modules_next_dist_f3530cac._.js:3127
[   76680ms] [ERROR] ./app/(root)/bekleidung/page.tsx:148:7
Parsing ecmascript source code failed
  146 |         <div className="h-16 lg:h-24" />
  147 |       </div>
> 148 |     </main>
      |       ^^^^
  149 |   )
  150 | }
  151 |

Expected corresponding JSX closing tag for <div>

Import traces:
  Client Component Browser:
    ./app/(root)/bekleidung/page.tsx [Client Component Browser]
    ./app/(root)/bekleidung/page.tsx [Server Component]

  Client Component SSR:
    ./app/(root)/bekleidung/page.tsx [Client Component SSR]
    ./app/(root)/bekleidung/page.tsx [Server Component] @ http://localhost:3000/_next/static/chunks/node_modules_next_dist_f3530cac._.js:3127
[   76756ms] [ERROR] ./app/(root)/bekleidung/page.tsx:148:7
Parsing ecmascript source code failed
  146 |         <div className="h-16 lg:h-24" />
  147 |       </div>
> 148 |     </main>
      |       ^^^^
  149 |   )
  150 | }
  151 |

Expected corresponding JSX closing tag for <div>

Import traces:
  Client Component Browser:
    ./app/(root)/bekleidung/page.tsx [Client Component Browser]
    ./app/(root)/bekleidung/page.tsx [Server Component]

  Client Component SSR:
    ./app/(root)/bekleidung/page.tsx [Client Component SSR]
    ./app/(root)/bekleidung/page.tsx [Server Component] @ http://localhost:3000/_next/static/chunks/node_modules_next_dist_f3530cac._.js:3127
[   76852ms] [ERROR] ./app/(root)/bekleidung/page.tsx:148:7
Parsing ecmascript source code failed
  146 |         <div className="h-16 lg:h-24" />
  147 |       </div>
> 148 |     </main>
      |       ^^^^
  149 |   )
  150 | }
  151 |

Expected corresponding JSX closing tag for <div>

Import traces:
  Client Component Browser:
    ./app/(root)/bekleidung/page.tsx [Client Component Browser]
    ./app/(root)/bekleidung/page.tsx [Server Component]

  Client Component SSR:
    ./app/(root)/bekleidung/page.tsx [Client Component SSR]
    ./app/(root)/bekleidung/page.tsx [Server Component] @ http://localhost:3000/_next/static/chunks/node_modules_next_dist_f3530cac._.js:3127
[   76924ms] [ERROR] ./app/(root)/bekleidung/page.tsx:148:7
Parsing ecmascript source code failed
  146 |         <div className="h-16 lg:h-24" />
  147 |       </div>
> 148 |     </main>
      |       ^^^^
  149 |   )
  150 | }
  151 |

Expected corresponding JSX closing tag for <div>

Import traces:
  Client Component Browser:
    ./app/(root)/bekleidung/page.tsx [Client Component Browser]
    ./app/(root)/bekleidung/page.tsx [Server Component]

  Client Component SSR:
    ./app/(root)/bekleidung/page.tsx [Client Component SSR]
    ./app/(root)/bekleidung/page.tsx [Server Component] @ http://localhost:3000/_next/static/chunks/node_modules_next_dist_f3530cac._.js:3127
[   77008ms] [ERROR] ./app/(root)/bekleidung/page.tsx:148:7
Parsing ecmascript source code failed
  146 |         <div className="h-16 lg:h-24" />
  147 |       </div>
> 148 |     </main>
      |       ^^^^
  149 |   )
  150 | }
  151 |

Expected corresponding JSX closing tag for <div>

Import traces:
  Client Component Browser:
    ./app/(root)/bekleidung/page.tsx [Client Component Browser]
    ./app/(root)/bekleidung/page.tsx [Server Component]

  Client Component SSR:
    ./app/(root)/bekleidung/page.tsx [Client Component SSR]
    ./app/(root)/bekleidung/page.tsx [Server Component] @ http://localhost:3000/_next/static/chunks/node_modules_next_dist_f3530cac._.js:3127
[   77087ms] [ERROR] ./app/(root)/bekleidung/page.tsx:148:7
Parsing ecmascript source code failed
  146 |         <div className="h-16 lg:h-24" />
  147 |       </div>
> 148 |     </main>
      |       ^^^^
  149 |   )
  150 | }
  151 |

Expected corresponding JSX closing tag for <div>

Import traces:
  Client Component Browser:
    ./app/(root)/bekleidung/page.tsx [Client Component Browser]
    ./app/(root)/bekleidung/page.tsx [Server Component]

  Client Component SSR:
    ./app/(root)/bekleidung/page.tsx [Client Component SSR]
    ./app/(root)/bekleidung/page.tsx [Server Component] @ http://localhost:3000/_next/static/chunks/node_modules_next_dist_f3530cac._.js:3127
[   77174ms] [ERROR] ./app/(root)/bekleidung/page.tsx:148:7
Parsing ecmascript source code failed
  146 |         <div className="h-16 lg:h-24" />
  147 |       </div>
> 148 |     </main>
      |       ^^^^
  149 |   )
  150 | }
  151 |

Expected corresponding JSX closing tag for <div>

Import traces:
  Client Component Browser:
    ./app/(root)/bekleidung/page.tsx [Client Component Browser]
    ./app/(root)/bekleidung/page.tsx [Server Component]

  Client Component SSR:
    ./app/(root)/bekleidung/page.tsx [Client Component SSR]
    ./app/(root)/bekleidung/page.tsx [Server Component] @ http://localhost:3000/_next/static/chunks/node_modules_next_dist_f3530cac._.js:3127
[   77256ms] [ERROR] ./app/(root)/bekleidung/page.tsx:148:7
Parsing ecmascript source code failed
  146 |         <div className="h-16 lg:h-24" />
  147 |       </div>
> 148 |     </main>
      |       ^^^^
  149 |   )
  150 | }
  151 |

Expected corresponding JSX closing tag for <div>

Import traces:
  Client Component Browser:
    ./app/(root)/bekleidung/page.tsx [Client Component Browser]
    ./app/(root)/bekleidung/page.tsx [Server Component]

  Client Component SSR:
    ./app/(root)/bekleidung/page.tsx [Client Component SSR]
    ./app/(root)/bekleidung/page.tsx [Server Component] @ http://localhost:3000/_next/static/chunks/node_modules_next_dist_f3530cac._.js:3127
[   77345ms] [ERROR] ./app/(root)/bekleidung/page.tsx:148:7
Parsing ecmascript source code failed
  146 |         <div className="h-16 lg:h-24" />
  147 |       </div>
> 148 |     </main>
      |       ^^^^
  149 |   )
  150 | }
  151 |

Expected corresponding JSX closing tag for <div>

Import traces:
  Client Component Browser:
    ./app/(root)/bekleidung/page.tsx [Client Component Browser]
    ./app/(root)/bekleidung/page.tsx [Server Component]

  Client Component SSR:
    ./app/(root)/bekleidung/page.tsx [Client Component SSR]
    ./app/(root)/bekleidung/page.tsx [Server Component] @ http://localhost:3000/_next/static/chunks/node_modules_next_dist_f3530cac._.js:3127
[   77441ms] [ERROR] ./app/(root)/bekleidung/page.tsx:148:7
Parsing ecmascript source code failed
  146 |         <div className="h-16 lg:h-24" />
  147 |       </div>
> 148 |     </main>
      |       ^^^^
  149 |   )
  150 | }
  151 |

Expected corresponding JSX closing tag for <div>

Import traces:
  Client Component Browser:
    ./app/(root)/bekleidung/page.tsx [Client Component Browser]
    ./app/(root)/bekleidung/page.tsx [Server Component]

  Client Component SSR:
    ./app/(root)/bekleidung/page.tsx [Client Component SSR]
    ./app/(root)/bekleidung/page.tsx [Server Component] @ http://localhost:3000/_next/static/chunks/node_modules_next_dist_f3530cac._.js:3127
[   77513ms] [ERROR] ./app/(root)/bekleidung/page.tsx:148:7
Parsing ecmascript source code failed
  146 |         <div className="h-16 lg:h-24" />
  147 |       </div>
> 148 |     </main>
      |       ^^^^
  149 |   )
  150 | }
  151 |

Expected corresponding JSX closing tag for <div>

Import traces:
  Client Component Browser:
    ./app/(root)/bekleidung/page.tsx [Client Component Browser]
    ./app/(root)/bekleidung/page.tsx [Server Component]

  Client Component SSR:
    ./app/(root)/bekleidung/page.tsx [Client Component SSR]
    ./app/(root)/bekleidung/page.tsx [Server Component] @ http://localhost:3000/_next/static/chunks/node_modules_next_dist_f3530cac._.js:3127
[   77605ms] [ERROR] ./app/(root)/bekleidung/page.tsx:148:7
Parsing ecmascript source code failed
  146 |         <div className="h-16 lg:h-24" />
  147 |       </div>
> 148 |     </main>
      |       ^^^^
  149 |   )
  150 | }
  151 |

Expected corresponding JSX closing tag for <div>

Import traces:
  Client Component Browser:
    ./app/(root)/bekleidung/page.tsx [Client Component Browser]
    ./app/(root)/bekleidung/page.tsx [Server Component]

  Client Component SSR:
    ./app/(root)/bekleidung/page.tsx [Client Component SSR]
    ./app/(root)/bekleidung/page.tsx [Server Component] @ http://localhost:3000/_next/static/chunks/node_modules_next_dist_f3530cac._.js:3127
[   77696ms] [ERROR] ./app/(root)/bekleidung/page.tsx:148:7
Parsing ecmascript source code failed
  146 |         <div className="h-16 lg:h-24" />
  147 |       </div>
> 148 |     </main>
      |       ^^^^
  149 |   )
  150 | }
  151 |

Expected corresponding JSX closing tag for <div>

Import traces:
  Client Component Browser:
    ./app/(root)/bekleidung/page.tsx [Client Component Browser]
    ./app/(root)/bekleidung/page.tsx [Server Component]

  Client Component SSR:
    ./app/(root)/bekleidung/page.tsx [Client Component SSR]
    ./app/(root)/bekleidung/page.tsx [Server Component] @ http://localhost:3000/_next/static/chunks/node_modules_next_dist_f3530cac._.js:3127
[   77780ms] [ERROR] ./app/(root)/bekleidung/page.tsx:148:7
Parsing ecmascript source code failed
  146 |         <div className="h-16 lg:h-24" />
  147 |       </div>
> 148 |     </main>
      |       ^^^^
  149 |   )
  150 | }
  151 |

Expected corresponding JSX closing tag for <div>

Import traces:
  Client Component Browser:
    ./app/(root)/bekleidung/page.tsx [Client Component Browser]
    ./app/(root)/bekleidung/page.tsx [Server Component]

  Client Component SSR:
    ./app/(root)/bekleidung/page.tsx [Client Component SSR]
    ./app/(root)/bekleidung/page.tsx [Server Component] @ http://localhost:3000/_next/static/chunks/node_modules_next_dist_f3530cac._.js:3127
[   77874ms] [ERROR] ./app/(root)/bekleidung/page.tsx:148:7
Parsing ecmascript source code failed
  146 |         <div className="h-16 lg:h-24" />
  147 |       </div>
> 148 |     </main>
      |       ^^^^
  149 |   )
  150 | }
  151 |

Expected corresponding JSX closing tag for <div>

Import traces:
  Client Component Browser:
    ./app/(root)/bekleidung/page.tsx [Client Component Browser]
    ./app/(root)/bekleidung/page.tsx [Server Component]

  Client Component SSR:
    ./app/(root)/bekleidung/page.tsx [Client Component SSR]
    ./app/(root)/bekleidung/page.tsx [Server Component] @ http://localhost:3000/_next/static/chunks/node_modules_next_dist_f3530cac._.js:3127
[   77971ms] [ERROR] ./app/(root)/bekleidung/page.tsx:148:7
Parsing ecmascript source code failed
  146 |         <div className="h-16 lg:h-24" />
  147 |       </div>
> 148 |     </main>
      |       ^^^^
  149 |   )
  150 | }
  151 |

Expected corresponding JSX closing tag for <div>

Import traces:
  Client Component Browser:
    ./app/(root)/bekleidung/page.tsx [Client Component Browser]
    ./app/(root)/bekleidung/page.tsx [Server Component]

  Client Component SSR:
    ./app/(root)/bekleidung/page.tsx [Client Component SSR]
    ./app/(root)/bekleidung/page.tsx [Server Component] @ http://localhost:3000/_next/static/chunks/node_modules_next_dist_f3530cac._.js:3127
[   78054ms] [ERROR] ./app/(root)/bekleidung/page.tsx:148:7
Parsing ecmascript source code failed
  146 |         <div className="h-16 lg:h-24" />
  147 |       </div>
> 148 |     </main>
      |       ^^^^
  149 |   )
  150 | }
  151 |

Expected corresponding JSX closing tag for <div>

Import traces:
  Client Component Browser:
    ./app/(root)/bekleidung/page.tsx [Client Component Browser]
    ./app/(root)/bekleidung/page.tsx [Server Component]

  Client Component SSR:
    ./app/(root)/bekleidung/page.tsx [Client Component SSR]
    ./app/(root)/bekleidung/page.tsx [Server Component] @ http://localhost:3000/_next/static/chunks/node_modules_next_dist_f3530cac._.js:3127
[   78133ms] [ERROR] ./app/(root)/bekleidung/page.tsx:148:7
Parsing ecmascript source code failed
  146 |         <div className="h-16 lg:h-24" />
  147 |       </div>
> 148 |     </main>
      |       ^^^^
  149 |   )
  150 | }
  151 |

Expected corresponding JSX closing tag for <div>

Import traces:
  Client Component Browser:
    ./app/(root)/bekleidung/page.tsx [Client Component Browser]
    ./app/(root)/bekleidung/page.tsx [Server Component]

  Client Component SSR:
    ./app/(root)/bekleidung/page.tsx [Client Component SSR]
    ./app/(root)/bekleidung/page.tsx [Server Component] @ http://localhost:3000/_next/static/chunks/node_modules_next_dist_f3530cac._.js:3127
[   78260ms] [ERROR] ./app/(root)/bekleidung/page.tsx:148:7
Parsing ecmascript source code failed
  146 |         <div className="h-16 lg:h-24" />
  147 |       </div>
> 148 |     </main>
      |       ^^^^
  149 |   )
  150 | }
  151 |

Expected corresponding JSX closing tag for <div>

Import traces:
  Client Component Browser:
    ./app/(root)/bekleidung/page.tsx [Client Component Browser]
    ./app/(root)/bekleidung/page.tsx [Server Component]

  Client Component SSR:
    ./app/(root)/bekleidung/page.tsx [Client Component SSR]
    ./app/(root)/bekleidung/page.tsx [Server Component] @ http://localhost:3000/_next/static/chunks/node_modules_next_dist_f3530cac._.js:3127
[   78294ms] [LOG] [Fast Refresh] rebuilding @ http://localhost:3000/_next/static/chunks/node_modules_next_dist_f3530cac._.js:2297
[   78375ms] [ERROR] ./app/(root)/bekleidung/page.tsx:148:7
Parsing ecmascript source code failed
  146 |         <div className="h-16 lg:h-24" />
  147 |       </div>
> 148 |     </main>
      |       ^^^^
  149 |   )
  150 | }
  151 |

Expected corresponding JSX closing tag for <div>

Import traces:
  Client Component Browser:
    ./app/(root)/bekleidung/page.tsx [Client Component Browser]
    ./app/(root)/bekleidung/page.tsx [Server Component]

  Client Component SSR:
    ./app/(root)/bekleidung/page.tsx [Client Component SSR]
    ./app/(root)/bekleidung/page.tsx [Server Component] @ http://localhost:3000/_next/static/chunks/node_modules_next_dist_f3530cac._.js:3127
[   78453ms] [ERROR] ./app/(root)/bekleidung/page.tsx:148:7
Parsing ecmascript source code failed
  146 |         <div className="h-16 lg:h-24" />
  147 |       </div>
> 148 |     </main>
      |       ^^^^
  149 |   )
  150 | }
  151 |

Expected corresponding JSX closing tag for <div>

Import traces:
  Client Component Browser:
    ./app/(root)/bekleidung/page.tsx [Client Component Browser]
    ./app/(root)/bekleidung/page.tsx [Server Component]

  Client Component SSR:
    ./app/(root)/bekleidung/page.tsx [Client Component SSR]
    ./app/(root)/bekleidung/page.tsx [Server Component] @ http://localhost:3000/_next/static/chunks/node_modules_next_dist_f3530cac._.js:3127
[   78546ms] [ERROR] ./app/(root)/bekleidung/page.tsx:148:7
Parsing ecmascript source code failed
  146 |         <div className="h-16 lg:h-24" />
  147 |       </div>
> 148 |     </main>
      |       ^^^^
  149 |   )
  150 | }
  151 |

Expected corresponding JSX closing tag for <div>

Import traces:
  Client Component Browser:
    ./app/(root)/bekleidung/page.tsx [Client Component Browser]
    ./app/(root)/bekleidung/page.tsx [Server Component]

  Client Component SSR:
    ./app/(root)/bekleidung/page.tsx [Client Component SSR]
    ./app/(root)/bekleidung/page.tsx [Server Component] @ http://localhost:3000/_next/static/chunks/node_modules_next_dist_f3530cac._.js:3127
[   78625ms] [ERROR] ./app/(root)/bekleidung/page.tsx:148:7
Parsing ecmascript source code failed
  146 |         <div className="h-16 lg:h-24" />
  147 |       </div>
> 148 |     </main>
      |       ^^^^
  149 |   )
  150 | }
  151 |

Expected corresponding JSX closing tag for <div>

Import traces:
  Client Component Browser:
    ./app/(root)/bekleidung/page.tsx [Client Component Browser]
    ./app/(root)/bekleidung/page.tsx [Server Component]

  Client Component SSR:
    ./app/(root)/bekleidung/page.tsx [Client Component SSR]
    ./app/(root)/bekleidung/page.tsx [Server Component] @ http://localhost:3000/_next/static/chunks/node_modules_next_dist_f3530cac._.js:3127
[   78708ms] [ERROR] ./app/(root)/bekleidung/page.tsx:148:7
Parsing ecmascript source code failed
  146 |         <div className="h-16 lg:h-24" />
  147 |       </div>
> 148 |     </main>
      |       ^^^^
  149 |   )
  150 | }
  151 |

Expected corresponding JSX closing tag for <div>

Import traces:
  Client Component Browser:
    ./app/(root)/bekleidung/page.tsx [Client Component Browser]
    ./app/(root)/bekleidung/page.tsx [Server Component]

  Client Component SSR:
    ./app/(root)/bekleidung/page.tsx [Client Component SSR]
    ./app/(root)/bekleidung/page.tsx [Server Component] @ http://localhost:3000/_next/static/chunks/node_modules_next_dist_f3530cac._.js:3127
[   78810ms] [ERROR] ./app/(root)/bekleidung/page.tsx:148:7
Parsing ecmascript source code failed
  146 |         <div className="h-16 lg:h-24" />
  147 |       </div>
> 148 |     </main>
      |       ^^^^
  149 |   )
  150 | }
  151 |

Expected corresponding JSX closing tag for <div>

Import traces:
  Client Component Browser:
    ./app/(root)/bekleidung/page.tsx [Client Component Browser]
    ./app/(root)/bekleidung/page.tsx [Server Component]

  Client Component SSR:
    ./app/(root)/bekleidung/page.tsx [Client Component SSR]
    ./app/(root)/bekleidung/page.tsx [Server Component] @ http://localhost:3000/_next/static/chunks/node_modules_next_dist_f3530cac._.js:3127
[   78919ms] [ERROR] ./app/(root)/bekleidung/page.tsx:148:7
Parsing ecmascript source code failed
  146 |         <div className="h-16 lg:h-24" />
  147 |       </div>
> 148 |     </main>
      |       ^^^^
  149 |   )
  150 | }
  151 |

Expected corresponding JSX closing tag for <div>

Import traces:
  Client Component Browser:
    ./app/(root)/bekleidung/page.tsx [Client Component Browser]
    ./app/(root)/bekleidung/page.tsx [Server Component]

  Client Component SSR:
    ./app/(root)/bekleidung/page.tsx [Client Component SSR]
    ./app/(root)/bekleidung/page.tsx [Server Component] @ http://localhost:3000/_next/static/chunks/node_modules_next_dist_f3530cac._.js:3127
[   78993ms] [ERROR] ./app/(root)/bekleidung/page.tsx:148:7
Parsing ecmascript source code failed
  146 |         <div className="h-16 lg:h-24" />
  147 |       </div>
> 148 |     </main>
      |       ^^^^
  149 |   )
  150 | }
  151 |

Expected corresponding JSX closing tag for <div>

Import traces:
  Client Component Browser:
    ./app/(root)/bekleidung/page.tsx [Client Component Browser]
    ./app/(root)/bekleidung/page.tsx [Server Component]

  Client Component SSR:
    ./app/(root)/bekleidung/page.tsx [Client Component SSR]
    ./app/(root)/bekleidung/page.tsx [Server Component] @ http://localhost:3000/_next/static/chunks/node_modules_next_dist_f3530cac._.js:3127
[   79084ms] [ERROR] ./app/(root)/bekleidung/page.tsx:148:7
Parsing ecmascript source code failed
  146 |         <div className="h-16 lg:h-24" />
  147 |       </div>
> 148 |     </main>
      |       ^^^^
  149 |   )
  150 | }
  151 |

Expected corresponding JSX closing tag for <div>

Import traces:
  Client Component Browser:
    ./app/(root)/bekleidung/page.tsx [Client Component Browser]
    ./app/(root)/bekleidung/page.tsx [Server Component]

  Client Component SSR:
    ./app/(root)/bekleidung/page.tsx [Client Component SSR]
    ./app/(root)/bekleidung/page.tsx [Server Component] @ http://localhost:3000/_next/static/chunks/node_modules_next_dist_f3530cac._.js:3127
[   79174ms] [ERROR] ./app/(root)/bekleidung/page.tsx:148:7
Parsing ecmascript source code failed
  146 |         <div className="h-16 lg:h-24" />
  147 |       </div>
> 148 |     </main>
      |       ^^^^
  149 |   )
  150 | }
  151 |

Expected corresponding JSX closing tag for <div>

Import traces:
  Client Component Browser:
    ./app/(root)/bekleidung/page.tsx [Client Component Browser]
    ./app/(root)/bekleidung/page.tsx [Server Component]

  Client Component SSR:
    ./app/(root)/bekleidung/page.tsx [Client Component SSR]
    ./app/(root)/bekleidung/page.tsx [Server Component] @ http://localhost:3000/_next/static/chunks/node_modules_next_dist_f3530cac._.js:3127
[   79275ms] [ERROR] ./app/(root)/bekleidung/page.tsx:148:7
Parsing ecmascript source code failed
  146 |         <div className="h-16 lg:h-24" />
  147 |       </div>
> 148 |     </main>
      |       ^^^^
  149 |   )
  150 | }
  151 |

Expected corresponding JSX closing tag for <div>

Import traces:
  Client Component Browser:
    ./app/(root)/bekleidung/page.tsx [Client Component Browser]
    ./app/(root)/bekleidung/page.tsx [Server Component]

  Client Component SSR:
    ./app/(root)/bekleidung/page.tsx [Client Component SSR]
    ./app/(root)/bekleidung/page.tsx [Server Component] @ http://localhost:3000/_next/static/chunks/node_modules_next_dist_f3530cac._.js:3127
[   79364ms] [ERROR] ./app/(root)/bekleidung/page.tsx:148:7
Parsing ecmascript source code failed
  146 |         <div className="h-16 lg:h-24" />
  147 |       </div>
> 148 |     </main>
      |       ^^^^
  149 |   )
  150 | }
  151 |

Expected corresponding JSX closing tag for <div>

Import traces:
  Client Component Browser:
    ./app/(root)/bekleidung/page.tsx [Client Component Browser]
    ./app/(root)/bekleidung/page.tsx [Server Component]

  Client Component SSR:
    ./app/(root)/bekleidung/page.tsx [Client Component SSR]
    ./app/(root)/bekleidung/page.tsx [Server Component] @ http://localhost:3000/_next/static/chunks/node_modules_next_dist_f3530cac._.js:3127
[   79471ms] [ERROR] ./app/(root)/bekleidung/page.tsx:148:7
Parsing ecmascript source code failed
  146 |         <div className="h-16 lg:h-24" />
  147 |       </div>
> 148 |     </main>
      |       ^^^^
  149 |   )
  150 | }
  151 |

Expected corresponding JSX closing tag for <div>

Import traces:
  Client Component Browser:
    ./app/(root)/bekleidung/page.tsx [Client Component Browser]
    ./app/(root)/bekleidung/page.tsx [Server Component]

  Client Component SSR:
    ./app/(root)/bekleidung/page.tsx [Client Component SSR]
    ./app/(root)/bekleidung/page.tsx [Server Component] @ http://localhost:3000/_next/static/chunks/node_modules_next_dist_f3530cac._.js:3127
[   79566ms] [ERROR] ./app/(root)/bekleidung/page.tsx:148:7
Parsing ecmascript source code failed
  146 |         <div className="h-16 lg:h-24" />
  147 |       </div>
> 148 |     </main>
      |       ^^^^
  149 |   )
  150 | }
  151 |

Expected corresponding JSX closing tag for <div>

Import traces:
  Client Component Browser:
    ./app/(root)/bekleidung/page.tsx [Client Component Browser]
    ./app/(root)/bekleidung/page.tsx [Server Component]

  Client Component SSR:
    ./app/(root)/bekleidung/page.tsx [Client Component SSR]
    ./app/(root)/bekleidung/page.tsx [Server Component] @ http://localhost:3000/_next/static/chunks/node_modules_next_dist_f3530cac._.js:3127
[   79656ms] [ERROR] ./app/(root)/bekleidung/page.tsx:148:7
Parsing ecmascript source code failed
  146 |         <div className="h-16 lg:h-24" />
  147 |       </div>
> 148 |     </main>
      |       ^^^^
  149 |   )
  150 | }
  151 |

Expected corresponding JSX closing tag for <div>

Import traces:
  Client Component Browser:
    ./app/(root)/bekleidung/page.tsx [Client Component Browser]
    ./app/(root)/bekleidung/page.tsx [Server Component]

  Client Component SSR:
    ./app/(root)/bekleidung/page.tsx [Client Component SSR]
    ./app/(root)/bekleidung/page.tsx [Server Component] @ http://localhost:3000/_next/static/chunks/node_modules_next_dist_f3530cac._.js:3127
[   79767ms] [ERROR] ./app/(root)/bekleidung/page.tsx:148:7
Parsing ecmascript source code failed
  146 |         <div className="h-16 lg:h-24" />
  147 |       </div>
> 148 |     </main>
      |       ^^^^
  149 |   )
  150 | }
  151 |

Expected corresponding JSX closing tag for <div>

Import traces:
  Client Component Browser:
    ./app/(root)/bekleidung/page.tsx [Client Component Browser]
    ./app/(root)/bekleidung/page.tsx [Server Component]

  Client Component SSR:
    ./app/(root)/bekleidung/page.tsx [Client Component SSR]
    ./app/(root)/bekleidung/page.tsx [Server Component] @ http://localhost:3000/_next/static/chunks/node_modules_next_dist_f3530cac._.js:3127
[   79860ms] [ERROR] ./app/(root)/bekleidung/page.tsx:148:7
Parsing ecmascript source code failed
  146 |         <div className="h-16 lg:h-24" />
  147 |       </div>
> 148 |     </main>
      |       ^^^^
  149 |   )
  150 | }
  151 |

Expected corresponding JSX closing tag for <div>

Import traces:
  Client Component Browser:
    ./app/(root)/bekleidung/page.tsx [Client Component Browser]
    ./app/(root)/bekleidung/page.tsx [Server Component]

  Client Component SSR:
    ./app/(root)/bekleidung/page.tsx [Client Component SSR]
    ./app/(root)/bekleidung/page.tsx [Server Component] @ http://localhost:3000/_next/static/chunks/node_modules_next_dist_f3530cac._.js:3127
[   79959ms] [ERROR] ./app/(root)/bekleidung/page.tsx:148:7
Parsing ecmascript source code failed
  146 |         <div className="h-16 lg:h-24" />
  147 |       </div>
> 148 |     </main>
      |       ^^^^
  149 |   )
  150 | }
  151 |

Expected corresponding JSX closing tag for <div>

Import traces:
  Client Component Browser:
    ./app/(root)/bekleidung/page.tsx [Client Component Browser]
    ./app/(root)/bekleidung/page.tsx [Server Component]

  Client Component SSR:
    ./app/(root)/bekleidung/page.tsx [Client Component SSR]
    ./app/(root)/bekleidung/page.tsx [Server Component] @ http://localhost:3000/_next/static/chunks/node_modules_next_dist_f3530cac._.js:3127
[   80037ms] [ERROR] ./app/(root)/bekleidung/page.tsx:148:7
Parsing ecmascript source code failed
  146 |         <div className="h-16 lg:h-24" />
  147 |       </div>
> 148 |     </main>
      |       ^^^^
  149 |   )
  150 | }
  151 |

Expected corresponding JSX closing tag for <div>

Import traces:
  Client Component Browser:
    ./app/(root)/bekleidung/page.tsx [Client Component Browser]
    ./app/(root)/bekleidung/page.tsx [Server Component]

  Client Component SSR:
    ./app/(root)/bekleidung/page.tsx [Client Component SSR]
    ./app/(root)/bekleidung/page.tsx [Server Component] @ http://localhost:3000/_next/static/chunks/node_modules_next_dist_f3530cac._.js:3127
[   80111ms] [ERROR] ./app/(root)/bekleidung/page.tsx:148:7
Parsing ecmascript source code failed
  146 |         <div className="h-16 lg:h-24" />
  147 |       </div>
> 148 |     </main>
      |       ^^^^
  149 |   )
  150 | }
  151 |

Expected corresponding JSX closing tag for <div>

Import traces:
  Client Component Browser:
    ./app/(root)/bekleidung/page.tsx [Client Component Browser]
    ./app/(root)/bekleidung/page.tsx [Server Component]

  Client Component SSR:
    ./app/(root)/bekleidung/page.tsx [Client Component SSR]
    ./app/(root)/bekleidung/page.tsx [Server Component] @ http://localhost:3000/_next/static/chunks/node_modules_next_dist_f3530cac._.js:3127
[   80206ms] [ERROR] ./app/(root)/bekleidung/page.tsx:148:7
Parsing ecmascript source code failed
  146 |         <div className="h-16 lg:h-24" />
  147 |       </div>
> 148 |     </main>
      |       ^^^^
  149 |   )
  150 | }
  151 |

Expected corresponding JSX closing tag for <div>

Import traces:
  Client Component Browser:
    ./app/(root)/bekleidung/page.tsx [Client Component Browser]
    ./app/(root)/bekleidung/page.tsx [Server Component]

  Client Component SSR:
    ./app/(root)/bekleidung/page.tsx [Client Component SSR]
    ./app/(root)/bekleidung/page.tsx [Server Component] @ http://localhost:3000/_next/static/chunks/node_modules_next_dist_f3530cac._.js:3127
[   80296ms] [ERROR] ./app/(root)/bekleidung/page.tsx:148:7
Parsing ecmascript source code failed
  146 |         <div className="h-16 lg:h-24" />
  147 |       </div>
> 148 |     </main>
      |       ^^^^
  149 |   )
  150 | }
  151 |

Expected corresponding JSX closing tag for <div>

Import traces:
  Client Component Browser:
    ./app/(root)/bekleidung/page.tsx [Client Component Browser]
    ./app/(root)/bekleidung/page.tsx [Server Component]

  Client Component SSR:
    ./app/(root)/bekleidung/page.tsx [Client Component SSR]
    ./app/(root)/bekleidung/page.tsx [Server Component] @ http://localhost:3000/_next/static/chunks/node_modules_next_dist_f3530cac._.js:3127
[   80377ms] [ERROR] ./app/(root)/bekleidung/page.tsx:148:7
Parsing ecmascript source code failed
  146 |         <div className="h-16 lg:h-24" />
  147 |       </div>
> 148 |     </main>
      |       ^^^^
  149 |   )
  150 | }
  151 |

Expected corresponding JSX closing tag for <div>

Import traces:
  Client Component Browser:
    ./app/(root)/bekleidung/page.tsx [Client Component Browser]
    ./app/(root)/bekleidung/page.tsx [Server Component]

  Client Component SSR:
    ./app/(root)/bekleidung/page.tsx [Client Component SSR]
    ./app/(root)/bekleidung/page.tsx [Server Component] @ http://localhost:3000/_next/static/chunks/node_modules_next_dist_f3530cac._.js:3127
[   80469ms] [ERROR] ./app/(root)/bekleidung/page.tsx:148:7
Parsing ecmascript source code failed
  146 |         <div className="h-16 lg:h-24" />
  147 |       </div>
> 148 |     </main>
      |       ^^^^
  149 |   )
  150 | }
  151 |

Expected corresponding JSX closing tag for <div>

Import traces:
  Client Component Browser:
    ./app/(root)/bekleidung/page.tsx [Client Component Browser]
    ./app/(root)/bekleidung/page.tsx [Server Component]

  Client Component SSR:
    ./app/(root)/bekleidung/page.tsx [Client Component SSR]
    ./app/(root)/bekleidung/page.tsx [Server Component] @ http://localhost:3000/_next/static/chunks/node_modules_next_dist_f3530cac._.js:3127
[   80561ms] [ERROR] ./app/(root)/bekleidung/page.tsx:148:7
Parsing ecmascript source code failed
  146 |         <div className="h-16 lg:h-24" />
  147 |       </div>
> 148 |     </main>
      |       ^^^^
  149 |   )
  150 | }
  151 |

Expected corresponding JSX closing tag for <div>

Import traces:
  Client Component Browser:
    ./app/(root)/bekleidung/page.tsx [Client Component Browser]
    ./app/(root)/bekleidung/page.tsx [Server Component]

  Client Component SSR:
    ./app/(root)/bekleidung/page.tsx [Client Component SSR]
    ./app/(root)/bekleidung/page.tsx [Server Component] @ http://localhost:3000/_next/static/chunks/node_modules_next_dist_f3530cac._.js:3127
[   80640ms] [ERROR] ./app/(root)/bekleidung/page.tsx:148:7
Parsing ecmascript source code failed
  146 |         <div className="h-16 lg:h-24" />
  147 |       </div>
> 148 |     </main>
      |       ^^^^
  149 |   )
  150 | }
  151 |

Expected corresponding JSX closing tag for <div>

Import traces:
  Client Component Browser:
    ./app/(root)/bekleidung/page.tsx [Client Component Browser]
    ./app/(root)/bekleidung/page.tsx [Server Component]

  Client Component SSR:
    ./app/(root)/bekleidung/page.tsx [Client Component SSR]
    ./app/(root)/bekleidung/page.tsx [Server Component] @ http://localhost:3000/_next/static/chunks/node_modules_next_dist_f3530cac._.js:3127
[   80729ms] [ERROR] ./app/(root)/bekleidung/page.tsx:148:7
Parsing ecmascript source code failed
  146 |         <div className="h-16 lg:h-24" />
  147 |       </div>
> 148 |     </main>
      |       ^^^^
  149 |   )
  150 | }
  151 |

Expected corresponding JSX closing tag for <div>

Import traces:
  Client Component Browser:
    ./app/(root)/bekleidung/page.tsx [Client Component Browser]
    ./app/(root)/bekleidung/page.tsx [Server Component]

  Client Component SSR:
    ./app/(root)/bekleidung/page.tsx [Client Component SSR]
    ./app/(root)/bekleidung/page.tsx [Server Component] @ http://localhost:3000/_next/static/chunks/node_modules_next_dist_f3530cac._.js:3127
[   80807ms] [ERROR] ./app/(root)/bekleidung/page.tsx:148:7
Parsing ecmascript source code failed
  146 |         <div className="h-16 lg:h-24" />
  147 |       </div>
> 148 |     </main>
      |       ^^^^
  149 |   )
  150 | }
  151 |

Expected corresponding JSX closing tag for <div>

Import traces:
  Client Component Browser:
    ./app/(root)/bekleidung/page.tsx [Client Component Browser]
    ./app/(root)/bekleidung/page.tsx [Server Component]

  Client Component SSR:
    ./app/(root)/bekleidung/page.tsx [Client Component SSR]
    ./app/(root)/bekleidung/page.tsx [Server Component] @ http://localhost:3000/_next/static/chunks/node_modules_next_dist_f3530cac._.js:3127
[   80885ms] [ERROR] ./app/(root)/bekleidung/page.tsx:148:7
Parsing ecmascript source code failed
  146 |         <div className="h-16 lg:h-24" />
  147 |       </div>
> 148 |     </main>
      |       ^^^^
  149 |   )
  150 | }
  151 |

Expected corresponding JSX closing tag for <div>

Import traces:
  Client Component Browser:
    ./app/(root)/bekleidung/page.tsx [Client Component Browser]
    ./app/(root)/bekleidung/page.tsx [Server Component]

  Client Component SSR:
    ./app/(root)/bekleidung/page.tsx [Client Component SSR]
    ./app/(root)/bekleidung/page.tsx [Server Component] @ http://localhost:3000/_next/static/chunks/node_modules_next_dist_f3530cac._.js:3127
[   80976ms] [ERROR] ./app/(root)/bekleidung/page.tsx:148:7
Parsing ecmascript source code failed
  146 |         <div className="h-16 lg:h-24" />
  147 |       </div>
> 148 |     </main>
      |       ^^^^
  149 |   )
  150 | }
  151 |

Expected corresponding JSX closing tag for <div>

Import traces:
  Client Component Browser:
    ./app/(root)/bekleidung/page.tsx [Client Component Browser]
    ./app/(root)/bekleidung/page.tsx [Server Component]

  Client Component SSR:
    ./app/(root)/bekleidung/page.tsx [Client Component SSR]
    ./app/(root)/bekleidung/page.tsx [Server Component] @ http://localhost:3000/_next/static/chunks/node_modules_next_dist_f3530cac._.js:3127
[   81066ms] [ERROR] ./app/(root)/bekleidung/page.tsx:148:7
Parsing ecmascript source code failed
  146 |         <div className="h-16 lg:h-24" />
  147 |       </div>
> 148 |     </main>
      |       ^^^^
  149 |   )
  150 | }
  151 |

Expected corresponding JSX closing tag for <div>

Import traces:
  Client Component Browser:
    ./app/(root)/bekleidung/page.tsx [Client Component Browser]
    ./app/(root)/bekleidung/page.tsx [Server Component]

  Client Component SSR:
    ./app/(root)/bekleidung/page.tsx [Client Component SSR]
    ./app/(root)/bekleidung/page.tsx [Server Component] @ http://localhost:3000/_next/static/chunks/node_modules_next_dist_f3530cac._.js:3127
[   81143ms] [ERROR] ./app/(root)/bekleidung/page.tsx:148:7
Parsing ecmascript source code failed
  146 |         <div className="h-16 lg:h-24" />
  147 |       </div>
> 148 |     </main>
      |       ^^^^
  149 |   )
  150 | }
  151 |

Expected corresponding JSX closing tag for <div>

Import traces:
  Client Component Browser:
    ./app/(root)/bekleidung/page.tsx [Client Component Browser]
    ./app/(root)/bekleidung/page.tsx [Server Component]

  Client Component SSR:
    ./app/(root)/bekleidung/page.tsx [Client Component SSR]
    ./app/(root)/bekleidung/page.tsx [Server Component] @ http://localhost:3000/_next/static/chunks/node_modules_next_dist_f3530cac._.js:3127
[   81240ms] [ERROR] ./app/(root)/bekleidung/page.tsx:148:7
Parsing ecmascript source code failed
  146 |         <div className="h-16 lg:h-24" />
  147 |       </div>
> 148 |     </main>
      |       ^^^^
  149 |   )
  150 | }
  151 |

Expected corresponding JSX closing tag for <div>

Import traces:
  Client Component Browser:
    ./app/(root)/bekleidung/page.tsx [Client Component Browser]
    ./app/(root)/bekleidung/page.tsx [Server Component]

  Client Component SSR:
    ./app/(root)/bekleidung/page.tsx [Client Component SSR]
    ./app/(root)/bekleidung/page.tsx [Server Component] @ http://localhost:3000/_next/static/chunks/node_modules_next_dist_f3530cac._.js:3127
[   81331ms] [ERROR] ./app/(root)/bekleidung/page.tsx:148:7
Parsing ecmascript source code failed
  146 |         <div className="h-16 lg:h-24" />
  147 |       </div>
> 148 |     </main>
      |       ^^^^
  149 |   )
  150 | }
  151 |

Expected corresponding JSX closing tag for <div>

Import traces:
  Client Component Browser:
    ./app/(root)/bekleidung/page.tsx [Client Component Browser]
    ./app/(root)/bekleidung/page.tsx [Server Component]

  Client Component SSR:
    ./app/(root)/bekleidung/page.tsx [Client Component SSR]
    ./app/(root)/bekleidung/page.tsx [Server Component] @ http://localhost:3000/_next/static/chunks/node_modules_next_dist_f3530cac._.js:3127
[   81410ms] [ERROR] ./app/(root)/bekleidung/page.tsx:148:7
Parsing ecmascript source code failed
  146 |         <div className="h-16 lg:h-24" />
  147 |       </div>
> 148 |     </main>
      |       ^^^^
  149 |   )
  150 | }
  151 |

Expected corresponding JSX closing tag for <div>

Import traces:
  Client Component Browser:
    ./app/(root)/bekleidung/page.tsx [Client Component Browser]
    ./app/(root)/bekleidung/page.tsx [Server Component]

  Client Component SSR:
    ./app/(root)/bekleidung/page.tsx [Client Component SSR]
    ./app/(root)/bekleidung/page.tsx [Server Component] @ http://localhost:3000/_next/static/chunks/node_modules_next_dist_f3530cac._.js:3127
[   81489ms] [ERROR] ./app/(root)/bekleidung/page.tsx:148:7
Parsing ecmascript source code failed
  146 |         <div className="h-16 lg:h-24" />
  147 |       </div>
> 148 |     </main>
      |       ^^^^
  149 |   )
  150 | }
  151 |

Expected corresponding JSX closing tag for <div>

Import traces:
  Client Component Browser:
    ./app/(root)/bekleidung/page.tsx [Client Component Browser]
    ./app/(root)/bekleidung/page.tsx [Server Component]

  Client Component SSR:
    ./app/(root)/bekleidung/page.tsx [Client Component SSR]
    ./app/(root)/bekleidung/page.tsx [Server Component] @ http://localhost:3000/_next/static/chunks/node_modules_next_dist_f3530cac._.js:3127
[   81566ms] [ERROR] ./app/(root)/bekleidung/page.tsx:148:7
Parsing ecmascript source code failed
  146 |         <div className="h-16 lg:h-24" />
  147 |       </div>
> 148 |     </main>
      |       ^^^^
  149 |   )
  150 | }
  151 |

Expected corresponding JSX closing tag for <div>

Import traces:
  Client Component Browser:
    ./app/(root)/bekleidung/page.tsx [Client Component Browser]
    ./app/(root)/bekleidung/page.tsx [Server Component]

  Client Component SSR:
    ./app/(root)/bekleidung/page.tsx [Client Component SSR]
    ./app/(root)/bekleidung/page.tsx [Server Component] @ http://localhost:3000/_next/static/chunks/node_modules_next_dist_f3530cac._.js:3127
[   81670ms] [ERROR] ./app/(root)/bekleidung/page.tsx:148:7
Parsing ecmascript source code failed
  146 |         <div className="h-16 lg:h-24" />
  147 |       </div>
> 148 |     </main>
      |       ^^^^
  149 |   )
  150 | }
  151 |

Expected corresponding JSX closing tag for <div>

Import traces:
  Client Component Browser:
    ./app/(root)/bekleidung/page.tsx [Client Component Browser]
    ./app/(root)/bekleidung/page.tsx [Server Component]

  Client Component SSR:
    ./app/(root)/bekleidung/page.tsx [Client Component SSR]
    ./app/(root)/bekleidung/page.tsx [Server Component] @ http://localhost:3000/_next/static/chunks/node_modules_next_dist_f3530cac._.js:3127
[   81744ms] [ERROR] ./app/(root)/bekleidung/page.tsx:148:7
Parsing ecmascript source code failed
  146 |         <div className="h-16 lg:h-24" />
  147 |       </div>
> 148 |     </main>
      |       ^^^^
  149 |   )
  150 | }
  151 |

Expected corresponding JSX closing tag for <div>

Import traces:
  Client Component Browser:
    ./app/(root)/bekleidung/page.tsx [Client Component Browser]
    ./app/(root)/bekleidung/page.tsx [Server Component]

  Client Component SSR:
    ./app/(root)/bekleidung/page.tsx [Client Component SSR]
    ./app/(root)/bekleidung/page.tsx [Server Component] @ http://localhost:3000/_next/static/chunks/node_modules_next_dist_f3530cac._.js:3127
[   81823ms] [ERROR] ./app/(root)/bekleidung/page.tsx:148:7
Parsing ecmascript source code failed
  146 |         <div className="h-16 lg:h-24" />
  147 |       </div>
> 148 |     </main>
      |       ^^^^
  149 |   )
  150 | }
  151 |

Expected corresponding JSX closing tag for <div>

Import traces:
  Client Component Browser:
    ./app/(root)/bekleidung/page.tsx [Client Component Browser]
    ./app/(root)/bekleidung/page.tsx [Server Component]

  Client Component SSR:
    ./app/(root)/bekleidung/page.tsx [Client Component SSR]
    ./app/(root)/bekleidung/page.tsx [Server Component] @ http://localhost:3000/_next/static/chunks/node_modules_next_dist_f3530cac._.js:3127
[   81885ms] [ERROR] ./app/(root)/bekleidung/page.tsx:148:7
Parsing ecmascript source code failed
  146 |         <div className="h-16 lg:h-24" />
  147 |       </div>
> 148 |     </main>
      |       ^^^^
  149 |   )
  150 | }
  151 |

Expected corresponding JSX closing tag for <div>

Import traces:
  Client Component Browser:
    ./app/(root)/bekleidung/page.tsx [Client Component Browser]
    ./app/(root)/bekleidung/page.tsx [Server Component]

  Client Component SSR:
    ./app/(root)/bekleidung/page.tsx [Client Component SSR]
    ./app/(root)/bekleidung/page.tsx [Server Component] @ http://localhost:3000/_next/static/chunks/node_modules_next_dist_f3530cac._.js:3127
[   81960ms] [ERROR] ./app/(root)/bekleidung/page.tsx:148:7
Parsing ecmascript source code failed
  146 |         <div className="h-16 lg:h-24" />
  147 |       </div>
> 148 |     </main>
      |       ^^^^
  149 |   )
  150 | }
  151 |

Expected corresponding JSX closing tag for <div>

Import traces:
  Client Component Browser:
    ./app/(root)/bekleidung/page.tsx [Client Component Browser]
    ./app/(root)/bekleidung/page.tsx [Server Component]

  Client Component SSR:
    ./app/(root)/bekleidung/page.tsx [Client Component SSR]
    ./app/(root)/bekleidung/page.tsx [Server Component] @ http://localhost:3000/_next/static/chunks/node_modules_next_dist_f3530cac._.js:3127
[   82041ms] [ERROR] ./app/(root)/bekleidung/page.tsx:148:7
Parsing ecmascript source code failed
  146 |         <div className="h-16 lg:h-24" />
  147 |       </div>
> 148 |     </main>
      |       ^^^^
  149 |   )
  150 | }
  151 |

Expected corresponding JSX closing tag for <div>

Import traces:
  Client Component Browser:
    ./app/(root)/bekleidung/page.tsx [Client Component Browser]
    ./app/(root)/bekleidung/page.tsx [Server Component]

  Client Component SSR:
    ./app/(root)/bekleidung/page.tsx [Client Component SSR]
    ./app/(root)/bekleidung/page.tsx [Server Component] @ http://localhost:3000/_next/static/chunks/node_modules_next_dist_f3530cac._.js:3127
[   82118ms] [ERROR] ./app/(root)/bekleidung/page.tsx:148:7
Parsing ecmascript source code failed
  146 |         <div className="h-16 lg:h-24" />
  147 |       </div>
> 148 |     </main>
      |       ^^^^
  149 |   )
  150 | }
  151 |

Expected corresponding JSX closing tag for <div>

Import traces:
  Client Component Browser:
    ./app/(root)/bekleidung/page.tsx [Client Component Browser]
    ./app/(root)/bekleidung/page.tsx [Server Component]

  Client Component SSR:
    ./app/(root)/bekleidung/page.tsx [Client Component SSR]
    ./app/(root)/bekleidung/page.tsx [Server Component] @ http://localhost:3000/_next/static/chunks/node_modules_next_dist_f3530cac._.js:3127
[   82208ms] [ERROR] ./app/(root)/bekleidung/page.tsx:148:7
Parsing ecmascript source code failed
  146 |         <div className="h-16 lg:h-24" />
  147 |       </div>
> 148 |     </main>
      |       ^^^^
  149 |   )
  150 | }
  151 |

Expected corresponding JSX closing tag for <div>

Import traces:
  Client Component Browser:
    ./app/(root)/bekleidung/page.tsx [Client Component Browser]
    ./app/(root)/bekleidung/page.tsx [Server Component]

  Client Component SSR:
    ./app/(root)/bekleidung/page.tsx [Client Component SSR]
    ./app/(root)/bekleidung/page.tsx [Server Component] @ http://localhost:3000/_next/static/chunks/node_modules_next_dist_f3530cac._.js:3127
[   82287ms] [ERROR] ./app/(root)/bekleidung/page.tsx:148:7
Parsing ecmascript source code failed
  146 |         <div className="h-16 lg:h-24" />
  147 |       </div>
> 148 |     </main>
      |       ^^^^
  149 |   )
  150 | }
  151 |

Expected corresponding JSX closing tag for <div>

Import traces:
  Client Component Browser:
    ./app/(root)/bekleidung/page.tsx [Client Component Browser]
    ./app/(root)/bekleidung/page.tsx [Server Component]

  Client Component SSR:
    ./app/(root)/bekleidung/page.tsx [Client Component SSR]
    ./app/(root)/bekleidung/page.tsx [Server Component] @ http://localhost:3000/_next/static/chunks/node_modules_next_dist_f3530cac._.js:3127
[   82361ms] [ERROR] ./app/(root)/bekleidung/page.tsx:148:7
Parsing ecmascript source code failed
  146 |         <div className="h-16 lg:h-24" />
  147 |       </div>
> 148 |     </main>
      |       ^^^^
  149 |   )
  150 | }
  151 |

Expected corresponding JSX closing tag for <div>

Import traces:
  Client Component Browser:
    ./app/(root)/bekleidung/page.tsx [Client Component Browser]
    ./app/(root)/bekleidung/page.tsx [Server Component]

  Client Component SSR:
    ./app/(root)/bekleidung/page.tsx [Client Component SSR]
    ./app/(root)/bekleidung/page.tsx [Server Component] @ http://localhost:3000/_next/static/chunks/node_modules_next_dist_f3530cac._.js:3127
[   82441ms] [ERROR] ./app/(root)/bekleidung/page.tsx:148:7
Parsing ecmascript source code failed
  146 |         <div className="h-16 lg:h-24" />
  147 |       </div>
> 148 |     </main>
      |       ^^^^
  149 |   )
  150 | }
  151 |

Expected corresponding JSX closing tag for <div>

Import traces:
  Client Component Browser:
    ./app/(root)/bekleidung/page.tsx [Client Component Browser]
    ./app/(root)/bekleidung/page.tsx [Server Component]

  Client Component SSR:
    ./app/(root)/bekleidung/page.tsx [Client Component SSR]
    ./app/(root)/bekleidung/page.tsx [Server Component] @ http://localhost:3000/_next/static/chunks/node_modules_next_dist_f3530cac._.js:3127
[   82519ms] [ERROR] ./app/(root)/bekleidung/page.tsx:148:7
Parsing ecmascript source code failed
  146 |         <div className="h-16 lg:h-24" />
  147 |       </div>
> 148 |     </main>
      |       ^^^^
  149 |   )
  150 | }
  151 |

Expected corresponding JSX closing tag for <div>

Import traces:
  Client Component Browser:
    ./app/(root)/bekleidung/page.tsx [Client Component Browser]
    ./app/(root)/bekleidung/page.tsx [Server Component]

  Client Component SSR:
    ./app/(root)/bekleidung/page.tsx [Client Component SSR]
    ./app/(root)/bekleidung/page.tsx [Server Component] @ http://localhost:3000/_next/static/chunks/node_modules_next_dist_f3530cac._.js:3127
[   82590ms] [ERROR] ./app/(root)/bekleidung/page.tsx:148:7
Parsing ecmascript source code failed
  146 |         <div className="h-16 lg:h-24" />
  147 |       </div>
> 148 |     </main>
      |       ^^^^
  149 |   )
  150 | }
  151 |

Expected corresponding JSX closing tag for <div>

Import traces:
  Client Component Browser:
    ./app/(root)/bekleidung/page.tsx [Client Component Browser]
    ./app/(root)/bekleidung/page.tsx [Server Component]

  Client Component SSR:
    ./app/(root)/bekleidung/page.tsx [Client Component SSR]
    ./app/(root)/bekleidung/page.tsx [Server Component] @ http://localhost:3000/_next/static/chunks/node_modules_next_dist_f3530cac._.js:3127
[   82674ms] [ERROR] ./app/(root)/bekleidung/page.tsx:148:7
Parsing ecmascript source code failed
  146 |         <div className="h-16 lg:h-24" />
  147 |       </div>
> 148 |     </main>
      |       ^^^^
  149 |   )
  150 | }
  151 |

Expected corresponding JSX closing tag for <div>

Import traces:
  Client Component Browser:
    ./app/(root)/bekleidung/page.tsx [Client Component Browser]
    ./app/(root)/bekleidung/page.tsx [Server Component]

  Client Component SSR:
    ./app/(root)/bekleidung/page.tsx [Client Component SSR]
    ./app/(root)/bekleidung/page.tsx [Server Component] @ http://localhost:3000/_next/static/chunks/node_modules_next_dist_f3530cac._.js:3127
[   82787ms] [ERROR] ./app/(root)/bekleidung/page.tsx:148:7
Parsing ecmascript source code failed
  146 |         <div className="h-16 lg:h-24" />
  147 |       </div>
> 148 |     </main>
      |       ^^^^
  149 |   )
  150 | }
  151 |

Expected corresponding JSX closing tag for <div>

Import traces:
  Client Component Browser:
    ./app/(root)/bekleidung/page.tsx [Client Component Browser]
    ./app/(root)/bekleidung/page.tsx [Server Component]

  Client Component SSR:
    ./app/(root)/bekleidung/page.tsx [Client Component SSR]
    ./app/(root)/bekleidung/page.tsx [Server Component] @ http://localhost:3000/_next/static/chunks/node_modules_next_dist_f3530cac._.js:3127
[   82868ms] [ERROR] ./app/(root)/bekleidung/page.tsx:148:7
Parsing ecmascript source code failed
  146 |         <div className="h-16 lg:h-24" />
  147 |       </div>
> 148 |     </main>
      |       ^^^^
  149 |   )
  150 | }
  151 |

Expected corresponding JSX closing tag for <div>

Import traces:
  Client Component Browser:
    ./app/(root)/bekleidung/page.tsx [Client Component Browser]
    ./app/(root)/bekleidung/page.tsx [Server Component]

  Client Component SSR:
    ./app/(root)/bekleidung/page.tsx [Client Component SSR]
    ./app/(root)/bekleidung/page.tsx [Server Component] @ http://localhost:3000/_next/static/chunks/node_modules_next_dist_f3530cac._.js:3127
[   82949ms] [ERROR] ./app/(root)/bekleidung/page.tsx:148:7
Parsing ecmascript source code failed
  146 |         <div className="h-16 lg:h-24" />
  147 |       </div>
> 148 |     </main>
      |       ^^^^
  149 |   )
  150 | }
  151 |

Expected corresponding JSX closing tag for <div>

Import traces:
  Client Component Browser:
    ./app/(root)/bekleidung/page.tsx [Client Component Browser]
    ./app/(root)/bekleidung/page.tsx [Server Component]

  Client Component SSR:
    ./app/(root)/bekleidung/page.tsx [Client Component SSR]
    ./app/(root)/bekleidung/page.tsx [Server Component] @ http://localhost:3000/_next/static/chunks/node_modules_next_dist_f3530cac._.js:3127
[   83039ms] [ERROR] ./app/(root)/bekleidung/page.tsx:148:7
Parsing ecmascript source code failed
  146 |         <div className="h-16 lg:h-24" />
  147 |       </div>
> 148 |     </main>
      |       ^^^^
  149 |   )
  150 | }
  151 |

Expected corresponding JSX closing tag for <div>

Import traces:
  Client Component Browser:
    ./app/(root)/bekleidung/page.tsx [Client Component Browser]
    ./app/(root)/bekleidung/page.tsx [Server Component]

  Client Component SSR:
    ./app/(root)/bekleidung/page.tsx [Client Component SSR]
    ./app/(root)/bekleidung/page.tsx [Server Component] @ http://localhost:3000/_next/static/chunks/node_modules_next_dist_f3530cac._.js:3127
[   83117ms] [ERROR] ./app/(root)/bekleidung/page.tsx:148:7
Parsing ecmascript source code failed
  146 |         <div className="h-16 lg:h-24" />
  147 |       </div>
> 148 |     </main>
      |       ^^^^
  149 |   )
  150 | }
  151 |

Expected corresponding JSX closing tag for <div>

Import traces:
  Client Component Browser:
    ./app/(root)/bekleidung/page.tsx [Client Component Browser]
    ./app/(root)/bekleidung/page.tsx [Server Component]

  Client Component SSR:
    ./app/(root)/bekleidung/page.tsx [Client Component SSR]
    ./app/(root)/bekleidung/page.tsx [Server Component] @ http://localhost:3000/_next/static/chunks/node_modules_next_dist_f3530cac._.js:3127
[   83189ms] [ERROR] ./app/(root)/bekleidung/page.tsx:148:7
Parsing ecmascript source code failed
  146 |         <div className="h-16 lg:h-24" />
  147 |       </div>
> 148 |     </main>
      |       ^^^^
  149 |   )
  150 | }
  151 |

Expected corresponding JSX closing tag for <div>

Import traces:
  Client Component Browser:
    ./app/(root)/bekleidung/page.tsx [Client Component Browser]
    ./app/(root)/bekleidung/page.tsx [Server Component]

  Client Component SSR:
    ./app/(root)/bekleidung/page.tsx [Client Component SSR]
    ./app/(root)/bekleidung/page.tsx [Server Component] @ http://localhost:3000/_next/static/chunks/node_modules_next_dist_f3530cac._.js:3127
[   83268ms] [ERROR] ./app/(root)/bekleidung/page.tsx:148:7
Parsing ecmascript source code failed
  146 |         <div className="h-16 lg:h-24" />
  147 |       </div>
> 148 |     </main>
      |       ^^^^
  149 |   )
  150 | }
  151 |

Expected corresponding JSX closing tag for <div>

Import traces:
  Client Component Browser:
    ./app/(root)/bekleidung/page.tsx [Client Component Browser]
    ./app/(root)/bekleidung/page.tsx [Server Component]

  Client Component SSR:
    ./app/(root)/bekleidung/page.tsx [Client Component SSR]
    ./app/(root)/bekleidung/page.tsx [Server Component] @ http://localhost:3000/_next/static/chunks/node_modules_next_dist_f3530cac._.js:3127
[   83345ms] [ERROR] ./app/(root)/bekleidung/page.tsx:148:7
Parsing ecmascript source code failed
  146 |         <div className="h-16 lg:h-24" />
  147 |       </div>
> 148 |     </main>
      |       ^^^^
  149 |   )
  150 | }
  151 |

Expected corresponding JSX closing tag for <div>

Import traces:
  Client Component Browser:
    ./app/(root)/bekleidung/page.tsx [Client Component Browser]
    ./app/(root)/bekleidung/page.tsx [Server Component]

  Client Component SSR:
    ./app/(root)/bekleidung/page.tsx [Client Component SSR]
    ./app/(root)/bekleidung/page.tsx [Server Component] @ http://localhost:3000/_next/static/chunks/node_modules_next_dist_f3530cac._.js:3127
[   83422ms] [ERROR] ./app/(root)/bekleidung/page.tsx:148:7
Parsing ecmascript source code failed
  146 |         <div className="h-16 lg:h-24" />
  147 |       </div>
> 148 |     </main>
      |       ^^^^
  149 |   )
  150 | }
  151 |

Expected corresponding JSX closing tag for <div>

Import traces:
  Client Component Browser:
    ./app/(root)/bekleidung/page.tsx [Client Component Browser]
    ./app/(root)/bekleidung/page.tsx [Server Component]

  Client Component SSR:
    ./app/(root)/bekleidung/page.tsx [Client Component SSR]
    ./app/(root)/bekleidung/page.tsx [Server Component] @ http://localhost:3000/_next/static/chunks/node_modules_next_dist_f3530cac._.js:3127
[   83497ms] [ERROR] ./app/(root)/bekleidung/page.tsx:148:7
Parsing ecmascript source code failed
  146 |         <div className="h-16 lg:h-24" />
  147 |       </div>
> 148 |     </main>
      |       ^^^^
  149 |   )
  150 | }
  151 |

Expected corresponding JSX closing tag for <div>

Import traces:
  Client Component Browser:
    ./app/(root)/bekleidung/page.tsx [Client Component Browser]
    ./app/(root)/bekleidung/page.tsx [Server Component]

  Client Component SSR:
    ./app/(root)/bekleidung/page.tsx [Client Component SSR]
    ./app/(root)/bekleidung/page.tsx [Server Component] @ http://localhost:3000/_next/static/chunks/node_modules_next_dist_f3530cac._.js:3127
[   83591ms] [ERROR] ./app/(root)/bekleidung/page.tsx:148:7
Parsing ecmascript source code failed
  146 |         <div className="h-16 lg:h-24" />
  147 |       </div>
> 148 |     </main>
      |       ^^^^
  149 |   )
  150 | }
  151 |

Expected corresponding JSX closing tag for <div>

Import traces:
  Client Component Browser:
    ./app/(root)/bekleidung/page.tsx [Client Component Browser]
    ./app/(root)/bekleidung/page.tsx [Server Component]

  Client Component SSR:
    ./app/(root)/bekleidung/page.tsx [Client Component SSR]
    ./app/(root)/bekleidung/page.tsx [Server Component] @ http://localhost:3000/_next/static/chunks/node_modules_next_dist_f3530cac._.js:3127
[   83668ms] [ERROR] ./app/(root)/bekleidung/page.tsx:148:7
Parsing ecmascript source code failed
  146 |         <div className="h-16 lg:h-24" />
  147 |       </div>
> 148 |     </main>
      |       ^^^^
  149 |   )
  150 | }
  151 |

Expected corresponding JSX closing tag for <div>

Import traces:
  Client Component Browser:
    ./app/(root)/bekleidung/page.tsx [Client Component Browser]
    ./app/(root)/bekleidung/page.tsx [Server Component]

  Client Component SSR:
    ./app/(root)/bekleidung/page.tsx [Client Component SSR]
    ./app/(root)/bekleidung/page.tsx [Server Component] @ http://localhost:3000/_next/static/chunks/node_modules_next_dist_f3530cac._.js:3127
[   83744ms] [ERROR] ./app/(root)/bekleidung/page.tsx:148:7
Parsing ecmascript source code failed
  146 |         <div className="h-16 lg:h-24" />
  147 |       </div>
> 148 |     </main>
      |       ^^^^
  149 |   )
  150 | }
  151 |

Expected corresponding JSX closing tag for <div>

Import traces:
  Client Component Browser:
    ./app/(root)/bekleidung/page.tsx [Client Component Browser]
    ./app/(root)/bekleidung/page.tsx [Server Component]

  Client Component SSR:
    ./app/(root)/bekleidung/page.tsx [Client Component SSR]
    ./app/(root)/bekleidung/page.tsx [Server Component] @ http://localhost:3000/_next/static/chunks/node_modules_next_dist_f3530cac._.js:3127
[   83826ms] [ERROR] ./app/(root)/bekleidung/page.tsx:148:7
Parsing ecmascript source code failed
  146 |         <div className="h-16 lg:h-24" />
  147 |       </div>
> 148 |     </main>
      |       ^^^^
  149 |   )
  150 | }
  151 |

Expected corresponding JSX closing tag for <div>

Import traces:
  Client Component Browser:
    ./app/(root)/bekleidung/page.tsx [Client Component Browser]
    ./app/(root)/bekleidung/page.tsx [Server Component]

  Client Component SSR:
    ./app/(root)/bekleidung/page.tsx [Client Component SSR]
    ./app/(root)/bekleidung/page.tsx [Server Component] @ http://localhost:3000/_next/static/chunks/node_modules_next_dist_f3530cac._.js:3127
[   83919ms] [ERROR] ./app/(root)/bekleidung/page.tsx:148:7
Parsing ecmascript source code failed
  146 |         <div className="h-16 lg:h-24" />
  147 |       </div>
> 148 |     </main>
      |       ^^^^
  149 |   )
  150 | }
  151 |

Expected corresponding JSX closing tag for <div>

Import traces:
  Client Component Browser:
    ./app/(root)/bekleidung/page.tsx [Client Component Browser]
    ./app/(root)/bekleidung/page.tsx [Server Component]

  Client Component SSR:
    ./app/(root)/bekleidung/page.tsx [Client Component SSR]
    ./app/(root)/bekleidung/page.tsx [Server Component] @ http://localhost:3000/_next/static/chunks/node_modules_next_dist_f3530cac._.js:3127
[   84006ms] [ERROR] ./app/(root)/bekleidung/page.tsx:148:7
Parsing ecmascript source code failed
  146 |         <div className="h-16 lg:h-24" />
  147 |       </div>
> 148 |     </main>
      |       ^^^^
  149 |   )
  150 | }
  151 |

Expected corresponding JSX closing tag for <div>

Import traces:
  Client Component Browser:
    ./app/(root)/bekleidung/page.tsx [Client Component Browser]
    ./app/(root)/bekleidung/page.tsx [Server Component]

  Client Component SSR:
    ./app/(root)/bekleidung/page.tsx [Client Component SSR]
    ./app/(root)/bekleidung/page.tsx [Server Component] @ http://localhost:3000/_next/static/chunks/node_modules_next_dist_f3530cac._.js:3127
[   84092ms] [ERROR] ./app/(root)/bekleidung/page.tsx:148:7
Parsing ecmascript source code failed
  146 |         <div className="h-16 lg:h-24" />
  147 |       </div>
> 148 |     </main>
      |       ^^^^
  149 |   )
  150 | }
  151 |

Expected corresponding JSX closing tag for <div>

Import traces:
  Client Component Browser:
    ./app/(root)/bekleidung/page.tsx [Client Component Browser]
    ./app/(root)/bekleidung/page.tsx [Server Component]

  Client Component SSR:
    ./app/(root)/bekleidung/page.tsx [Client Component SSR]
    ./app/(root)/bekleidung/page.tsx [Server Component] @ http://localhost:3000/_next/static/chunks/node_modules_next_dist_f3530cac._.js:3127
[   84166ms] [ERROR] ./app/(root)/bekleidung/page.tsx:148:7
Parsing ecmascript source code failed
  146 |         <div className="h-16 lg:h-24" />
  147 |       </div>
> 148 |     </main>
      |       ^^^^
  149 |   )
  150 | }
  151 |

Expected corresponding JSX closing tag for <div>

Import traces:
  Client Component Browser:
    ./app/(root)/bekleidung/page.tsx [Client Component Browser]
    ./app/(root)/bekleidung/page.tsx [Server Component]

  Client Component SSR:
    ./app/(root)/bekleidung/page.tsx [Client Component SSR]
    ./app/(root)/bekleidung/page.tsx [Server Component] @ http://localhost:3000/_next/static/chunks/node_modules_next_dist_f3530cac._.js:3127
[   84242ms] [ERROR] ./app/(root)/bekleidung/page.tsx:148:7
Parsing ecmascript source code failed
  146 |         <div className="h-16 lg:h-24" />
  147 |       </div>
> 148 |     </main>
      |       ^^^^
  149 |   )
  150 | }
  151 |

Expected corresponding JSX closing tag for <div>

Import traces:
  Client Component Browser:
    ./app/(root)/bekleidung/page.tsx [Client Component Browser]
    ./app/(root)/bekleidung/page.tsx [Server Component]

  Client Component SSR:
    ./app/(root)/bekleidung/page.tsx [Client Component SSR]
    ./app/(root)/bekleidung/page.tsx [Server Component] @ http://localhost:3000/_next/static/chunks/node_modules_next_dist_f3530cac._.js:3127
[   84336ms] [ERROR] ./app/(root)/bekleidung/page.tsx:148:7
Parsing ecmascript source code failed
  146 |         <div className="h-16 lg:h-24" />
  147 |       </div>
> 148 |     </main>
      |       ^^^^
  149 |   )
  150 | }
  151 |

Expected corresponding JSX closing tag for <div>

Import traces:
  Client Component Browser:
    ./app/(root)/bekleidung/page.tsx [Client Component Browser]
    ./app/(root)/bekleidung/page.tsx [Server Component]

  Client Component SSR:
    ./app/(root)/bekleidung/page.tsx [Client Component SSR]
    ./app/(root)/bekleidung/page.tsx [Server Component] @ http://localhost:3000/_next/static/chunks/node_modules_next_dist_f3530cac._.js:3127
[   84415ms] [ERROR] ./app/(root)/bekleidung/page.tsx:148:7
Parsing ecmascript source code failed
  146 |         <div className="h-16 lg:h-24" />
  147 |       </div>
> 148 |     </main>
      |       ^^^^
  149 |   )
  150 | }
  151 |

Expected corresponding JSX closing tag for <div>

Import traces:
  Client Component Browser:
    ./app/(root)/bekleidung/page.tsx [Client Component Browser]
    ./app/(root)/bekleidung/page.tsx [Server Component]

  Client Component SSR:
    ./app/(root)/bekleidung/page.tsx [Client Component SSR]
    ./app/(root)/bekleidung/page.tsx [Server Component] @ http://localhost:3000/_next/static/chunks/node_modules_next_dist_f3530cac._.js:3127
[   84510ms] [ERROR] ./app/(root)/bekleidung/page.tsx:148:7
Parsing ecmascript source code failed
  146 |         <div className="h-16 lg:h-24" />
  147 |       </div>
> 148 |     </main>
      |       ^^^^
  149 |   )
  150 | }
  151 |

Expected corresponding JSX closing tag for <div>

Import traces:
  Client Component Browser:
    ./app/(root)/bekleidung/page.tsx [Client Component Browser]
    ./app/(root)/bekleidung/page.tsx [Server Component]

  Client Component SSR:
    ./app/(root)/bekleidung/page.tsx [Client Component SSR]
    ./app/(root)/bekleidung/page.tsx [Server Component] @ http://localhost:3000/_next/static/chunks/node_modules_next_dist_f3530cac._.js:3127
[   84597ms] [ERROR] ./app/(root)/bekleidung/page.tsx:148:7
Parsing ecmascript source code failed
  146 |         <div className="h-16 lg:h-24" />
  147 |       </div>
> 148 |     </main>
      |       ^^^^
  149 |   )
  150 | }
  151 |

Expected corresponding JSX closing tag for <div>

Import traces:
  Client Component Browser:
    ./app/(root)/bekleidung/page.tsx [Client Component Browser]
    ./app/(root)/bekleidung/page.tsx [Server Component]

  Client Component SSR:
    ./app/(root)/bekleidung/page.tsx [Client Component SSR]
    ./app/(root)/bekleidung/page.tsx [Server Component] @ http://localhost:3000/_next/static/chunks/node_modules_next_dist_f3530cac._.js:3127
[   84661ms] [ERROR] ./app/(root)/bekleidung/page.tsx:148:7
Parsing ecmascript source code failed
  146 |         <div className="h-16 lg:h-24" />
  147 |       </div>
> 148 |     </main>
      |       ^^^^
  149 |   )
  150 | }
  151 |

Expected corresponding JSX closing tag for <div>

Import traces:
  Client Component Browser:
    ./app/(root)/bekleidung/page.tsx [Client Component Browser]
    ./app/(root)/bekleidung/page.tsx [Server Component]

  Client Component SSR:
    ./app/(root)/bekleidung/page.tsx [Client Component SSR]
    ./app/(root)/bekleidung/page.tsx [Server Component] @ http://localhost:3000/_next/static/chunks/node_modules_next_dist_f3530cac._.js:3127
[   84741ms] [ERROR] ./app/(root)/bekleidung/page.tsx:148:7
Parsing ecmascript source code failed
  146 |         <div className="h-16 lg:h-24" />
  147 |       </div>
> 148 |     </main>
      |       ^^^^
  149 |   )
  150 | }
  151 |

Expected corresponding JSX closing tag for <div>

Import traces:
  Client Component Browser:
    ./app/(root)/bekleidung/page.tsx [Client Component Browser]
    ./app/(root)/bekleidung/page.tsx [Server Component]

  Client Component SSR:
    ./app/(root)/bekleidung/page.tsx [Client Component SSR]
    ./app/(root)/bekleidung/page.tsx [Server Component] @ http://localhost:3000/_next/static/chunks/node_modules_next_dist_f3530cac._.js:3127
[   84850ms] [ERROR] ./app/(root)/bekleidung/page.tsx:148:7
Parsing ecmascript source code failed
  146 |         <div className="h-16 lg:h-24" />
  147 |       </div>
> 148 |     </main>
      |       ^^^^
  149 |   )
  150 | }
  151 |

Expected corresponding JSX closing tag for <div>

Import traces:
  Client Component Browser:
    ./app/(root)/bekleidung/page.tsx [Client Component Browser]
    ./app/(root)/bekleidung/page.tsx [Server Component]

  Client Component SSR:
    ./app/(root)/bekleidung/page.tsx [Client Component SSR]
    ./app/(root)/bekleidung/page.tsx [Server Component] @ http://localhost:3000/_next/static/chunks/node_modules_next_dist_f3530cac._.js:3127
[   84923ms] [ERROR] ./app/(root)/bekleidung/page.tsx:148:7
Parsing ecmascript source code failed
  146 |         <div className="h-16 lg:h-24" />
  147 |       </div>
> 148 |     </main>
      |       ^^^^
  149 |   )
  150 | }
  151 |

Expected corresponding JSX closing tag for <div>

Import traces:
  Client Component Browser:
    ./app/(root)/bekleidung/page.tsx [Client Component Browser]
    ./app/(root)/bekleidung/page.tsx [Server Component]

  Client Component SSR:
    ./app/(root)/bekleidung/page.tsx [Client Component SSR]
    ./app/(root)/bekleidung/page.tsx [Server Component] @ http://localhost:3000/_next/static/chunks/node_modules_next_dist_f3530cac._.js:3127
[   85003ms] [ERROR] ./app/(root)/bekleidung/page.tsx:148:7
Parsing ecmascript source code failed
  146 |         <div className="h-16 lg:h-24" />
  147 |       </div>
> 148 |     </main>
      |       ^^^^
  149 |   )
  150 | }
  151 |

Expected corresponding JSX closing tag for <div>

Import traces:
  Client Component Browser:
    ./app/(root)/bekleidung/page.tsx [Client Component Browser]
    ./app/(root)/bekleidung/page.tsx [Server Component]

  Client Component SSR:
    ./app/(root)/bekleidung/page.tsx [Client Component SSR]
    ./app/(root)/bekleidung/page.tsx [Server Component] @ http://localhost:3000/_next/static/chunks/node_modules_next_dist_f3530cac._.js:3127
[   85079ms] [ERROR] ./app/(root)/bekleidung/page.tsx:148:7
Parsing ecmascript source code failed
  146 |         <div className="h-16 lg:h-24" />
  147 |       </div>
> 148 |     </main>
      |       ^^^^
  149 |   )
  150 | }
  151 |

Expected corresponding JSX closing tag for <div>

Import traces:
  Client Component Browser:
    ./app/(root)/bekleidung/page.tsx [Client Component Browser]
    ./app/(root)/bekleidung/page.tsx [Server Component]

  Client Component SSR:
    ./app/(root)/bekleidung/page.tsx [Client Component SSR]
    ./app/(root)/bekleidung/page.tsx [Server Component] @ http://localhost:3000/_next/static/chunks/node_modules_next_dist_f3530cac._.js:3127
[   85155ms] [ERROR] ./app/(root)/bekleidung/page.tsx:148:7
Parsing ecmascript source code failed
  146 |         <div className="h-16 lg:h-24" />
  147 |       </div>
> 148 |     </main>
      |       ^^^^
  149 |   )
  150 | }
  151 |

Expected corresponding JSX closing tag for <div>

Import traces:
  Client Component Browser:
    ./app/(root)/bekleidung/page.tsx [Client Component Browser]
    ./app/(root)/bekleidung/page.tsx [Server Component]

  Client Component SSR:
    ./app/(root)/bekleidung/page.tsx [Client Component SSR]
    ./app/(root)/bekleidung/page.tsx [Server Component] @ http://localhost:3000/_next/static/chunks/node_modules_next_dist_f3530cac._.js:3127
[   85232ms] [ERROR] ./app/(root)/bekleidung/page.tsx:148:7
Parsing ecmascript source code failed
  146 |         <div className="h-16 lg:h-24" />
  147 |       </div>
> 148 |     </main>
      |       ^^^^
  149 |   )
  150 | }
  151 |

Expected corresponding JSX closing tag for <div>

Import traces:
  Client Component Browser:
    ./app/(root)/bekleidung/page.tsx [Client Component Browser]
    ./app/(root)/bekleidung/page.tsx [Server Component]

  Client Component SSR:
    ./app/(root)/bekleidung/page.tsx [Client Component SSR]
    ./app/(root)/bekleidung/page.tsx [Server Component] @ http://localhost:3000/_next/static/chunks/node_modules_next_dist_f3530cac._.js:3127
[   85324ms] [ERROR] ./app/(root)/bekleidung/page.tsx:148:7
Parsing ecmascript source code failed
  146 |         <div className="h-16 lg:h-24" />
  147 |       </div>
> 148 |     </main>
      |       ^^^^
  149 |   )
  150 | }
  151 |

Expected corresponding JSX closing tag for <div>

Import traces:
  Client Component Browser:
    ./app/(root)/bekleidung/page.tsx [Client Component Browser]
    ./app/(root)/bekleidung/page.tsx [Server Component]

  Client Component SSR:
    ./app/(root)/bekleidung/page.tsx [Client Component SSR]
    ./app/(root)/bekleidung/page.tsx [Server Component] @ http://localhost:3000/_next/static/chunks/node_modules_next_dist_f3530cac._.js:3127
[   85400ms] [ERROR] ./app/(root)/bekleidung/page.tsx:148:7
Parsing ecmascript source code failed
  146 |         <div className="h-16 lg:h-24" />
  147 |       </div>
> 148 |     </main>
      |       ^^^^
  149 |   )
  150 | }
  151 |

Expected corresponding JSX closing tag for <div>

Import traces:
  Client Component Browser:
    ./app/(root)/bekleidung/page.tsx [Client Component Browser]
    ./app/(root)/bekleidung/page.tsx [Server Component]

  Client Component SSR:
    ./app/(root)/bekleidung/page.tsx [Client Component SSR]
    ./app/(root)/bekleidung/page.tsx [Server Component] @ http://localhost:3000/_next/static/chunks/node_modules_next_dist_f3530cac._.js:3127
[   85490ms] [ERROR] ./app/(root)/bekleidung/page.tsx:148:7
Parsing ecmascript source code failed
  146 |         <div className="h-16 lg:h-24" />
  147 |       </div>
> 148 |     </main>
      |       ^^^^
  149 |   )
  150 | }
  151 |

Expected corresponding JSX closing tag for <div>

Import traces:
  Client Component Browser:
    ./app/(root)/bekleidung/page.tsx [Client Component Browser]
    ./app/(root)/bekleidung/page.tsx [Server Component]

  Client Component SSR:
    ./app/(root)/bekleidung/page.tsx [Client Component SSR]
    ./app/(root)/bekleidung/page.tsx [Server Component] @ http://localhost:3000/_next/static/chunks/node_modules_next_dist_f3530cac._.js:3127
[   85570ms] [ERROR] ./app/(root)/bekleidung/page.tsx:148:7
Parsing ecmascript source code failed
  146 |         <div className="h-16 lg:h-24" />
  147 |       </div>
> 148 |     </main>
      |       ^^^^
  149 |   )
  150 | }
  151 |

Expected corresponding JSX closing tag for <div>

Import traces:
  Client Component Browser:
    ./app/(root)/bekleidung/page.tsx [Client Component Browser]
    ./app/(root)/bekleidung/page.tsx [Server Component]

  Client Component SSR:
    ./app/(root)/bekleidung/page.tsx [Client Component SSR]
    ./app/(root)/bekleidung/page.tsx [Server Component] @ http://localhost:3000/_next/static/chunks/node_modules_next_dist_f3530cac._.js:3127
[   85665ms] [ERROR] ./app/(root)/bekleidung/page.tsx:148:7
Parsing ecmascript source code failed
  146 |         <div className="h-16 lg:h-24" />
  147 |       </div>
> 148 |     </main>
      |       ^^^^
  149 |   )
  150 | }
  151 |

Expected corresponding JSX closing tag for <div>

Import traces:
  Client Component Browser:
    ./app/(root)/bekleidung/page.tsx [Client Component Browser]
    ./app/(root)/bekleidung/page.tsx [Server Component]

  Client Component SSR:
    ./app/(root)/bekleidung/page.tsx [Client Component SSR]
    ./app/(root)/bekleidung/page.tsx [Server Component] @ http://localhost:3000/_next/static/chunks/node_modules_next_dist_f3530cac._.js:3127
[   85753ms] [ERROR] ./app/(root)/bekleidung/page.tsx:148:7
Parsing ecmascript source code failed
  146 |         <div className="h-16 lg:h-24" />
  147 |       </div>
> 148 |     </main>
      |       ^^^^
  149 |   )
  150 | }
  151 |

Expected corresponding JSX closing tag for <div>

Import traces:
  Client Component Browser:
    ./app/(root)/bekleidung/page.tsx [Client Component Browser]
    ./app/(root)/bekleidung/page.tsx [Server Component]

  Client Component SSR:
    ./app/(root)/bekleidung/page.tsx [Client Component SSR]
    ./app/(root)/bekleidung/page.tsx [Server Component] @ http://localhost:3000/_next/static/chunks/node_modules_next_dist_f3530cac._.js:3127
[   85844ms] [ERROR] ./app/(root)/bekleidung/page.tsx:148:7
Parsing ecmascript source code failed
  146 |         <div className="h-16 lg:h-24" />
  147 |       </div>
> 148 |     </main>
      |       ^^^^
  149 |   )
  150 | }
  151 |

Expected corresponding JSX closing tag for <div>

Import traces:
  Client Component Browser:
    ./app/(root)/bekleidung/page.tsx [Client Component Browser]
    ./app/(root)/bekleidung/page.tsx [Server Component]

  Client Component SSR:
    ./app/(root)/bekleidung/page.tsx [Client Component SSR]
    ./app/(root)/bekleidung/page.tsx [Server Component] @ http://localhost:3000/_next/static/chunks/node_modules_next_dist_f3530cac._.js:3127
[   85923ms] [ERROR] ./app/(root)/bekleidung/page.tsx:148:7
Parsing ecmascript source code failed
  146 |         <div className="h-16 lg:h-24" />
  147 |       </div>
> 148 |     </main>
      |       ^^^^
  149 |   )
  150 | }
  151 |

Expected corresponding JSX closing tag for <div>

Import traces:
  Client Component Browser:
    ./app/(root)/bekleidung/page.tsx [Client Component Browser]
    ./app/(root)/bekleidung/page.tsx [Server Component]

  Client Component SSR:
    ./app/(root)/bekleidung/page.tsx [Client Component SSR]
    ./app/(root)/bekleidung/page.tsx [Server Component] @ http://localhost:3000/_next/static/chunks/node_modules_next_dist_f3530cac._.js:3127
[   85998ms] [ERROR] ./app/(root)/bekleidung/page.tsx:148:7
Parsing ecmascript source code failed
  146 |         <div className="h-16 lg:h-24" />
  147 |       </div>
> 148 |     </main>
      |       ^^^^
  149 |   )
  150 | }
  151 |

Expected corresponding JSX closing tag for <div>

Import traces:
  Client Component Browser:
    ./app/(root)/bekleidung/page.tsx [Client Component Browser]
    ./app/(root)/bekleidung/page.tsx [Server Component]

  Client Component SSR:
    ./app/(root)/bekleidung/page.tsx [Client Component SSR]
    ./app/(root)/bekleidung/page.tsx [Server Component] @ http://localhost:3000/_next/static/chunks/node_modules_next_dist_f3530cac._.js:3127
[   86066ms] [ERROR] ./app/(root)/bekleidung/page.tsx:148:7
Parsing ecmascript source code failed
  146 |         <div className="h-16 lg:h-24" />
  147 |       </div>
> 148 |     </main>
      |       ^^^^
  149 |   )
  150 | }
  151 |

Expected corresponding JSX closing tag for <div>

Import traces:
  Client Component Browser:
    ./app/(root)/bekleidung/page.tsx [Client Component Browser]
    ./app/(root)/bekleidung/page.tsx [Server Component]

  Client Component SSR:
    ./app/(root)/bekleidung/page.tsx [Client Component SSR]
    ./app/(root)/bekleidung/page.tsx [Server Component] @ http://localhost:3000/_next/static/chunks/node_modules_next_dist_f3530cac._.js:3127
[   86152ms] [ERROR] ./app/(root)/bekleidung/page.tsx:148:7
Parsing ecmascript source code failed
  146 |         <div className="h-16 lg:h-24" />
  147 |       </div>
> 148 |     </main>
      |       ^^^^
  149 |   )
  150 | }
  151 |

Expected corresponding JSX closing tag for <div>

Import traces:
  Client Component Browser:
    ./app/(root)/bekleidung/page.tsx [Client Component Browser]
    ./app/(root)/bekleidung/page.tsx [Server Component]

  Client Component SSR:
    ./app/(root)/bekleidung/page.tsx [Client Component SSR]
    ./app/(root)/bekleidung/page.tsx [Server Component] @ http://localhost:3000/_next/static/chunks/node_modules_next_dist_f3530cac._.js:3127
[   86232ms] [ERROR] ./app/(root)/bekleidung/page.tsx:148:7
Parsing ecmascript source code failed
  146 |         <div className="h-16 lg:h-24" />
  147 |       </div>
> 148 |     </main>
      |       ^^^^
  149 |   )
  150 | }
  151 |

Expected corresponding JSX closing tag for <div>

Import traces:
  Client Component Browser:
    ./app/(root)/bekleidung/page.tsx [Client Component Browser]
    ./app/(root)/bekleidung/page.tsx [Server Component]

  Client Component SSR:
    ./app/(root)/bekleidung/page.tsx [Client Component SSR]
    ./app/(root)/bekleidung/page.tsx [Server Component] @ http://localhost:3000/_next/static/chunks/node_modules_next_dist_f3530cac._.js:3127
[   86314ms] [ERROR] ./app/(root)/bekleidung/page.tsx:148:7
Parsing ecmascript source code failed
  146 |         <div className="h-16 lg:h-24" />
  147 |       </div>
> 148 |     </main>
      |       ^^^^
  149 |   )
  150 | }
  151 |

Expected corresponding JSX closing tag for <div>

Import traces:
  Client Component Browser:
    ./app/(root)/bekleidung/page.tsx [Client Component Browser]
    ./app/(root)/bekleidung/page.tsx [Server Component]

  Client Component SSR:
    ./app/(root)/bekleidung/page.tsx [Client Component SSR]
    ./app/(root)/bekleidung/page.tsx [Server Component] @ http://localhost:3000/_next/static/chunks/node_modules_next_dist_f3530cac._.js:3127
[   86390ms] [ERROR] ./app/(root)/bekleidung/page.tsx:148:7
Parsing ecmascript source code failed
  146 |         <div className="h-16 lg:h-24" />
  147 |       </div>
> 148 |     </main>
      |       ^^^^
  149 |   )
  150 | }
  151 |

Expected corresponding JSX closing tag for <div>

Import traces:
  Client Component Browser:
    ./app/(root)/bekleidung/page.tsx [Client Component Browser]
    ./app/(root)/bekleidung/page.tsx [Server Component]

  Client Component SSR:
    ./app/(root)/bekleidung/page.tsx [Client Component SSR]
    ./app/(root)/bekleidung/page.tsx [Server Component] @ http://localhost:3000/_next/static/chunks/node_modules_next_dist_f3530cac._.js:3127
[   86463ms] [ERROR] ./app/(root)/bekleidung/page.tsx:148:7
Parsing ecmascript source code failed
  146 |         <div className="h-16 lg:h-24" />
  147 |       </div>
> 148 |     </main>
      |       ^^^^
  149 |   )
  150 | }
  151 |

Expected corresponding JSX closing tag for <div>

Import traces:
  Client Component Browser:
    ./app/(root)/bekleidung/page.tsx [Client Component Browser]
    ./app/(root)/bekleidung/page.tsx [Server Component]

  Client Component SSR:
    ./app/(root)/bekleidung/page.tsx [Client Component SSR]
    ./app/(root)/bekleidung/page.tsx [Server Component] @ http://localhost:3000/_next/static/chunks/node_modules_next_dist_f3530cac._.js:3127
[   86542ms] [ERROR] ./app/(root)/bekleidung/page.tsx:148:7
Parsing ecmascript source code failed
  146 |         <div className="h-16 lg:h-24" />
  147 |       </div>
> 148 |     </main>
      |       ^^^^
  149 |   )
  150 | }
  151 |

Expected corresponding JSX closing tag for <div>

Import traces:
  Client Component Browser:
    ./app/(root)/bekleidung/page.tsx [Client Component Browser]
    ./app/(root)/bekleidung/page.tsx [Server Component]

  Client Component SSR:
    ./app/(root)/bekleidung/page.tsx [Client Component SSR]
    ./app/(root)/bekleidung/page.tsx [Server Component] @ http://localhost:3000/_next/static/chunks/node_modules_next_dist_f3530cac._.js:3127
[   86620ms] [ERROR] ./app/(root)/bekleidung/page.tsx:148:7
Parsing ecmascript source code failed
  146 |         <div className="h-16 lg:h-24" />
  147 |       </div>
> 148 |     </main>
      |       ^^^^
  149 |   )
  150 | }
  151 |

Expected corresponding JSX closing tag for <div>

Import traces:
  Client Component Browser:
    ./app/(root)/bekleidung/page.tsx [Client Component Browser]
    ./app/(root)/bekleidung/page.tsx [Server Component]

  Client Component SSR:
    ./app/(root)/bekleidung/page.tsx [Client Component SSR]
    ./app/(root)/bekleidung/page.tsx [Server Component] @ http://localhost:3000/_next/static/chunks/node_modules_next_dist_f3530cac._.js:3127
[   86712ms] [ERROR] ./app/(root)/bekleidung/page.tsx:148:7
Parsing ecmascript source code failed
  146 |         <div className="h-16 lg:h-24" />
  147 |       </div>
> 148 |     </main>
      |       ^^^^
  149 |   )
  150 | }
  151 |

Expected corresponding JSX closing tag for <div>

Import traces:
  Client Component Browser:
    ./app/(root)/bekleidung/page.tsx [Client Component Browser]
    ./app/(root)/bekleidung/page.tsx [Server Component]

  Client Component SSR:
    ./app/(root)/bekleidung/page.tsx [Client Component SSR]
    ./app/(root)/bekleidung/page.tsx [Server Component] @ http://localhost:3000/_next/static/chunks/node_modules_next_dist_f3530cac._.js:3127
[   86786ms] [ERROR] ./app/(root)/bekleidung/page.tsx:148:7
Parsing ecmascript source code failed
  146 |         <div className="h-16 lg:h-24" />
  147 |       </div>
> 148 |     </main>
      |       ^^^^
  149 |   )
  150 | }
  151 |

Expected corresponding JSX closing tag for <div>

Import traces:
  Client Component Browser:
    ./app/(root)/bekleidung/page.tsx [Client Component Browser]
    ./app/(root)/bekleidung/page.tsx [Server Component]

  Client Component SSR:
    ./app/(root)/bekleidung/page.tsx [Client Component SSR]
    ./app/(root)/bekleidung/page.tsx [Server Component] @ http://localhost:3000/_next/static/chunks/node_modules_next_dist_f3530cac._.js:3127
[   86866ms] [ERROR] ./app/(root)/bekleidung/page.tsx:148:7
Parsing ecmascript source code failed
  146 |         <div className="h-16 lg:h-24" />
  147 |       </div>
> 148 |     </main>
      |       ^^^^
  149 |   )
  150 | }
  151 |

Expected corresponding JSX closing tag for <div>

Import traces:
  Client Component Browser:
    ./app/(root)/bekleidung/page.tsx [Client Component Browser]
    ./app/(root)/bekleidung/page.tsx [Server Component]

  Client Component SSR:
    ./app/(root)/bekleidung/page.tsx [Client Component SSR]
    ./app/(root)/bekleidung/page.tsx [Server Component] @ http://localhost:3000/_next/static/chunks/node_modules_next_dist_f3530cac._.js:3127
[   86945ms] [ERROR] ./app/(root)/bekleidung/page.tsx:148:7
Parsing ecmascript source code failed
  146 |         <div className="h-16 lg:h-24" />
  147 |       </div>
> 148 |     </main>
      |       ^^^^
  149 |   )
  150 | }
  151 |

Expected corresponding JSX closing tag for <div>

Import traces:
  Client Component Browser:
    ./app/(root)/bekleidung/page.tsx [Client Component Browser]
    ./app/(root)/bekleidung/page.tsx [Server Component]

  Client Component SSR:
    ./app/(root)/bekleidung/page.tsx [Client Component SSR]
    ./app/(root)/bekleidung/page.tsx [Server Component] @ http://localhost:3000/_next/static/chunks/node_modules_next_dist_f3530cac._.js:3127
[   87040ms] [ERROR] ./app/(root)/bekleidung/page.tsx:148:7
Parsing ecmascript source code failed
  146 |         <div className="h-16 lg:h-24" />
  147 |       </div>
> 148 |     </main>
      |       ^^^^
  149 |   )
  150 | }
  151 |

Expected corresponding JSX closing tag for <div>

Import traces:
  Client Component Browser:
    ./app/(root)/bekleidung/page.tsx [Client Component Browser]
    ./app/(root)/bekleidung/page.tsx [Server Component]

  Client Component SSR:
    ./app/(root)/bekleidung/page.tsx [Client Component SSR]
    ./app/(root)/bekleidung/page.tsx [Server Component] @ http://localhost:3000/_next/static/chunks/node_modules_next_dist_f3530cac._.js:3127
[   87115ms] [ERROR] ./app/(root)/bekleidung/page.tsx:148:7
Parsing ecmascript source code failed
  146 |         <div className="h-16 lg:h-24" />
  147 |       </div>
> 148 |     </main>
      |       ^^^^
  149 |   )
  150 | }
  151 |

Expected corresponding JSX closing tag for <div>

Import traces:
  Client Component Browser:
    ./app/(root)/bekleidung/page.tsx [Client Component Browser]
    ./app/(root)/bekleidung/page.tsx [Server Component]

  Client Component SSR:
    ./app/(root)/bekleidung/page.tsx [Client Component SSR]
    ./app/(root)/bekleidung/page.tsx [Server Component] @ http://localhost:3000/_next/static/chunks/node_modules_next_dist_f3530cac._.js:3127
[   87210ms] [ERROR] ./app/(root)/bekleidung/page.tsx:148:7
Parsing ecmascript source code failed
  146 |         <div className="h-16 lg:h-24" />
  147 |       </div>
> 148 |     </main>
      |       ^^^^
  149 |   )
  150 | }
  151 |

Expected corresponding JSX closing tag for <div>

Import traces:
  Client Component Browser:
    ./app/(root)/bekleidung/page.tsx [Client Component Browser]
    ./app/(root)/bekleidung/page.tsx [Server Component]

  Client Component SSR:
    ./app/(root)/bekleidung/page.tsx [Client Component SSR]
    ./app/(root)/bekleidung/page.tsx [Server Component] @ http://localhost:3000/_next/static/chunks/node_modules_next_dist_f3530cac._.js:3127
[   87318ms] [ERROR] ./app/(root)/bekleidung/page.tsx:148:7
Parsing ecmascript source code failed
  146 |         <div className="h-16 lg:h-24" />
  147 |       </div>
> 148 |     </main>
      |       ^^^^
  149 |   )
  150 | }
  151 |

Expected corresponding JSX closing tag for <div>

Import traces:
  Client Component Browser:
    ./app/(root)/bekleidung/page.tsx [Client Component Browser]
    ./app/(root)/bekleidung/page.tsx [Server Component]

  Client Component SSR:
    ./app/(root)/bekleidung/page.tsx [Client Component SSR]
    ./app/(root)/bekleidung/page.tsx [Server Component] @ http://localhost:3000/_next/static/chunks/node_modules_next_dist_f3530cac._.js:3127
[   87412ms] [ERROR] ./app/(root)/bekleidung/page.tsx:148:7
Parsing ecmascript source code failed
  146 |         <div className="h-16 lg:h-24" />
  147 |       </div>
> 148 |     </main>
      |       ^^^^
  149 |   )
  150 | }
  151 |

Expected corresponding JSX closing tag for <div>

Import traces:
  Client Component Browser:
    ./app/(root)/bekleidung/page.tsx [Client Component Browser]
    ./app/(root)/bekleidung/page.tsx [Server Component]

  Client Component SSR:
    ./app/(root)/bekleidung/page.tsx [Client Component SSR]
    ./app/(root)/bekleidung/page.tsx [Server Component] @ http://localhost:3000/_next/static/chunks/node_modules_next_dist_f3530cac._.js:3127
[   87571ms] [LOG] [Fast Refresh] rebuilding @ http://localhost:3000/_next/static/chunks/node_modules_next_dist_f3530cac._.js:2297
[   88269ms] [LOG] [Fast Refresh] done in 683ms @ http://localhost:3000/_next/static/chunks/node_modules_next_dist_f3530cac._.js:2297
[   88381ms] [LOG] [Fast Refresh] rebuilding @ http://localhost:3000/_next/static/chunks/node_modules_next_dist_f3530cac._.js:2297
[   88921ms] [LOG] [Fast Refresh] done in 647ms @ http://localhost:3000/_next/static/chunks/node_modules_next_dist_f3530cac._.js:2297
[   93193ms] [LOG] [Fast Refresh] rebuilding @ http://localhost:3000/_next/static/chunks/node_modules_next_dist_f3530cac._.js:2297
[   93902ms] [ERROR] ./app/(root)/drop/page.tsx:13:7
Parsing ecmascript source code failed
  11 |       </section>
  12 |       
> 13 |     </main>
     |       ^^^^
  14 |   )
  15 | }
  16 |

Expected corresponding JSX closing tag for <div> @ http://localhost:3000/_next/static/chunks/node_modules_next_dist_f3530cac._.js:3127
[   93980ms] [ERROR] ./app/(root)/drop/page.tsx:13:7
Parsing ecmascript source code failed
  11 |       </section>
  12 |       
> 13 |     </main>
     |       ^^^^
  14 |   )
  15 | }
  16 |

Expected corresponding JSX closing tag for <div> @ http://localhost:3000/_next/static/chunks/node_modules_next_dist_f3530cac._.js:3127
[   94050ms] [ERROR] ./app/(root)/drop/page.tsx:13:7
Parsing ecmascript source code failed
  11 |       </section>
  12 |       
> 13 |     </main>
     |       ^^^^
  14 |   )
  15 | }
  16 |

Expected corresponding JSX closing tag for <div> @ http://localhost:3000/_next/static/chunks/node_modules_next_dist_f3530cac._.js:3127
[   94115ms] [ERROR] ./app/(root)/drop/page.tsx:13:7
Parsing ecmascript source code failed
  11 |       </section>
  12 |       
> 13 |     </main>
     |       ^^^^
  14 |   )
  15 | }
  16 |

Expected corresponding JSX closing tag for <div> @ http://localhost:3000/_next/static/chunks/node_modules_next_dist_f3530cac._.js:3127
[   94191ms] [ERROR] ./app/(root)/drop/page.tsx:13:7
Parsing ecmascript source code failed
  11 |       </section>
  12 |       
> 13 |     </main>
     |       ^^^^
  14 |   )
  15 | }
  16 |

Expected corresponding JSX closing tag for <div> @ http://localhost:3000/_next/static/chunks/node_modules_next_dist_f3530cac._.js:3127
[   94285ms] [ERROR] ./app/(root)/drop/page.tsx:13:7
Parsing ecmascript source code failed
  11 |       </section>
  12 |       
> 13 |     </main>
     |       ^^^^
  14 |   )
  15 | }
  16 |

Expected corresponding JSX closing tag for <div> @ http://localhost:3000/_next/static/chunks/node_modules_next_dist_f3530cac._.js:3127
[   94376ms] [ERROR] ./app/(root)/drop/page.tsx:13:7
Parsing ecmascript source code failed
  11 |       </section>
  12 |       
> 13 |     </main>
     |       ^^^^
  14 |   )
  15 | }
  16 |

Expected corresponding JSX closing tag for <div> @ http://localhost:3000/_next/static/chunks/node_modules_next_dist_f3530cac._.js:3127
[   94454ms] [ERROR] ./app/(root)/drop/page.tsx:13:7
Parsing ecmascript source code failed
  11 |       </section>
  12 |       
> 13 |     </main>
     |       ^^^^
  14 |   )
  15 | }
  16 |

Expected corresponding JSX closing tag for <div> @ http://localhost:3000/_next/static/chunks/node_modules_next_dist_f3530cac._.js:3127
[   94536ms] [ERROR] ./app/(root)/drop/page.tsx:13:7
Parsing ecmascript source code failed
  11 |       </section>
  12 |       
> 13 |     </main>
     |       ^^^^
  14 |   )
  15 | }
  16 |

Expected corresponding JSX closing tag for <div> @ http://localhost:3000/_next/static/chunks/node_modules_next_dist_f3530cac._.js:3127
[   94606ms] [ERROR] ./app/(root)/drop/page.tsx:13:7
Parsing ecmascript source code failed
  11 |       </section>
  12 |       
> 13 |     </main>
     |       ^^^^
  14 |   )
  15 | }
  16 |

Expected corresponding JSX closing tag for <div> @ http://localhost:3000/_next/static/chunks/node_modules_next_dist_f3530cac._.js:3127
[   94675ms] [ERROR] ./app/(root)/drop/page.tsx:13:7
Parsing ecmascript source code failed
  11 |       </section>
  12 |       
> 13 |     </main>
     |       ^^^^
  14 |   )
  15 | }
  16 |

Expected corresponding JSX closing tag for <div> @ http://localhost:3000/_next/static/chunks/node_modules_next_dist_f3530cac._.js:3127
[   94781ms] [ERROR] ./app/(root)/drop/page.tsx:13:7
Parsing ecmascript source code failed
  11 |       </section>
  12 |       
> 13 |     </main>
     |       ^^^^
  14 |   )
  15 | }
  16 |

Expected corresponding JSX closing tag for <div> @ http://localhost:3000/_next/static/chunks/node_modules_next_dist_f3530cac._.js:3127
[   94819ms] [LOG] [Fast Refresh] rebuilding @ http://localhost:3000/_next/static/chunks/node_modules_next_dist_f3530cac._.js:2297
[   94903ms] [ERROR] ./app/(root)/drop/page.tsx:13:7
Parsing ecmascript source code failed
  11 |       </section>
  12 |       
> 13 |     </main>
     |       ^^^^
  14 |   )
  15 | }
  16 |

Expected corresponding JSX closing tag for <div> @ http://localhost:3000/_next/static/chunks/node_modules_next_dist_f3530cac._.js:3127
[   94975ms] [ERROR] ./app/(root)/drop/page.tsx:13:7
Parsing ecmascript source code failed
  11 |       </section>
  12 |       
> 13 |     </main>
     |       ^^^^
  14 |   )
  15 | }
  16 |

Expected corresponding JSX closing tag for <div> @ http://localhost:3000/_next/static/chunks/node_modules_next_dist_f3530cac._.js:3127
[   95071ms] [ERROR] ./app/(root)/drop/page.tsx:13:7
Parsing ecmascript source code failed
  11 |       </section>
  12 |       
> 13 |     </main>
     |       ^^^^
  14 |   )
  15 | }
  16 |

Expected corresponding JSX closing tag for <div> @ http://localhost:3000/_next/static/chunks/node_modules_next_dist_f3530cac._.js:3127
[   95147ms] [ERROR] ./app/(root)/drop/page.tsx:13:7
Parsing ecmascript source code failed
  11 |       </section>
  12 |       
> 13 |     </main>
     |       ^^^^
  14 |   )
  15 | }
  16 |

Expected corresponding JSX closing tag for <div> @ http://localhost:3000/_next/static/chunks/node_modules_next_dist_f3530cac._.js:3127
[   95240ms] [ERROR] ./app/(root)/drop/page.tsx:13:7
Parsing ecmascript source code failed
  11 |       </section>
  12 |       
> 13 |     </main>
     |       ^^^^
  14 |   )
  15 | }
  16 |

Expected corresponding JSX closing tag for <div> @ http://localhost:3000/_next/static/chunks/node_modules_next_dist_f3530cac._.js:3127
[   95333ms] [ERROR] ./app/(root)/drop/page.tsx:13:7
Parsing ecmascript source code failed
  11 |       </section>
  12 |       
> 13 |     </main>
     |       ^^^^
  14 |   )
  15 | }
  16 |

Expected corresponding JSX closing tag for <div> @ http://localhost:3000/_next/static/chunks/node_modules_next_dist_f3530cac._.js:3127
[   95424ms] [ERROR] ./app/(root)/drop/page.tsx:13:7
Parsing ecmascript source code failed
  11 |       </section>
  12 |       
> 13 |     </main>
     |       ^^^^
  14 |   )
  15 | }
  16 |

Expected corresponding JSX closing tag for <div> @ http://localhost:3000/_next/static/chunks/node_modules_next_dist_f3530cac._.js:3127
[   95517ms] [ERROR] ./app/(root)/drop/page.tsx:13:7
Parsing ecmascript source code failed
  11 |       </section>
  12 |       
> 13 |     </main>
     |       ^^^^
  14 |   )
  15 | }
  16 |

Expected corresponding JSX closing tag for <div> @ http://localhost:3000/_next/static/chunks/node_modules_next_dist_f3530cac._.js:3127
[   95613ms] [ERROR] ./app/(root)/drop/page.tsx:13:7
Parsing ecmascript source code failed
  11 |       </section>
  12 |       
> 13 |     </main>
     |       ^^^^
  14 |   )
  15 | }
  16 |

Expected corresponding JSX closing tag for <div> @ http://localhost:3000/_next/static/chunks/node_modules_next_dist_f3530cac._.js:3127
[   95653ms] [LOG] [Fast Refresh] rebuilding @ http://localhost:3000/_next/static/chunks/node_modules_next_dist_f3530cac._.js:2297
[   95702ms] [ERROR] ./app/(root)/drop/page.tsx:13:7
Parsing ecmascript source code failed
  11 |       </section>
  12 |       
> 13 |     </main>
     |       ^^^^
  14 |   )
  15 | }
  16 |

Expected corresponding JSX closing tag for <div> @ http://localhost:3000/_next/static/chunks/node_modules_next_dist_f3530cac._.js:3127
[   95743ms] [ERROR] ./app/(root)/drop/page.tsx:13:7
Parsing ecmascript source code failed
  11 |       </section>
  12 |       
> 13 |     </main>
     |       ^^^^
  14 |   )
  15 | }
  16 |

Expected corresponding JSX closing tag for <div> @ http://localhost:3000/_next/static/chunks/node_modules_next_dist_f3530cac._.js:3127
[   95785ms] [ERROR] ./app/(root)/drop/page.tsx:13:7
Parsing ecmascript source code failed
  11 |       </section>
  12 |       
> 13 |     </main>
     |       ^^^^
  14 |   )
  15 | }
  16 |

Expected corresponding JSX closing tag for <div> @ http://localhost:3000/_next/static/chunks/node_modules_next_dist_f3530cac._.js:3127
[   95850ms] [ERROR] ./app/(root)/drop/page.tsx:13:7
Parsing ecmascript source code failed
  11 |       </section>
  12 |       
> 13 |     </main>
     |       ^^^^
  14 |   )
  15 | }
  16 |

Expected corresponding JSX closing tag for <div> @ http://localhost:3000/_next/static/chunks/node_modules_next_dist_f3530cac._.js:3127
[   95943ms] [ERROR] ./app/(root)/drop/page.tsx:13:7
Parsing ecmascript source code failed
  11 |       </section>
  12 |       
> 13 |     </main>
     |       ^^^^
  14 |   )
  15 | }
  16 |

Expected corresponding JSX closing tag for <div> @ http://localhost:3000/_next/static/chunks/node_modules_next_dist_f3530cac._.js:3127
[   96023ms] [ERROR] ./app/(root)/drop/page.tsx:13:7
Parsing ecmascript source code failed
  11 |       </section>
  12 |       
> 13 |     </main>
     |       ^^^^
  14 |   )
  15 | }
  16 |

Expected corresponding JSX closing tag for <div> @ http://localhost:3000/_next/static/chunks/node_modules_next_dist_f3530cac._.js:3127
[   96100ms] [ERROR] ./app/(root)/drop/page.tsx:13:7
Parsing ecmascript source code failed
  11 |       </section>
  12 |       
> 13 |     </main>
     |       ^^^^
  14 |   )
  15 | }
  16 |

Expected corresponding JSX closing tag for <div> @ http://localhost:3000/_next/static/chunks/node_modules_next_dist_f3530cac._.js:3127
[   96195ms] [ERROR] ./app/(root)/drop/page.tsx:13:7
Parsing ecmascript source code failed
  11 |       </section>
  12 |       
> 13 |     </main>
     |       ^^^^
  14 |   )
  15 | }
  16 |

Expected corresponding JSX closing tag for <div> @ http://localhost:3000/_next/static/chunks/node_modules_next_dist_f3530cac._.js:3127
[   96299ms] [ERROR] ./app/(root)/drop/page.tsx:13:7
Parsing ecmascript source code failed
  11 |       </section>
  12 |       
> 13 |     </main>
     |       ^^^^
  14 |   )
  15 | }
  16 |

Expected corresponding JSX closing tag for <div> @ http://localhost:3000/_next/static/chunks/node_modules_next_dist_f3530cac._.js:3127
[   96359ms] [ERROR] ./app/(root)/drop/page.tsx:13:7
Parsing ecmascript source code failed
  11 |       </section>
  12 |       
> 13 |     </main>
     |       ^^^^
  14 |   )
  15 | }
  16 |

Expected corresponding JSX closing tag for <div> @ http://localhost:3000/_next/static/chunks/node_modules_next_dist_f3530cac._.js:3127
[   96454ms] [ERROR] ./app/(root)/drop/page.tsx:13:7
Parsing ecmascript source code failed
  11 |       </section>
  12 |       
> 13 |     </main>
     |       ^^^^
  14 |   )
  15 | }
  16 |

Expected corresponding JSX closing tag for <div> @ http://localhost:3000/_next/static/chunks/node_modules_next_dist_f3530cac._.js:3127
[   96532ms] [ERROR] ./app/(root)/drop/page.tsx:13:7
Parsing ecmascript source code failed
  11 |       </section>
  12 |       
> 13 |     </main>
     |       ^^^^
  14 |   )
  15 | }
  16 |

Expected corresponding JSX closing tag for <div> @ http://localhost:3000/_next/static/chunks/node_modules_next_dist_f3530cac._.js:3127
[   96619ms] [ERROR] ./app/(root)/drop/page.tsx:13:7
Parsing ecmascript source code failed
  11 |       </section>
  12 |       
> 13 |     </main>
     |       ^^^^
  14 |   )
  15 | }
  16 |

Expected corresponding JSX closing tag for <div> @ http://localhost:3000/_next/static/chunks/node_modules_next_dist_f3530cac._.js:3127
[   96684ms] [ERROR] ./app/(root)/drop/page.tsx:13:7
Parsing ecmascript source code failed
  11 |       </section>
  12 |       
> 13 |     </main>
     |       ^^^^
  14 |   )
  15 | }
  16 |

Expected corresponding JSX closing tag for <div> @ http://localhost:3000/_next/static/chunks/node_modules_next_dist_f3530cac._.js:3127
[   96775ms] [ERROR] ./app/(root)/drop/page.tsx:13:7
Parsing ecmascript source code failed
  11 |       </section>
  12 |       
> 13 |     </main>
     |       ^^^^
  14 |   )
  15 | }
  16 |

Expected corresponding JSX closing tag for <div> @ http://localhost:3000/_next/static/chunks/node_modules_next_dist_f3530cac._.js:3127
[   96871ms] [ERROR] ./app/(root)/drop/page.tsx:13:7
Parsing ecmascript source code failed
  11 |       </section>
  12 |       
> 13 |     </main>
     |       ^^^^
  14 |   )
  15 | }
  16 |

Expected corresponding JSX closing tag for <div> @ http://localhost:3000/_next/static/chunks/node_modules_next_dist_f3530cac._.js:3127
[   96960ms] [ERROR] ./app/(root)/drop/page.tsx:13:7
Parsing ecmascript source code failed
  11 |       </section>
  12 |       
> 13 |     </main>
     |       ^^^^
  14 |   )
  15 | }
  16 |

Expected corresponding JSX closing tag for <div> @ http://localhost:3000/_next/static/chunks/node_modules_next_dist_f3530cac._.js:3127
[   97055ms] [ERROR] ./app/(root)/drop/page.tsx:13:7
Parsing ecmascript source code failed
  11 |       </section>
  12 |       
> 13 |     </main>
     |       ^^^^
  14 |   )
  15 | }
  16 |

Expected corresponding JSX closing tag for <div> @ http://localhost:3000/_next/static/chunks/node_modules_next_dist_f3530cac._.js:3127
[   97145ms] [ERROR] ./app/(root)/drop/page.tsx:13:7
Parsing ecmascript source code failed
  11 |       </section>
  12 |       
> 13 |     </main>
     |       ^^^^
  14 |   )
  15 | }
  16 |

Expected corresponding JSX closing tag for <div> @ http://localhost:3000/_next/static/chunks/node_modules_next_dist_f3530cac._.js:3127
[   97224ms] [ERROR] ./app/(root)/drop/page.tsx:13:7
Parsing ecmascript source code failed
  11 |       </section>
  12 |       
> 13 |     </main>
     |       ^^^^
  14 |   )
  15 | }
  16 |

Expected corresponding JSX closing tag for <div> @ http://localhost:3000/_next/static/chunks/node_modules_next_dist_f3530cac._.js:3127
[   97298ms] [ERROR] ./app/(root)/drop/page.tsx:13:7
Parsing ecmascript source code failed
  11 |       </section>
  12 |       
> 13 |     </main>
     |       ^^^^
  14 |   )
  15 | }
  16 |

Expected corresponding JSX closing tag for <div> @ http://localhost:3000/_next/static/chunks/node_modules_next_dist_f3530cac._.js:3127
[   97375ms] [ERROR] ./app/(root)/drop/page.tsx:13:7
Parsing ecmascript source code failed
  11 |       </section>
  12 |       
> 13 |     </main>
     |       ^^^^
  14 |   )
  15 | }
  16 |

Expected corresponding JSX closing tag for <div> @ http://localhost:3000/_next/static/chunks/node_modules_next_dist_f3530cac._.js:3127
[   97466ms] [ERROR] ./app/(root)/drop/page.tsx:13:7
Parsing ecmascript source code failed
  11 |       </section>
  12 |       
> 13 |     </main>
     |       ^^^^
  14 |   )
  15 | }
  16 |

Expected corresponding JSX closing tag for <div> @ http://localhost:3000/_next/static/chunks/node_modules_next_dist_f3530cac._.js:3127
[   97543ms] [ERROR] ./app/(root)/drop/page.tsx:13:7
Parsing ecmascript source code failed
  11 |       </section>
  12 |       
> 13 |     </main>
     |       ^^^^
  14 |   )
  15 | }
  16 |

Expected corresponding JSX closing tag for <div> @ http://localhost:3000/_next/static/chunks/node_modules_next_dist_f3530cac._.js:3127
[   97623ms] [ERROR] ./app/(root)/drop/page.tsx:13:7
Parsing ecmascript source code failed
  11 |       </section>
  12 |       
> 13 |     </main>
     |       ^^^^
  14 |   )
  15 | }
  16 |

Expected corresponding JSX closing tag for <div> @ http://localhost:3000/_next/static/chunks/node_modules_next_dist_f3530cac._.js:3127
[   97716ms] [ERROR] ./app/(root)/drop/page.tsx:13:7
Parsing ecmascript source code failed
  11 |       </section>
  12 |       
> 13 |     </main>
     |       ^^^^
  14 |   )
  15 | }
  16 |

Expected corresponding JSX closing tag for <div> @ http://localhost:3000/_next/static/chunks/node_modules_next_dist_f3530cac._.js:3127
[   97792ms] [ERROR] ./app/(root)/drop/page.tsx:13:7
Parsing ecmascript source code failed
  11 |       </section>
  12 |       
> 13 |     </main>
     |       ^^^^
  14 |   )
  15 | }
  16 |

Expected corresponding JSX closing tag for <div> @ http://localhost:3000/_next/static/chunks/node_modules_next_dist_f3530cac._.js:3127
[   97866ms] [ERROR] ./app/(root)/drop/page.tsx:13:7
Parsing ecmascript source code failed
  11 |       </section>
  12 |       
> 13 |     </main>
     |       ^^^^
  14 |   )
  15 | }
  16 |

Expected corresponding JSX closing tag for <div> @ http://localhost:3000/_next/static/chunks/node_modules_next_dist_f3530cac._.js:3127
[   97953ms] [ERROR] ./app/(root)/drop/page.tsx:13:7
Parsing ecmascript source code failed
  11 |       </section>
  12 |       
> 13 |     </main>
     |       ^^^^
  14 |   )
  15 | }
  16 |

Expected corresponding JSX closing tag for <div> @ http://localhost:3000/_next/static/chunks/node_modules_next_dist_f3530cac._.js:3127
[   98107ms] [LOG] [Fast Refresh] rebuilding @ http://localhost:3000/_next/static/chunks/node_modules_next_dist_f3530cac._.js:2297
[   98719ms] [LOG] [Fast Refresh] done in 607ms @ http://localhost:3000/_next/static/chunks/node_modules_next_dist_f3530cac._.js:2297
[  103392ms] [LOG] [Fast Refresh] rebuilding @ http://localhost:3000/_next/static/chunks/node_modules_next_dist_f3530cac._.js:2297
[  104143ms] [LOG] [Fast Refresh] done in 857ms @ http://localhost:3000/_next/static/chunks/node_modules_next_dist_f3530cac._.js:2297
[  108524ms] [LOG] [Fast Refresh] rebuilding @ http://localhost:3000/_next/static/chunks/node_modules_next_dist_f3530cac._.js:2297
[  108970ms] [LOG] [Fast Refresh] done in 552ms @ http://localhost:3000/_next/static/chunks/node_modules_next_dist_f3530cac._.js:2297
[  114095ms] [LOG] [Fast Refresh] rebuilding @ http://localhost:3000/_next/static/chunks/node_modules_next_dist_f3530cac._.js:2297
[  114576ms] [ERROR] ./app/(root)/catalogue/page.tsx:15:7
Parsing ecmascript source code failed
  13 |         </section>
  14 |
> 15 |     </main>
     |       ^^^^
  16 |   )
  17 | }
  18 |

Expected corresponding JSX closing tag for <div> @ http://localhost:3000/_next/static/chunks/node_modules_next_dist_f3530cac._.js:3127
[  114651ms] [ERROR] ./app/(root)/catalogue/page.tsx:15:7
Parsing ecmascript source code failed
  13 |         </section>
  14 |
> 15 |     </main>
     |       ^^^^
  16 |   )
  17 | }
  18 |

Expected corresponding JSX closing tag for <div> @ http://localhost:3000/_next/static/chunks/node_modules_next_dist_f3530cac._.js:3127
[  114726ms] [ERROR] ./app/(root)/catalogue/page.tsx:15:7
Parsing ecmascript source code failed
  13 |         </section>
  14 |
> 15 |     </main>
     |       ^^^^
  16 |   )
  17 | }
  18 |

Expected corresponding JSX closing tag for <div> @ http://localhost:3000/_next/static/chunks/node_modules_next_dist_f3530cac._.js:3127
[  114807ms] [ERROR] ./app/(root)/catalogue/page.tsx:15:7
Parsing ecmascript source code failed
  13 |         </section>
  14 |
> 15 |     </main>
     |       ^^^^
  16 |   )
  17 | }
  18 |

Expected corresponding JSX closing tag for <div> @ http://localhost:3000/_next/static/chunks/node_modules_next_dist_f3530cac._.js:3127
[  114886ms] [ERROR] ./app/(root)/catalogue/page.tsx:15:7
Parsing ecmascript source code failed
  13 |         </section>
  14 |
> 15 |     </main>
     |       ^^^^
  16 |   )
  17 | }
  18 |

Expected corresponding JSX closing tag for <div> @ http://localhost:3000/_next/static/chunks/node_modules_next_dist_f3530cac._.js:3127
[  114982ms] [ERROR] ./app/(root)/catalogue/page.tsx:15:7
Parsing ecmascript source code failed
  13 |         </section>
  14 |
> 15 |     </main>
     |       ^^^^
  16 |   )
  17 | }
  18 |

Expected corresponding JSX closing tag for <div> @ http://localhost:3000/_next/static/chunks/node_modules_next_dist_f3530cac._.js:3127
[  115056ms] [ERROR] ./app/(root)/catalogue/page.tsx:15:7
Parsing ecmascript source code failed
  13 |         </section>
  14 |
> 15 |     </main>
     |       ^^^^
  16 |   )
  17 | }
  18 |

Expected corresponding JSX closing tag for <div> @ http://localhost:3000/_next/static/chunks/node_modules_next_dist_f3530cac._.js:3127
[  115132ms] [ERROR] ./app/(root)/catalogue/page.tsx:15:7
Parsing ecmascript source code failed
  13 |         </section>
  14 |
> 15 |     </main>
     |       ^^^^
  16 |   )
  17 | }
  18 |

Expected corresponding JSX closing tag for <div> @ http://localhost:3000/_next/static/chunks/node_modules_next_dist_f3530cac._.js:3127
[  115205ms] [ERROR] ./app/(root)/catalogue/page.tsx:15:7
Parsing ecmascript source code failed
  13 |         </section>
  14 |
> 15 |     </main>
     |       ^^^^
  16 |   )
  17 | }
  18 |

Expected corresponding JSX closing tag for <div> @ http://localhost:3000/_next/static/chunks/node_modules_next_dist_f3530cac._.js:3127
[  115297ms] [ERROR] ./app/(root)/catalogue/page.tsx:15:7
Parsing ecmascript source code failed
  13 |         </section>
  14 |
> 15 |     </main>
     |       ^^^^
  16 |   )
  17 | }
  18 |

Expected corresponding JSX closing tag for <div> @ http://localhost:3000/_next/static/chunks/node_modules_next_dist_f3530cac._.js:3127
[  115415ms] [ERROR] ./app/(root)/catalogue/page.tsx:15:7
Parsing ecmascript source code failed
  13 |         </section>
  14 |
> 15 |     </main>
     |       ^^^^
  16 |   )
  17 | }
  18 |

Expected corresponding JSX closing tag for <div> @ http://localhost:3000/_next/static/chunks/node_modules_next_dist_f3530cac._.js:3127
[  115434ms] [LOG] [Fast Refresh] rebuilding @ http://localhost:3000/_next/static/chunks/node_modules_next_dist_f3530cac._.js:2297
[  115512ms] [ERROR] ./app/(root)/catalogue/page.tsx:15:7
Parsing ecmascript source code failed
  13 |         </section>
  14 |
> 15 |     </main>
     |       ^^^^
  16 |   )
  17 | }
  18 |

Expected corresponding JSX closing tag for <div> @ http://localhost:3000/_next/static/chunks/node_modules_next_dist_f3530cac._.js:3127
[  115604ms] [ERROR] ./app/(root)/catalogue/page.tsx:15:7
Parsing ecmascript source code failed
  13 |         </section>
  14 |
> 15 |     </main>
     |       ^^^^
  16 |   )
  17 | }
  18 |

Expected corresponding JSX closing tag for <div> @ http://localhost:3000/_next/static/chunks/node_modules_next_dist_f3530cac._.js:3127
[  115699ms] [ERROR] ./app/(root)/catalogue/page.tsx:15:7
Parsing ecmascript source code failed
  13 |         </section>
  14 |
> 15 |     </main>
     |       ^^^^
  16 |   )
  17 | }
  18 |

Expected corresponding JSX closing tag for <div> @ http://localhost:3000/_next/static/chunks/node_modules_next_dist_f3530cac._.js:3127
[  115789ms] [ERROR] ./app/(root)/catalogue/page.tsx:15:7
Parsing ecmascript source code failed
  13 |         </section>
  14 |
> 15 |     </main>
     |       ^^^^
  16 |   )
  17 | }
  18 |

Expected corresponding JSX closing tag for <div> @ http://localhost:3000/_next/static/chunks/node_modules_next_dist_f3530cac._.js:3127
[  115883ms] [ERROR] ./app/(root)/catalogue/page.tsx:15:7
Parsing ecmascript source code failed
  13 |         </section>
  14 |
> 15 |     </main>
     |       ^^^^
  16 |   )
  17 | }
  18 |

Expected corresponding JSX closing tag for <div> @ http://localhost:3000/_next/static/chunks/node_modules_next_dist_f3530cac._.js:3127
[  115958ms] [ERROR] ./app/(root)/catalogue/page.tsx:15:7
Parsing ecmascript source code failed
  13 |         </section>
  14 |
> 15 |     </main>
     |       ^^^^
  16 |   )
  17 | }
  18 |

Expected corresponding JSX closing tag for <div> @ http://localhost:3000/_next/static/chunks/node_modules_next_dist_f3530cac._.js:3127
[  116034ms] [ERROR] ./app/(root)/catalogue/page.tsx:15:7
Parsing ecmascript source code failed
  13 |         </section>
  14 |
> 15 |     </main>
     |       ^^^^
  16 |   )
  17 | }
  18 |

Expected corresponding JSX closing tag for <div> @ http://localhost:3000/_next/static/chunks/node_modules_next_dist_f3530cac._.js:3127
[  116096ms] [ERROR] ./app/(root)/catalogue/page.tsx:15:7
Parsing ecmascript source code failed
  13 |         </section>
  14 |
> 15 |     </main>
     |       ^^^^
  16 |   )
  17 | }
  18 |

Expected corresponding JSX closing tag for <div> @ http://localhost:3000/_next/static/chunks/node_modules_next_dist_f3530cac._.js:3127
[  116192ms] [ERROR] ./app/(root)/catalogue/page.tsx:15:7
Parsing ecmascript source code failed
  13 |         </section>
  14 |
> 15 |     </main>
     |       ^^^^
  16 |   )
  17 | }
  18 |

Expected corresponding JSX closing tag for <div> @ http://localhost:3000/_next/static/chunks/node_modules_next_dist_f3530cac._.js:3127
[  116280ms] [ERROR] ./app/(root)/catalogue/page.tsx:15:7
Parsing ecmascript source code failed
  13 |         </section>
  14 |
> 15 |     </main>
     |       ^^^^
  16 |   )
  17 | }
  18 |

Expected corresponding JSX closing tag for <div> @ http://localhost:3000/_next/static/chunks/node_modules_next_dist_f3530cac._.js:3127
[  116374ms] [ERROR] ./app/(root)/catalogue/page.tsx:15:7
Parsing ecmascript source code failed
  13 |         </section>
  14 |
> 15 |     </main>
     |       ^^^^
  16 |   )
  17 | }
  18 |

Expected corresponding JSX closing tag for <div> @ http://localhost:3000/_next/static/chunks/node_modules_next_dist_f3530cac._.js:3127
[  116468ms] [ERROR] ./app/(root)/catalogue/page.tsx:15:7
Parsing ecmascript source code failed
  13 |         </section>
  14 |
> 15 |     </main>
     |       ^^^^
  16 |   )
  17 | }
  18 |

Expected corresponding JSX closing tag for <div> @ http://localhost:3000/_next/static/chunks/node_modules_next_dist_f3530cac._.js:3127
[  116543ms] [ERROR] ./app/(root)/catalogue/page.tsx:15:7
Parsing ecmascript source code failed
  13 |         </section>
  14 |
> 15 |     </main>
     |       ^^^^
  16 |   )
  17 | }
  18 |

Expected corresponding JSX closing tag for <div> @ http://localhost:3000/_next/static/chunks/node_modules_next_dist_f3530cac._.js:3127
[  116636ms] [ERROR] ./app/(root)/catalogue/page.tsx:15:7
Parsing ecmascript source code failed
  13 |         </section>
  14 |
> 15 |     </main>
     |       ^^^^
  16 |   )
  17 | }
  18 |

Expected corresponding JSX closing tag for <div> @ http://localhost:3000/_next/static/chunks/node_modules_next_dist_f3530cac._.js:3127
[  116720ms] [ERROR] ./app/(root)/catalogue/page.tsx:15:7
Parsing ecmascript source code failed
  13 |         </section>
  14 |
> 15 |     </main>
     |       ^^^^
  16 |   )
  17 | }
  18 |

Expected corresponding JSX closing tag for <div> @ http://localhost:3000/_next/static/chunks/node_modules_next_dist_f3530cac._.js:3127
[  116789ms] [ERROR] ./app/(root)/catalogue/page.tsx:15:7
Parsing ecmascript source code failed
  13 |         </section>
  14 |
> 15 |     </main>
     |       ^^^^
  16 |   )
  17 | }
  18 |

Expected corresponding JSX closing tag for <div> @ http://localhost:3000/_next/static/chunks/node_modules_next_dist_f3530cac._.js:3127
[  116871ms] [ERROR] ./app/(root)/catalogue/page.tsx:15:7
Parsing ecmascript source code failed
  13 |         </section>
  14 |
> 15 |     </main>
     |       ^^^^
  16 |   )
  17 | }
  18 |

Expected corresponding JSX closing tag for <div> @ http://localhost:3000/_next/static/chunks/node_modules_next_dist_f3530cac._.js:3127
[  116964ms] [ERROR] ./app/(root)/catalogue/page.tsx:15:7
Parsing ecmascript source code failed
  13 |         </section>
  14 |
> 15 |     </main>
     |       ^^^^
  16 |   )
  17 | }
  18 |

Expected corresponding JSX closing tag for <div> @ http://localhost:3000/_next/static/chunks/node_modules_next_dist_f3530cac._.js:3127
[  117056ms] [ERROR] ./app/(root)/catalogue/page.tsx:15:7
Parsing ecmascript source code failed
  13 |         </section>
  14 |
> 15 |     </main>
     |       ^^^^
  16 |   )
  17 | }
  18 |

Expected corresponding JSX closing tag for <div> @ http://localhost:3000/_next/static/chunks/node_modules_next_dist_f3530cac._.js:3127
[  117143ms] [ERROR] ./app/(root)/catalogue/page.tsx:15:7
Parsing ecmascript source code failed
  13 |         </section>
  14 |
> 15 |     </main>
     |       ^^^^
  16 |   )
  17 | }
  18 |

Expected corresponding JSX closing tag for <div> @ http://localhost:3000/_next/static/chunks/node_modules_next_dist_f3530cac._.js:3127
[  117220ms] [ERROR] ./app/(root)/catalogue/page.tsx:15:7
Parsing ecmascript source code failed
  13 |         </section>
  14 |
> 15 |     </main>
     |       ^^^^
  16 |   )
  17 | }
  18 |

Expected corresponding JSX closing tag for <div> @ http://localhost:3000/_next/static/chunks/node_modules_next_dist_f3530cac._.js:3127
[  117317ms] [ERROR] ./app/(root)/catalogue/page.tsx:15:7
Parsing ecmascript source code failed
  13 |         </section>
  14 |
> 15 |     </main>
     |       ^^^^
  16 |   )
  17 | }
  18 |

Expected corresponding JSX closing tag for <div> @ http://localhost:3000/_next/static/chunks/node_modules_next_dist_f3530cac._.js:3127
[  117402ms] [ERROR] ./app/(root)/catalogue/page.tsx:15:7
Parsing ecmascript source code failed
  13 |         </section>
  14 |
> 15 |     </main>
     |       ^^^^
  16 |   )
  17 | }
  18 |

Expected corresponding JSX closing tag for <div> @ http://localhost:3000/_next/static/chunks/node_modules_next_dist_f3530cac._.js:3127
[  117499ms] [ERROR] ./app/(root)/catalogue/page.tsx:15:7
Parsing ecmascript source code failed
  13 |         </section>
  14 |
> 15 |     </main>
     |       ^^^^
  16 |   )
  17 | }
  18 |

Expected corresponding JSX closing tag for <div> @ http://localhost:3000/_next/static/chunks/node_modules_next_dist_f3530cac._.js:3127
[  117589ms] [ERROR] ./app/(root)/catalogue/page.tsx:15:7
Parsing ecmascript source code failed
  13 |         </section>
  14 |
> 15 |     </main>
     |       ^^^^
  16 |   )
  17 | }
  18 |

Expected corresponding JSX closing tag for <div> @ http://localhost:3000/_next/static/chunks/node_modules_next_dist_f3530cac._.js:3127
[  117665ms] [ERROR] ./app/(root)/catalogue/page.tsx:15:7
Parsing ecmascript source code failed
  13 |         </section>
  14 |
> 15 |     </main>
     |       ^^^^
  16 |   )
  17 | }
  18 |

Expected corresponding JSX closing tag for <div> @ http://localhost:3000/_next/static/chunks/node_modules_next_dist_f3530cac._.js:3127
[  117747ms] [ERROR] ./app/(root)/catalogue/page.tsx:15:7
Parsing ecmascript source code failed
  13 |         </section>
  14 |
> 15 |     </main>
     |       ^^^^
  16 |   )
  17 | }
  18 |

Expected corresponding JSX closing tag for <div> @ http://localhost:3000/_next/static/chunks/node_modules_next_dist_f3530cac._.js:3127
[  117833ms] [ERROR] ./app/(root)/catalogue/page.tsx:15:7
Parsing ecmascript source code failed
  13 |         </section>
  14 |
> 15 |     </main>
     |       ^^^^
  16 |   )
  17 | }
  18 |

Expected corresponding JSX closing tag for <div> @ http://localhost:3000/_next/static/chunks/node_modules_next_dist_f3530cac._.js:3127
[  117913ms] [ERROR] ./app/(root)/catalogue/page.tsx:15:7
Parsing ecmascript source code failed
  13 |         </section>
  14 |
> 15 |     </main>
     |       ^^^^
  16 |   )
  17 | }
  18 |

Expected corresponding JSX closing tag for <div> @ http://localhost:3000/_next/static/chunks/node_modules_next_dist_f3530cac._.js:3127
[  117987ms] [ERROR] ./app/(root)/catalogue/page.tsx:15:7
Parsing ecmascript source code failed
  13 |         </section>
  14 |
> 15 |     </main>
     |       ^^^^
  16 |   )
  17 | }
  18 |

Expected corresponding JSX closing tag for <div> @ http://localhost:3000/_next/static/chunks/node_modules_next_dist_f3530cac._.js:3127
[  118062ms] [ERROR] ./app/(root)/catalogue/page.tsx:15:7
Parsing ecmascript source code failed
  13 |         </section>
  14 |
> 15 |     </main>
     |       ^^^^
  16 |   )
  17 | }
  18 |

Expected corresponding JSX closing tag for <div> @ http://localhost:3000/_next/static/chunks/node_modules_next_dist_f3530cac._.js:3127
[  118153ms] [ERROR] ./app/(root)/catalogue/page.tsx:15:7
Parsing ecmascript source code failed
  13 |         </section>
  14 |
> 15 |     </main>
     |       ^^^^
  16 |   )
  17 | }
  18 |

Expected corresponding JSX closing tag for <div> @ http://localhost:3000/_next/static/chunks/node_modules_next_dist_f3530cac._.js:3127
[  118233ms] [ERROR] ./app/(root)/catalogue/page.tsx:15:7
Parsing ecmascript source code failed
  13 |         </section>
  14 |
> 15 |     </main>
     |       ^^^^
  16 |   )
  17 | }
  18 |

Expected corresponding JSX closing tag for <div> @ http://localhost:3000/_next/static/chunks/node_modules_next_dist_f3530cac._.js:3127
[  118310ms] [ERROR] ./app/(root)/catalogue/page.tsx:15:7
Parsing ecmascript source code failed
  13 |         </section>
  14 |
> 15 |     </main>
     |       ^^^^
  16 |   )
  17 | }
  18 |

Expected corresponding JSX closing tag for <div> @ http://localhost:3000/_next/static/chunks/node_modules_next_dist_f3530cac._.js:3127
[  118404ms] [ERROR] ./app/(root)/catalogue/page.tsx:15:7
Parsing ecmascript source code failed
  13 |         </section>
  14 |
> 15 |     </main>
     |       ^^^^
  16 |   )
  17 | }
  18 |

Expected corresponding JSX closing tag for <div> @ http://localhost:3000/_next/static/chunks/node_modules_next_dist_f3530cac._.js:3127
[  118495ms] [ERROR] ./app/(root)/catalogue/page.tsx:15:7
Parsing ecmascript source code failed
  13 |         </section>
  14 |
> 15 |     </main>
     |       ^^^^
  16 |   )
  17 | }
  18 |

Expected corresponding JSX closing tag for <div> @ http://localhost:3000/_next/static/chunks/node_modules_next_dist_f3530cac._.js:3127
[  118586ms] [ERROR] ./app/(root)/catalogue/page.tsx:15:7
Parsing ecmascript source code failed
  13 |         </section>
  14 |
> 15 |     </main>
     |       ^^^^
  16 |   )
  17 | }
  18 |

Expected corresponding JSX closing tag for <div> @ http://localhost:3000/_next/static/chunks/node_modules_next_dist_f3530cac._.js:3127
[  118677ms] [ERROR] ./app/(root)/catalogue/page.tsx:15:7
Parsing ecmascript source code failed
  13 |         </section>
  14 |
> 15 |     </main>
     |       ^^^^
  16 |   )
  17 | }
  18 |

Expected corresponding JSX closing tag for <div> @ http://localhost:3000/_next/static/chunks/node_modules_next_dist_f3530cac._.js:3127
[  118757ms] [ERROR] ./app/(root)/catalogue/page.tsx:15:7
Parsing ecmascript source code failed
  13 |         </section>
  14 |
> 15 |     </main>
     |       ^^^^
  16 |   )
  17 | }
  18 |

Expected corresponding JSX closing tag for <div> @ http://localhost:3000/_next/static/chunks/node_modules_next_dist_f3530cac._.js:3127
[  118832ms] [ERROR] ./app/(root)/catalogue/page.tsx:15:7
Parsing ecmascript source code failed
  13 |         </section>
  14 |
> 15 |     </main>
     |       ^^^^
  16 |   )
  17 | }
  18 |

Expected corresponding JSX closing tag for <div> @ http://localhost:3000/_next/static/chunks/node_modules_next_dist_f3530cac._.js:3127
[  118910ms] [ERROR] ./app/(root)/catalogue/page.tsx:15:7
Parsing ecmascript source code failed
  13 |         </section>
  14 |
> 15 |     </main>
     |       ^^^^
  16 |   )
  17 | }
  18 |

Expected corresponding JSX closing tag for <div> @ http://localhost:3000/_next/static/chunks/node_modules_next_dist_f3530cac._.js:3127
[  118987ms] [ERROR] ./app/(root)/catalogue/page.tsx:15:7
Parsing ecmascript source code failed
  13 |         </section>
  14 |
> 15 |     </main>
     |       ^^^^
  16 |   )
  17 | }
  18 |

Expected corresponding JSX closing tag for <div> @ http://localhost:3000/_next/static/chunks/node_modules_next_dist_f3530cac._.js:3127
[  119067ms] [ERROR] ./app/(root)/catalogue/page.tsx:15:7
Parsing ecmascript source code failed
  13 |         </section>
  14 |
> 15 |     </main>
     |       ^^^^
  16 |   )
  17 | }
  18 |

Expected corresponding JSX closing tag for <div> @ http://localhost:3000/_next/static/chunks/node_modules_next_dist_f3530cac._.js:3127
[  119142ms] [ERROR] ./app/(root)/catalogue/page.tsx:15:7
Parsing ecmascript source code failed
  13 |         </section>
  14 |
> 15 |     </main>
     |       ^^^^
  16 |   )
  17 | }
  18 |

Expected corresponding JSX closing tag for <div> @ http://localhost:3000/_next/static/chunks/node_modules_next_dist_f3530cac._.js:3127
[  119215ms] [ERROR] ./app/(root)/catalogue/page.tsx:15:7
Parsing ecmascript source code failed
  13 |         </section>
  14 |
> 15 |     </main>
     |       ^^^^
  16 |   )
  17 | }
  18 |

Expected corresponding JSX closing tag for <div> @ http://localhost:3000/_next/static/chunks/node_modules_next_dist_f3530cac._.js:3127
[  119309ms] [ERROR] ./app/(root)/catalogue/page.tsx:15:7
Parsing ecmascript source code failed
  13 |         </section>
  14 |
> 15 |     </main>
     |       ^^^^
  16 |   )
  17 | }
  18 |

Expected corresponding JSX closing tag for <div> @ http://localhost:3000/_next/static/chunks/node_modules_next_dist_f3530cac._.js:3127
[  119382ms] [ERROR] ./app/(root)/catalogue/page.tsx:15:7
Parsing ecmascript source code failed
  13 |         </section>
  14 |
> 15 |     </main>
     |       ^^^^
  16 |   )
  17 | }
  18 |

Expected corresponding JSX closing tag for <div> @ http://localhost:3000/_next/static/chunks/node_modules_next_dist_f3530cac._.js:3127
[  119476ms] [ERROR] ./app/(root)/catalogue/page.tsx:15:7
Parsing ecmascript source code failed
  13 |         </section>
  14 |
> 15 |     </main>
     |       ^^^^
  16 |   )
  17 | }
  18 |

Expected corresponding JSX closing tag for <div> @ http://localhost:3000/_next/static/chunks/node_modules_next_dist_f3530cac._.js:3127
[  119568ms] [ERROR] ./app/(root)/catalogue/page.tsx:15:7
Parsing ecmascript source code failed
  13 |         </section>
  14 |
> 15 |     </main>
     |       ^^^^
  16 |   )
  17 | }
  18 |

Expected corresponding JSX closing tag for <div> @ http://localhost:3000/_next/static/chunks/node_modules_next_dist_f3530cac._.js:3127
[  119644ms] [ERROR] ./app/(root)/catalogue/page.tsx:15:7
Parsing ecmascript source code failed
  13 |         </section>
  14 |
> 15 |     </main>
     |       ^^^^
  16 |   )
  17 | }
  18 |

Expected corresponding JSX closing tag for <div> @ http://localhost:3000/_next/static/chunks/node_modules_next_dist_f3530cac._.js:3127
[  119748ms] [ERROR] ./app/(root)/catalogue/page.tsx:15:7
Parsing ecmascript source code failed
  13 |         </section>
  14 |
> 15 |     </main>
     |       ^^^^
  16 |   )
  17 | }
  18 |

Expected corresponding JSX closing tag for <div> @ http://localhost:3000/_next/static/chunks/node_modules_next_dist_f3530cac._.js:3127
[  119829ms] [ERROR] ./app/(root)/catalogue/page.tsx:15:7
Parsing ecmascript source code failed
  13 |         </section>
  14 |
> 15 |     </main>
     |       ^^^^
  16 |   )
  17 | }
  18 |

Expected corresponding JSX closing tag for <div> @ http://localhost:3000/_next/static/chunks/node_modules_next_dist_f3530cac._.js:3127
[  119910ms] [ERROR] ./app/(root)/catalogue/page.tsx:15:7
Parsing ecmascript source code failed
  13 |         </section>
  14 |
> 15 |     </main>
     |       ^^^^
  16 |   )
  17 | }
  18 |

Expected corresponding JSX closing tag for <div> @ http://localhost:3000/_next/static/chunks/node_modules_next_dist_f3530cac._.js:3127
[  119988ms] [ERROR] ./app/(root)/catalogue/page.tsx:15:7
Parsing ecmascript source code failed
  13 |         </section>
  14 |
> 15 |     </main>
     |       ^^^^
  16 |   )
  17 | }
  18 |

Expected corresponding JSX closing tag for <div> @ http://localhost:3000/_next/static/chunks/node_modules_next_dist_f3530cac._.js:3127
[  120080ms] [ERROR] ./app/(root)/catalogue/page.tsx:15:7
Parsing ecmascript source code failed
  13 |         </section>
  14 |
> 15 |     </main>
     |       ^^^^
  16 |   )
  17 | }
  18 |

Expected corresponding JSX closing tag for <div> @ http://localhost:3000/_next/static/chunks/node_modules_next_dist_f3530cac._.js:3127
[  120168ms] [ERROR] ./app/(root)/catalogue/page.tsx:15:7
Parsing ecmascript source code failed
  13 |         </section>
  14 |
> 15 |     </main>
     |       ^^^^
  16 |   )
  17 | }
  18 |

Expected corresponding JSX closing tag for <div> @ http://localhost:3000/_next/static/chunks/node_modules_next_dist_f3530cac._.js:3127
[  120248ms] [ERROR] ./app/(root)/catalogue/page.tsx:15:7
Parsing ecmascript source code failed
  13 |         </section>
  14 |
> 15 |     </main>
     |       ^^^^
  16 |   )
  17 | }
  18 |

Expected corresponding JSX closing tag for <div> @ http://localhost:3000/_next/static/chunks/node_modules_next_dist_f3530cac._.js:3127
[  120327ms] [ERROR] ./app/(root)/catalogue/page.tsx:15:7
Parsing ecmascript source code failed
  13 |         </section>
  14 |
> 15 |     </main>
     |       ^^^^
  16 |   )
  17 | }
  18 |

Expected corresponding JSX closing tag for <div> @ http://localhost:3000/_next/static/chunks/node_modules_next_dist_f3530cac._.js:3127
[  120404ms] [ERROR] ./app/(root)/catalogue/page.tsx:15:7
Parsing ecmascript source code failed
  13 |         </section>
  14 |
> 15 |     </main>
     |       ^^^^
  16 |   )
  17 | }
  18 |

Expected corresponding JSX closing tag for <div> @ http://localhost:3000/_next/static/chunks/node_modules_next_dist_f3530cac._.js:3127
[  120482ms] [ERROR] ./app/(root)/catalogue/page.tsx:15:7
Parsing ecmascript source code failed
  13 |         </section>
  14 |
> 15 |     </main>
     |       ^^^^
  16 |   )
  17 | }
  18 |

Expected corresponding JSX closing tag for <div> @ http://localhost:3000/_next/static/chunks/node_modules_next_dist_f3530cac._.js:3127
[  120571ms] [ERROR] ./app/(root)/catalogue/page.tsx:15:7
Parsing ecmascript source code failed
  13 |         </section>
  14 |
> 15 |     </main>
     |       ^^^^
  16 |   )
  17 | }
  18 |

Expected corresponding JSX closing tag for <div> @ http://localhost:3000/_next/static/chunks/node_modules_next_dist_f3530cac._.js:3127
[  120635ms] [ERROR] ./app/(root)/catalogue/page.tsx:15:7
Parsing ecmascript source code failed
  13 |         </section>
  14 |
> 15 |     </main>
     |       ^^^^
  16 |   )
  17 | }
  18 |

Expected corresponding JSX closing tag for <div> @ http://localhost:3000/_next/static/chunks/node_modules_next_dist_f3530cac._.js:3127
[  120752ms] [ERROR] ./app/(root)/catalogue/page.tsx:15:7
Parsing ecmascript source code failed
  13 |         </section>
  14 |
> 15 |     </main>
     |       ^^^^
  16 |   )
  17 | }
  18 |

Expected corresponding JSX closing tag for <div> @ http://localhost:3000/_next/static/chunks/node_modules_next_dist_f3530cac._.js:3127
[  120824ms] [ERROR] ./app/(root)/catalogue/page.tsx:15:7
Parsing ecmascript source code failed
  13 |         </section>
  14 |
> 15 |     </main>
     |       ^^^^
  16 |   )
  17 | }
  18 |

Expected corresponding JSX closing tag for <div> @ http://localhost:3000/_next/static/chunks/node_modules_next_dist_f3530cac._.js:3127
[  120919ms] [ERROR] ./app/(root)/catalogue/page.tsx:15:7
Parsing ecmascript source code failed
  13 |         </section>
  14 |
> 15 |     </main>
     |       ^^^^
  16 |   )
  17 | }
  18 |

Expected corresponding JSX closing tag for <div> @ http://localhost:3000/_next/static/chunks/node_modules_next_dist_f3530cac._.js:3127
[  120997ms] [ERROR] ./app/(root)/catalogue/page.tsx:15:7
Parsing ecmascript source code failed
  13 |         </section>
  14 |
> 15 |     </main>
     |       ^^^^
  16 |   )
  17 | }
  18 |

Expected corresponding JSX closing tag for <div> @ http://localhost:3000/_next/static/chunks/node_modules_next_dist_f3530cac._.js:3127
[  121076ms] [ERROR] ./app/(root)/catalogue/page.tsx:15:7
Parsing ecmascript source code failed
  13 |         </section>
  14 |
> 15 |     </main>
     |       ^^^^
  16 |   )
  17 | }
  18 |

Expected corresponding JSX closing tag for <div> @ http://localhost:3000/_next/static/chunks/node_modules_next_dist_f3530cac._.js:3127
[  121164ms] [ERROR] ./app/(root)/catalogue/page.tsx:15:7
Parsing ecmascript source code failed
  13 |         </section>
  14 |
> 15 |     </main>
     |       ^^^^
  16 |   )
  17 | }
  18 |

Expected corresponding JSX closing tag for <div> @ http://localhost:3000/_next/static/chunks/node_modules_next_dist_f3530cac._.js:3127
[  121242ms] [ERROR] ./app/(root)/catalogue/page.tsx:15:7
Parsing ecmascript source code failed
  13 |         </section>
  14 |
> 15 |     </main>
     |       ^^^^
  16 |   )
  17 | }
  18 |

Expected corresponding JSX closing tag for <div> @ http://localhost:3000/_next/static/chunks/node_modules_next_dist_f3530cac._.js:3127
[  121317ms] [ERROR] ./app/(root)/catalogue/page.tsx:15:7
Parsing ecmascript source code failed
  13 |         </section>
  14 |
> 15 |     </main>
     |       ^^^^
  16 |   )
  17 | }
  18 |

Expected corresponding JSX closing tag for <div> @ http://localhost:3000/_next/static/chunks/node_modules_next_dist_f3530cac._.js:3127
[  121383ms] [ERROR] ./app/(root)/catalogue/page.tsx:15:7
Parsing ecmascript source code failed
  13 |         </section>
  14 |
> 15 |     </main>
     |       ^^^^
  16 |   )
  17 | }
  18 |

Expected corresponding JSX closing tag for <div> @ http://localhost:3000/_next/static/chunks/node_modules_next_dist_f3530cac._.js:3127
[  121458ms] [ERROR] ./app/(root)/catalogue/page.tsx:15:7
Parsing ecmascript source code failed
  13 |         </section>
  14 |
> 15 |     </main>
     |       ^^^^
  16 |   )
  17 | }
  18 |

Expected corresponding JSX closing tag for <div> @ http://localhost:3000/_next/static/chunks/node_modules_next_dist_f3530cac._.js:3127
[  121536ms] [ERROR] ./app/(root)/catalogue/page.tsx:15:7
Parsing ecmascript source code failed
  13 |         </section>
  14 |
> 15 |     </main>
     |       ^^^^
  16 |   )
  17 | }
  18 |

Expected corresponding JSX closing tag for <div> @ http://localhost:3000/_next/static/chunks/node_modules_next_dist_f3530cac._.js:3127
[  121611ms] [ERROR] ./app/(root)/catalogue/page.tsx:15:7
Parsing ecmascript source code failed
  13 |         </section>
  14 |
> 15 |     </main>
     |       ^^^^
  16 |   )
  17 | }
  18 |

Expected corresponding JSX closing tag for <div> @ http://localhost:3000/_next/static/chunks/node_modules_next_dist_f3530cac._.js:3127
[  121693ms] [ERROR] ./app/(root)/catalogue/page.tsx:15:7
Parsing ecmascript source code failed
  13 |         </section>
  14 |
> 15 |     </main>
     |       ^^^^
  16 |   )
  17 | }
  18 |

Expected corresponding JSX closing tag for <div> @ http://localhost:3000/_next/static/chunks/node_modules_next_dist_f3530cac._.js:3127
[  121771ms] [ERROR] ./app/(root)/catalogue/page.tsx:15:7
Parsing ecmascript source code failed
  13 |         </section>
  14 |
> 15 |     </main>
     |       ^^^^
  16 |   )
  17 | }
  18 |

Expected corresponding JSX closing tag for <div> @ http://localhost:3000/_next/static/chunks/node_modules_next_dist_f3530cac._.js:3127
[  121845ms] [ERROR] ./app/(root)/catalogue/page.tsx:15:7
Parsing ecmascript source code failed
  13 |         </section>
  14 |
> 15 |     </main>
     |       ^^^^
  16 |   )
  17 | }
  18 |

Expected corresponding JSX closing tag for <div> @ http://localhost:3000/_next/static/chunks/node_modules_next_dist_f3530cac._.js:3127
[  121922ms] [ERROR] ./app/(root)/catalogue/page.tsx:15:7
Parsing ecmascript source code failed
  13 |         </section>
  14 |
> 15 |     </main>
     |       ^^^^
  16 |   )
  17 | }
  18 |

Expected corresponding JSX closing tag for <div> @ http://localhost:3000/_next/static/chunks/node_modules_next_dist_f3530cac._.js:3127
[  121999ms] [ERROR] ./app/(root)/catalogue/page.tsx:15:7
Parsing ecmascript source code failed
  13 |         </section>
  14 |
> 15 |     </main>
     |       ^^^^
  16 |   )
  17 | }
  18 |

Expected corresponding JSX closing tag for <div> @ http://localhost:3000/_next/static/chunks/node_modules_next_dist_f3530cac._.js:3127
[  122080ms] [ERROR] ./app/(root)/catalogue/page.tsx:15:7
Parsing ecmascript source code failed
  13 |         </section>
  14 |
> 15 |     </main>
     |       ^^^^
  16 |   )
  17 | }
  18 |

Expected corresponding JSX closing tag for <div> @ http://localhost:3000/_next/static/chunks/node_modules_next_dist_f3530cac._.js:3127
[  122156ms] [ERROR] ./app/(root)/catalogue/page.tsx:15:7
Parsing ecmascript source code failed
  13 |         </section>
  14 |
> 15 |     </main>
     |       ^^^^
  16 |   )
  17 | }
  18 |

Expected corresponding JSX closing tag for <div> @ http://localhost:3000/_next/static/chunks/node_modules_next_dist_f3530cac._.js:3127
[  122234ms] [ERROR] ./app/(root)/catalogue/page.tsx:15:7
Parsing ecmascript source code failed
  13 |         </section>
  14 |
> 15 |     </main>
     |       ^^^^
  16 |   )
  17 | }
  18 |

Expected corresponding JSX closing tag for <div> @ http://localhost:3000/_next/static/chunks/node_modules_next_dist_f3530cac._.js:3127
[  122307ms] [ERROR] ./app/(root)/catalogue/page.tsx:15:7
Parsing ecmascript source code failed
  13 |         </section>
  14 |
> 15 |     </main>
     |       ^^^^
  16 |   )
  17 | }
  18 |

Expected corresponding JSX closing tag for <div> @ http://localhost:3000/_next/static/chunks/node_modules_next_dist_f3530cac._.js:3127
[  122386ms] [ERROR] ./app/(root)/catalogue/page.tsx:15:7
Parsing ecmascript source code failed
  13 |         </section>
  14 |
> 15 |     </main>
     |       ^^^^
  16 |   )
  17 | }
  18 |

Expected corresponding JSX closing tag for <div> @ http://localhost:3000/_next/static/chunks/node_modules_next_dist_f3530cac._.js:3127
[  122464ms] [ERROR] ./app/(root)/catalogue/page.tsx:15:7
Parsing ecmascript source code failed
  13 |         </section>
  14 |
> 15 |     </main>
     |       ^^^^
  16 |   )
  17 | }
  18 |

Expected corresponding JSX closing tag for <div> @ http://localhost:3000/_next/static/chunks/node_modules_next_dist_f3530cac._.js:3127
[  122543ms] [ERROR] ./app/(root)/catalogue/page.tsx:15:7
Parsing ecmascript source code failed
  13 |         </section>
  14 |
> 15 |     </main>
     |       ^^^^
  16 |   )
  17 | }
  18 |

Expected corresponding JSX closing tag for <div> @ http://localhost:3000/_next/static/chunks/node_modules_next_dist_f3530cac._.js:3127
[  122622ms] [ERROR] ./app/(root)/catalogue/page.tsx:15:7
Parsing ecmascript source code failed
  13 |         </section>
  14 |
> 15 |     </main>
     |       ^^^^
  16 |   )
  17 | }
  18 |

Expected corresponding JSX closing tag for <div> @ http://localhost:3000/_next/static/chunks/node_modules_next_dist_f3530cac._.js:3127
[  122702ms] [ERROR] ./app/(root)/catalogue/page.tsx:15:7
Parsing ecmascript source code failed
  13 |         </section>
  14 |
> 15 |     </main>
     |       ^^^^
  16 |   )
  17 | }
  18 |

Expected corresponding JSX closing tag for <div> @ http://localhost:3000/_next/static/chunks/node_modules_next_dist_f3530cac._.js:3127
[  122780ms] [ERROR] ./app/(root)/catalogue/page.tsx:15:7
Parsing ecmascript source code failed
  13 |         </section>
  14 |
> 15 |     </main>
     |       ^^^^
  16 |   )
  17 | }
  18 |

Expected corresponding JSX closing tag for <div> @ http://localhost:3000/_next/static/chunks/node_modules_next_dist_f3530cac._.js:3127
[  122873ms] [ERROR] ./app/(root)/catalogue/page.tsx:15:7
Parsing ecmascript source code failed
  13 |         </section>
  14 |
> 15 |     </main>
     |       ^^^^
  16 |   )
  17 | }
  18 |

Expected corresponding JSX closing tag for <div> @ http://localhost:3000/_next/static/chunks/node_modules_next_dist_f3530cac._.js:3127
[  122952ms] [ERROR] ./app/(root)/catalogue/page.tsx:15:7
Parsing ecmascript source code failed
  13 |         </section>
  14 |
> 15 |     </main>
     |       ^^^^
  16 |   )
  17 | }
  18 |

Expected corresponding JSX closing tag for <div> @ http://localhost:3000/_next/static/chunks/node_modules_next_dist_f3530cac._.js:3127
[  123028ms] [ERROR] ./app/(root)/catalogue/page.tsx:15:7
Parsing ecmascript source code failed
  13 |         </section>
  14 |
> 15 |     </main>
     |       ^^^^
  16 |   )
  17 | }
  18 |

Expected corresponding JSX closing tag for <div> @ http://localhost:3000/_next/static/chunks/node_modules_next_dist_f3530cac._.js:3127
[  123104ms] [ERROR] ./app/(root)/catalogue/page.tsx:15:7
Parsing ecmascript source code failed
  13 |         </section>
  14 |
> 15 |     </main>
     |       ^^^^
  16 |   )
  17 | }
  18 |

Expected corresponding JSX closing tag for <div> @ http://localhost:3000/_next/static/chunks/node_modules_next_dist_f3530cac._.js:3127
[  123201ms] [ERROR] ./app/(root)/catalogue/page.tsx:15:7
Parsing ecmascript source code failed
  13 |         </section>
  14 |
> 15 |     </main>
     |       ^^^^
  16 |   )
  17 | }
  18 |

Expected corresponding JSX closing tag for <div> @ http://localhost:3000/_next/static/chunks/node_modules_next_dist_f3530cac._.js:3127
[  123279ms] [ERROR] ./app/(root)/catalogue/page.tsx:15:7
Parsing ecmascript source code failed
  13 |         </section>
  14 |
> 15 |     </main>
     |       ^^^^
  16 |   )
  17 | }
  18 |

Expected corresponding JSX closing tag for <div> @ http://localhost:3000/_next/static/chunks/node_modules_next_dist_f3530cac._.js:3127
[  123354ms] [ERROR] ./app/(root)/catalogue/page.tsx:15:7
Parsing ecmascript source code failed
  13 |         </section>
  14 |
> 15 |     </main>
     |       ^^^^
  16 |   )
  17 | }
  18 |

Expected corresponding JSX closing tag for <div> @ http://localhost:3000/_next/static/chunks/node_modules_next_dist_f3530cac._.js:3127
[  123434ms] [ERROR] ./app/(root)/catalogue/page.tsx:15:7
Parsing ecmascript source code failed
  13 |         </section>
  14 |
> 15 |     </main>
     |       ^^^^
  16 |   )
  17 | }
  18 |

Expected corresponding JSX closing tag for <div> @ http://localhost:3000/_next/static/chunks/node_modules_next_dist_f3530cac._.js:3127
[  123511ms] [ERROR] ./app/(root)/catalogue/page.tsx:15:7
Parsing ecmascript source code failed
  13 |         </section>
  14 |
> 15 |     </main>
     |       ^^^^
  16 |   )
  17 | }
  18 |

Expected corresponding JSX closing tag for <div> @ http://localhost:3000/_next/static/chunks/node_modules_next_dist_f3530cac._.js:3127
[  123587ms] [ERROR] ./app/(root)/catalogue/page.tsx:15:7
Parsing ecmascript source code failed
  13 |         </section>
  14 |
> 15 |     </main>
     |       ^^^^
  16 |   )
  17 | }
  18 |

Expected corresponding JSX closing tag for <div> @ http://localhost:3000/_next/static/chunks/node_modules_next_dist_f3530cac._.js:3127
[  123666ms] [ERROR] ./app/(root)/catalogue/page.tsx:15:7
Parsing ecmascript source code failed
  13 |         </section>
  14 |
> 15 |     </main>
     |       ^^^^
  16 |   )
  17 | }
  18 |

Expected corresponding JSX closing tag for <div> @ http://localhost:3000/_next/static/chunks/node_modules_next_dist_f3530cac._.js:3127
[  123742ms] [ERROR] ./app/(root)/catalogue/page.tsx:15:7
Parsing ecmascript source code failed
  13 |         </section>
  14 |
> 15 |     </main>
     |       ^^^^
  16 |   )
  17 | }
  18 |

Expected corresponding JSX closing tag for <div> @ http://localhost:3000/_next/static/chunks/node_modules_next_dist_f3530cac._.js:3127
[  123819ms] [ERROR] ./app/(root)/catalogue/page.tsx:15:7
Parsing ecmascript source code failed
  13 |         </section>
  14 |
> 15 |     </main>
     |       ^^^^
  16 |   )
  17 | }
  18 |

Expected corresponding JSX closing tag for <div> @ http://localhost:3000/_next/static/chunks/node_modules_next_dist_f3530cac._.js:3127
[  123898ms] [ERROR] ./app/(root)/catalogue/page.tsx:15:7
Parsing ecmascript source code failed
  13 |         </section>
  14 |
> 15 |     </main>
     |       ^^^^
  16 |   )
  17 | }
  18 |

Expected corresponding JSX closing tag for <div> @ http://localhost:3000/_next/static/chunks/node_modules_next_dist_f3530cac._.js:3127
[  123976ms] [ERROR] ./app/(root)/catalogue/page.tsx:15:7
Parsing ecmascript source code failed
  13 |         </section>
  14 |
> 15 |     </main>
     |       ^^^^
  16 |   )
  17 | }
  18 |

Expected corresponding JSX closing tag for <div> @ http://localhost:3000/_next/static/chunks/node_modules_next_dist_f3530cac._.js:3127
[  124051ms] [ERROR] ./app/(root)/catalogue/page.tsx:15:7
Parsing ecmascript source code failed
  13 |         </section>
  14 |
> 15 |     </main>
     |       ^^^^
  16 |   )
  17 | }
  18 |

Expected corresponding JSX closing tag for <div> @ http://localhost:3000/_next/static/chunks/node_modules_next_dist_f3530cac._.js:3127
[  124113ms] [ERROR] ./app/(root)/catalogue/page.tsx:15:7
Parsing ecmascript source code failed
  13 |         </section>
  14 |
> 15 |     </main>
     |       ^^^^
  16 |   )
  17 | }
  18 |

Expected corresponding JSX closing tag for <div> @ http://localhost:3000/_next/static/chunks/node_modules_next_dist_f3530cac._.js:3127
[  124176ms] [ERROR] ./app/(root)/catalogue/page.tsx:15:7
Parsing ecmascript source code failed
  13 |         </section>
  14 |
> 15 |     </main>
     |       ^^^^
  16 |   )
  17 | }
  18 |

Expected corresponding JSX closing tag for <div> @ http://localhost:3000/_next/static/chunks/node_modules_next_dist_f3530cac._.js:3127
[  124255ms] [ERROR] ./app/(root)/catalogue/page.tsx:15:7
Parsing ecmascript source code failed
  13 |         </section>
  14 |
> 15 |     </main>
     |       ^^^^
  16 |   )
  17 | }
  18 |

Expected corresponding JSX closing tag for <div> @ http://localhost:3000/_next/static/chunks/node_modules_next_dist_f3530cac._.js:3127
[  124332ms] [ERROR] ./app/(root)/catalogue/page.tsx:15:7
Parsing ecmascript source code failed
  13 |         </section>
  14 |
> 15 |     </main>
     |       ^^^^
  16 |   )
  17 | }
  18 |

Expected corresponding JSX closing tag for <div> @ http://localhost:3000/_next/static/chunks/node_modules_next_dist_f3530cac._.js:3127
[  124397ms] [ERROR] ./app/(root)/catalogue/page.tsx:15:7
Parsing ecmascript source code failed
  13 |         </section>
  14 |
> 15 |     </main>
     |       ^^^^
  16 |   )
  17 | }
  18 |

Expected corresponding JSX closing tag for <div> @ http://localhost:3000/_next/static/chunks/node_modules_next_dist_f3530cac._.js:3127
[  124474ms] [ERROR] ./app/(root)/catalogue/page.tsx:15:7
Parsing ecmascript source code failed
  13 |         </section>
  14 |
> 15 |     </main>
     |       ^^^^
  16 |   )
  17 | }
  18 |

Expected corresponding JSX closing tag for <div> @ http://localhost:3000/_next/static/chunks/node_modules_next_dist_f3530cac._.js:3127
[  124554ms] [ERROR] ./app/(root)/catalogue/page.tsx:15:7
Parsing ecmascript source code failed
  13 |         </section>
  14 |
> 15 |     </main>
     |       ^^^^
  16 |   )
  17 | }
  18 |

Expected corresponding JSX closing tag for <div> @ http://localhost:3000/_next/static/chunks/node_modules_next_dist_f3530cac._.js:3127
[  124633ms] [ERROR] ./app/(root)/catalogue/page.tsx:15:7
Parsing ecmascript source code failed
  13 |         </section>
  14 |
> 15 |     </main>
     |       ^^^^
  16 |   )
  17 | }
  18 |

Expected corresponding JSX closing tag for <div> @ http://localhost:3000/_next/static/chunks/node_modules_next_dist_f3530cac._.js:3127
[  124706ms] [ERROR] ./app/(root)/catalogue/page.tsx:15:7
Parsing ecmascript source code failed
  13 |         </section>
  14 |
> 15 |     </main>
     |       ^^^^
  16 |   )
  17 | }
  18 |

Expected corresponding JSX closing tag for <div> @ http://localhost:3000/_next/static/chunks/node_modules_next_dist_f3530cac._.js:3127
[  124785ms] [ERROR] ./app/(root)/catalogue/page.tsx:15:7
Parsing ecmascript source code failed
  13 |         </section>
  14 |
> 15 |     </main>
     |       ^^^^
  16 |   )
  17 | }
  18 |

Expected corresponding JSX closing tag for <div> @ http://localhost:3000/_next/static/chunks/node_modules_next_dist_f3530cac._.js:3127
[  124862ms] [ERROR] ./app/(root)/catalogue/page.tsx:15:7
Parsing ecmascript source code failed
  13 |         </section>
  14 |
> 15 |     </main>
     |       ^^^^
  16 |   )
  17 | }
  18 |

Expected corresponding JSX closing tag for <div> @ http://localhost:3000/_next/static/chunks/node_modules_next_dist_f3530cac._.js:3127
[  124942ms] [ERROR] ./app/(root)/catalogue/page.tsx:15:7
Parsing ecmascript source code failed
  13 |         </section>
  14 |
> 15 |     </main>
     |       ^^^^
  16 |   )
  17 | }
  18 |

Expected corresponding JSX closing tag for <div> @ http://localhost:3000/_next/static/chunks/node_modules_next_dist_f3530cac._.js:3127
[  125020ms] [ERROR] ./app/(root)/catalogue/page.tsx:15:7
Parsing ecmascript source code failed
  13 |         </section>
  14 |
> 15 |     </main>
     |       ^^^^
  16 |   )
  17 | }
  18 |

Expected corresponding JSX closing tag for <div> @ http://localhost:3000/_next/static/chunks/node_modules_next_dist_f3530cac._.js:3127
[  125098ms] [ERROR] ./app/(root)/catalogue/page.tsx:15:7
Parsing ecmascript source code failed
  13 |         </section>
  14 |
> 15 |     </main>
     |       ^^^^
  16 |   )
  17 | }
  18 |

Expected corresponding JSX closing tag for <div> @ http://localhost:3000/_next/static/chunks/node_modules_next_dist_f3530cac._.js:3127
[  125176ms] [ERROR] ./app/(root)/catalogue/page.tsx:15:7
Parsing ecmascript source code failed
  13 |         </section>
  14 |
> 15 |     </main>
     |       ^^^^
  16 |   )
  17 | }
  18 |

Expected corresponding JSX closing tag for <div> @ http://localhost:3000/_next/static/chunks/node_modules_next_dist_f3530cac._.js:3127
[  125253ms] [ERROR] ./app/(root)/catalogue/page.tsx:15:7
Parsing ecmascript source code failed
  13 |         </section>
  14 |
> 15 |     </main>
     |       ^^^^
  16 |   )
  17 | }
  18 |

Expected corresponding JSX closing tag for <div> @ http://localhost:3000/_next/static/chunks/node_modules_next_dist_f3530cac._.js:3127
[  125332ms] [ERROR] ./app/(root)/catalogue/page.tsx:15:7
Parsing ecmascript source code failed
  13 |         </section>
  14 |
> 15 |     </main>
     |       ^^^^
  16 |   )
  17 | }
  18 |

Expected corresponding JSX closing tag for <div> @ http://localhost:3000/_next/static/chunks/node_modules_next_dist_f3530cac._.js:3127
[  125408ms] [ERROR] ./app/(root)/catalogue/page.tsx:15:7
Parsing ecmascript source code failed
  13 |         </section>
  14 |
> 15 |     </main>
     |       ^^^^
  16 |   )
  17 | }
  18 |

Expected corresponding JSX closing tag for <div> @ http://localhost:3000/_next/static/chunks/node_modules_next_dist_f3530cac._.js:3127
[  125485ms] [ERROR] ./app/(root)/catalogue/page.tsx:15:7
Parsing ecmascript source code failed
  13 |         </section>
  14 |
> 15 |     </main>
     |       ^^^^
  16 |   )
  17 | }
  18 |

Expected corresponding JSX closing tag for <div> @ http://localhost:3000/_next/static/chunks/node_modules_next_dist_f3530cac._.js:3127
[  125550ms] [ERROR] ./app/(root)/catalogue/page.tsx:15:7
Parsing ecmascript source code failed
  13 |         </section>
  14 |
> 15 |     </main>
     |       ^^^^
  16 |   )
  17 | }
  18 |

Expected corresponding JSX closing tag for <div> @ http://localhost:3000/_next/static/chunks/node_modules_next_dist_f3530cac._.js:3127
[  125632ms] [ERROR] ./app/(root)/catalogue/page.tsx:15:7
Parsing ecmascript source code failed
  13 |         </section>
  14 |
> 15 |     </main>
     |       ^^^^
  16 |   )
  17 | }
  18 |

Expected corresponding JSX closing tag for <div> @ http://localhost:3000/_next/static/chunks/node_modules_next_dist_f3530cac._.js:3127
[  125705ms] [ERROR] ./app/(root)/catalogue/page.tsx:15:7
Parsing ecmascript source code failed
  13 |         </section>
  14 |
> 15 |     </main>
     |       ^^^^
  16 |   )
  17 | }
  18 |

Expected corresponding JSX closing tag for <div> @ http://localhost:3000/_next/static/chunks/node_modules_next_dist_f3530cac._.js:3127
[  125768ms] [ERROR] ./app/(root)/catalogue/page.tsx:15:7
Parsing ecmascript source code failed
  13 |         </section>
  14 |
> 15 |     </main>
     |       ^^^^
  16 |   )
  17 | }
  18 |

Expected corresponding JSX closing tag for <div> @ http://localhost:3000/_next/static/chunks/node_modules_next_dist_f3530cac._.js:3127
[  125846ms] [ERROR] ./app/(root)/catalogue/page.tsx:15:7
Parsing ecmascript source code failed
  13 |         </section>
  14 |
> 15 |     </main>
     |       ^^^^
  16 |   )
  17 | }
  18 |

Expected corresponding JSX closing tag for <div> @ http://localhost:3000/_next/static/chunks/node_modules_next_dist_f3530cac._.js:3127
[  125938ms] [ERROR] ./app/(root)/catalogue/page.tsx:15:7
Parsing ecmascript source code failed
  13 |         </section>
  14 |
> 15 |     </main>
     |       ^^^^
  16 |   )
  17 | }
  18 |

Expected corresponding JSX closing tag for <div> @ http://localhost:3000/_next/static/chunks/node_modules_next_dist_f3530cac._.js:3127
[  126015ms] [ERROR] ./app/(root)/catalogue/page.tsx:15:7
Parsing ecmascript source code failed
  13 |         </section>
  14 |
> 15 |     </main>
     |       ^^^^
  16 |   )
  17 | }
  18 |

Expected corresponding JSX closing tag for <div> @ http://localhost:3000/_next/static/chunks/node_modules_next_dist_f3530cac._.js:3127
[  126077ms] [ERROR] ./app/(root)/catalogue/page.tsx:15:7
Parsing ecmascript source code failed
  13 |         </section>
  14 |
> 15 |     </main>
     |       ^^^^
  16 |   )
  17 | }
  18 |

Expected corresponding JSX closing tag for <div> @ http://localhost:3000/_next/static/chunks/node_modules_next_dist_f3530cac._.js:3127
[  126171ms] [ERROR] ./app/(root)/catalogue/page.tsx:15:7
Parsing ecmascript source code failed
  13 |         </section>
  14 |
> 15 |     </main>
     |       ^^^^
  16 |   )
  17 | }
  18 |

Expected corresponding JSX closing tag for <div> @ http://localhost:3000/_next/static/chunks/node_modules_next_dist_f3530cac._.js:3127
[  126264ms] [ERROR] ./app/(root)/catalogue/page.tsx:15:7
Parsing ecmascript source code failed
  13 |         </section>
  14 |
> 15 |     </main>
     |       ^^^^
  16 |   )
  17 | }
  18 |

Expected corresponding JSX closing tag for <div> @ http://localhost:3000/_next/static/chunks/node_modules_next_dist_f3530cac._.js:3127
[  126354ms] [ERROR] ./app/(root)/catalogue/page.tsx:15:7
Parsing ecmascript source code failed
  13 |         </section>
  14 |
> 15 |     </main>
     |       ^^^^
  16 |   )
  17 | }
  18 |

Expected corresponding JSX closing tag for <div> @ http://localhost:3000/_next/static/chunks/node_modules_next_dist_f3530cac._.js:3127
[  126430ms] [ERROR] ./app/(root)/catalogue/page.tsx:15:7
Parsing ecmascript source code failed
  13 |         </section>
  14 |
> 15 |     </main>
     |       ^^^^
  16 |   )
  17 | }
  18 |

Expected corresponding JSX closing tag for <div> @ http://localhost:3000/_next/static/chunks/node_modules_next_dist_f3530cac._.js:3127
[  126509ms] [ERROR] ./app/(root)/catalogue/page.tsx:15:7
Parsing ecmascript source code failed
  13 |         </section>
  14 |
> 15 |     </main>
     |       ^^^^
  16 |   )
  17 | }
  18 |

Expected corresponding JSX closing tag for <div> @ http://localhost:3000/_next/static/chunks/node_modules_next_dist_f3530cac._.js:3127
[  126570ms] [ERROR] ./app/(root)/catalogue/page.tsx:15:7
Parsing ecmascript source code failed
  13 |         </section>
  14 |
> 15 |     </main>
     |       ^^^^
  16 |   )
  17 | }
  18 |

Expected corresponding JSX closing tag for <div> @ http://localhost:3000/_next/static/chunks/node_modules_next_dist_f3530cac._.js:3127
[  126650ms] [ERROR] ./app/(root)/catalogue/page.tsx:15:7
Parsing ecmascript source code failed
  13 |         </section>
  14 |
> 15 |     </main>
     |       ^^^^
  16 |   )
  17 | }
  18 |

Expected corresponding JSX closing tag for <div> @ http://localhost:3000/_next/static/chunks/node_modules_next_dist_f3530cac._.js:3127
[  126726ms] [ERROR] ./app/(root)/catalogue/page.tsx:15:7
Parsing ecmascript source code failed
  13 |         </section>
  14 |
> 15 |     </main>
     |       ^^^^
  16 |   )
  17 | }
  18 |

Expected corresponding JSX closing tag for <div> @ http://localhost:3000/_next/static/chunks/node_modules_next_dist_f3530cac._.js:3127
[  126808ms] [ERROR] ./app/(root)/catalogue/page.tsx:15:7
Parsing ecmascript source code failed
  13 |         </section>
  14 |
> 15 |     </main>
     |       ^^^^
  16 |   )
  17 | }
  18 |

Expected corresponding JSX closing tag for <div> @ http://localhost:3000/_next/static/chunks/node_modules_next_dist_f3530cac._.js:3127
[  126885ms] [ERROR] ./app/(root)/catalogue/page.tsx:15:7
Parsing ecmascript source code failed
  13 |         </section>
  14 |
> 15 |     </main>
     |       ^^^^
  16 |   )
  17 | }
  18 |

Expected corresponding JSX closing tag for <div> @ http://localhost:3000/_next/static/chunks/node_modules_next_dist_f3530cac._.js:3127
[  126963ms] [ERROR] ./app/(root)/catalogue/page.tsx:15:7
Parsing ecmascript source code failed
  13 |         </section>
  14 |
> 15 |     </main>
     |       ^^^^
  16 |   )
  17 | }
  18 |

Expected corresponding JSX closing tag for <div> @ http://localhost:3000/_next/static/chunks/node_modules_next_dist_f3530cac._.js:3127
[  127041ms] [ERROR] ./app/(root)/catalogue/page.tsx:15:7
Parsing ecmascript source code failed
  13 |         </section>
  14 |
> 15 |     </main>
     |       ^^^^
  16 |   )
  17 | }
  18 |

Expected corresponding JSX closing tag for <div> @ http://localhost:3000/_next/static/chunks/node_modules_next_dist_f3530cac._.js:3127
[  127131ms] [ERROR] ./app/(root)/catalogue/page.tsx:15:7
Parsing ecmascript source code failed
  13 |         </section>
  14 |
> 15 |     </main>
     |       ^^^^
  16 |   )
  17 | }
  18 |

Expected corresponding JSX closing tag for <div> @ http://localhost:3000/_next/static/chunks/node_modules_next_dist_f3530cac._.js:3127
[  127193ms] [ERROR] ./app/(root)/catalogue/page.tsx:15:7
Parsing ecmascript source code failed
  13 |         </section>
  14 |
> 15 |     </main>
     |       ^^^^
  16 |   )
  17 | }
  18 |

Expected corresponding JSX closing tag for <div> @ http://localhost:3000/_next/static/chunks/node_modules_next_dist_f3530cac._.js:3127
[  127255ms] [ERROR] ./app/(root)/catalogue/page.tsx:15:7
Parsing ecmascript source code failed
  13 |         </section>
  14 |
> 15 |     </main>
     |       ^^^^
  16 |   )
  17 | }
  18 |

Expected corresponding JSX closing tag for <div> @ http://localhost:3000/_next/static/chunks/node_modules_next_dist_f3530cac._.js:3127
[  127318ms] [ERROR] ./app/(root)/catalogue/page.tsx:15:7
Parsing ecmascript source code failed
  13 |         </section>
  14 |
> 15 |     </main>
     |       ^^^^
  16 |   )
  17 | }
  18 |

Expected corresponding JSX closing tag for <div> @ http://localhost:3000/_next/static/chunks/node_modules_next_dist_f3530cac._.js:3127
[  127395ms] [ERROR] ./app/(root)/catalogue/page.tsx:15:7
Parsing ecmascript source code failed
  13 |         </section>
  14 |
> 15 |     </main>
     |       ^^^^
  16 |   )
  17 | }
  18 |

Expected corresponding JSX closing tag for <div> @ http://localhost:3000/_next/static/chunks/node_modules_next_dist_f3530cac._.js:3127
[  127472ms] [ERROR] ./app/(root)/catalogue/page.tsx:15:7
Parsing ecmascript source code failed
  13 |         </section>
  14 |
> 15 |     </main>
     |       ^^^^
  16 |   )
  17 | }
  18 |

Expected corresponding JSX closing tag for <div> @ http://localhost:3000/_next/static/chunks/node_modules_next_dist_f3530cac._.js:3127
[  127551ms] [ERROR] ./app/(root)/catalogue/page.tsx:15:7
Parsing ecmascript source code failed
  13 |         </section>
  14 |
> 15 |     </main>
     |       ^^^^
  16 |   )
  17 | }
  18 |

Expected corresponding JSX closing tag for <div> @ http://localhost:3000/_next/static/chunks/node_modules_next_dist_f3530cac._.js:3127
[  127626ms] [ERROR] ./app/(root)/catalogue/page.tsx:15:7
Parsing ecmascript source code failed
  13 |         </section>
  14 |
> 15 |     </main>
     |       ^^^^
  16 |   )
  17 | }
  18 |

Expected corresponding JSX closing tag for <div> @ http://localhost:3000/_next/static/chunks/node_modules_next_dist_f3530cac._.js:3127
[  127706ms] [ERROR] ./app/(root)/catalogue/page.tsx:15:7
Parsing ecmascript source code failed
  13 |         </section>
  14 |
> 15 |     </main>
     |       ^^^^
  16 |   )
  17 | }
  18 |

Expected corresponding JSX closing tag for <div> @ http://localhost:3000/_next/static/chunks/node_modules_next_dist_f3530cac._.js:3127
[  127782ms] [ERROR] ./app/(root)/catalogue/page.tsx:15:7
Parsing ecmascript source code failed
  13 |         </section>
  14 |
> 15 |     </main>
     |       ^^^^
  16 |   )
  17 | }
  18 |

Expected corresponding JSX closing tag for <div> @ http://localhost:3000/_next/static/chunks/node_modules_next_dist_f3530cac._.js:3127
[  127850ms] [ERROR] ./app/(root)/catalogue/page.tsx:15:7
Parsing ecmascript source code failed
  13 |         </section>
  14 |
> 15 |     </main>
     |       ^^^^
  16 |   )
  17 | }
  18 |

Expected corresponding JSX closing tag for <div> @ http://localhost:3000/_next/static/chunks/node_modules_next_dist_f3530cac._.js:3127
[  127925ms] [ERROR] ./app/(root)/catalogue/page.tsx:15:7
Parsing ecmascript source code failed
  13 |         </section>
  14 |
> 15 |     </main>
     |       ^^^^
  16 |   )
  17 | }
  18 |

Expected corresponding JSX closing tag for <div> @ http://localhost:3000/_next/static/chunks/node_modules_next_dist_f3530cac._.js:3127
[  128019ms] [ERROR] ./app/(root)/catalogue/page.tsx:15:7
Parsing ecmascript source code failed
  13 |         </section>
  14 |
> 15 |     </main>
     |       ^^^^
  16 |   )
  17 | }
  18 |

Expected corresponding JSX closing tag for <div> @ http://localhost:3000/_next/static/chunks/node_modules_next_dist_f3530cac._.js:3127
[  128116ms] [ERROR] ./app/(root)/catalogue/page.tsx:15:7
Parsing ecmascript source code failed
  13 |         </section>
  14 |
> 15 |     </main>
     |       ^^^^
  16 |   )
  17 | }
  18 |

Expected corresponding JSX closing tag for <div> @ http://localhost:3000/_next/static/chunks/node_modules_next_dist_f3530cac._.js:3127
[  128187ms] [ERROR] ./app/(root)/catalogue/page.tsx:15:7
Parsing ecmascript source code failed
  13 |         </section>
  14 |
> 15 |     </main>
     |       ^^^^
  16 |   )
  17 | }
  18 |

Expected corresponding JSX closing tag for <div> @ http://localhost:3000/_next/static/chunks/node_modules_next_dist_f3530cac._.js:3127
[  128251ms] [ERROR] ./app/(root)/catalogue/page.tsx:15:7
Parsing ecmascript source code failed
  13 |         </section>
  14 |
> 15 |     </main>
     |       ^^^^
  16 |   )
  17 | }
  18 |

Expected corresponding JSX closing tag for <div> @ http://localhost:3000/_next/static/chunks/node_modules_next_dist_f3530cac._.js:3127
[  128325ms] [ERROR] ./app/(root)/catalogue/page.tsx:15:7
Parsing ecmascript source code failed
  13 |         </section>
  14 |
> 15 |     </main>
     |       ^^^^
  16 |   )
  17 | }
  18 |

Expected corresponding JSX closing tag for <div> @ http://localhost:3000/_next/static/chunks/node_modules_next_dist_f3530cac._.js:3127
[  128405ms] [ERROR] ./app/(root)/catalogue/page.tsx:15:7
Parsing ecmascript source code failed
  13 |         </section>
  14 |
> 15 |     </main>
     |       ^^^^
  16 |   )
  17 | }
  18 |

Expected corresponding JSX closing tag for <div> @ http://localhost:3000/_next/static/chunks/node_modules_next_dist_f3530cac._.js:3127
[  128484ms] [ERROR] ./app/(root)/catalogue/page.tsx:15:7
Parsing ecmascript source code failed
  13 |         </section>
  14 |
> 15 |     </main>
     |       ^^^^
  16 |   )
  17 | }
  18 |

Expected corresponding JSX closing tag for <div> @ http://localhost:3000/_next/static/chunks/node_modules_next_dist_f3530cac._.js:3127
[  128564ms] [ERROR] ./app/(root)/catalogue/page.tsx:15:7
Parsing ecmascript source code failed
  13 |         </section>
  14 |
> 15 |     </main>
     |       ^^^^
  16 |   )
  17 | }
  18 |

Expected corresponding JSX closing tag for <div> @ http://localhost:3000/_next/static/chunks/node_modules_next_dist_f3530cac._.js:3127
[  128637ms] [ERROR] ./app/(root)/catalogue/page.tsx:15:7
Parsing ecmascript source code failed
  13 |         </section>
  14 |
> 15 |     </main>
     |       ^^^^
  16 |   )
  17 | }
  18 |

Expected corresponding JSX closing tag for <div> @ http://localhost:3000/_next/static/chunks/node_modules_next_dist_f3530cac._.js:3127
[  128698ms] [ERROR] ./app/(root)/catalogue/page.tsx:15:7
Parsing ecmascript source code failed
  13 |         </section>
  14 |
> 15 |     </main>
     |       ^^^^
  16 |   )
  17 | }
  18 |

Expected corresponding JSX closing tag for <div> @ http://localhost:3000/_next/static/chunks/node_modules_next_dist_f3530cac._.js:3127
[  128761ms] [ERROR] ./app/(root)/catalogue/page.tsx:15:7
Parsing ecmascript source code failed
  13 |         </section>
  14 |
> 15 |     </main>
     |       ^^^^
  16 |   )
  17 | }
  18 |

Expected corresponding JSX closing tag for <div> @ http://localhost:3000/_next/static/chunks/node_modules_next_dist_f3530cac._.js:3127
[  128856ms] [ERROR] ./app/(root)/catalogue/page.tsx:15:7
Parsing ecmascript source code failed
  13 |         </section>
  14 |
> 15 |     </main>
     |       ^^^^
  16 |   )
  17 | }
  18 |

Expected corresponding JSX closing tag for <div> @ http://localhost:3000/_next/static/chunks/node_modules_next_dist_f3530cac._.js:3127
[  128946ms] [ERROR] ./app/(root)/catalogue/page.tsx:15:7
Parsing ecmascript source code failed
  13 |         </section>
  14 |
> 15 |     </main>
     |       ^^^^
  16 |   )
  17 | }
  18 |

Expected corresponding JSX closing tag for <div> @ http://localhost:3000/_next/static/chunks/node_modules_next_dist_f3530cac._.js:3127
[  129040ms] [ERROR] ./app/(root)/catalogue/page.tsx:15:7
Parsing ecmascript source code failed
  13 |         </section>
  14 |
> 15 |     </main>
     |       ^^^^
  16 |   )
  17 | }
  18 |

Expected corresponding JSX closing tag for <div> @ http://localhost:3000/_next/static/chunks/node_modules_next_dist_f3530cac._.js:3127
[  129117ms] [ERROR] ./app/(root)/catalogue/page.tsx:15:7
Parsing ecmascript source code failed
  13 |         </section>
  14 |
> 15 |     </main>
     |       ^^^^
  16 |   )
  17 | }
  18 |

Expected corresponding JSX closing tag for <div> @ http://localhost:3000/_next/static/chunks/node_modules_next_dist_f3530cac._.js:3127
[  129218ms] [ERROR] ./app/(root)/catalogue/page.tsx:15:7
Parsing ecmascript source code failed
  13 |         </section>
  14 |
> 15 |     </main>
     |       ^^^^
  16 |   )
  17 | }
  18 |

Expected corresponding JSX closing tag for <div> @ http://localhost:3000/_next/static/chunks/node_modules_next_dist_f3530cac._.js:3127
[  129288ms] [ERROR] ./app/(root)/catalogue/page.tsx:15:7
Parsing ecmascript source code failed
  13 |         </section>
  14 |
> 15 |     </main>
     |       ^^^^
  16 |   )
  17 | }
  18 |

Expected corresponding JSX closing tag for <div> @ http://localhost:3000/_next/static/chunks/node_modules_next_dist_f3530cac._.js:3127
[  129361ms] [ERROR] ./app/(root)/catalogue/page.tsx:15:7
Parsing ecmascript source code failed
  13 |         </section>
  14 |
> 15 |     </main>
     |       ^^^^
  16 |   )
  17 | }
  18 |

Expected corresponding JSX closing tag for <div> @ http://localhost:3000/_next/static/chunks/node_modules_next_dist_f3530cac._.js:3127
[  129438ms] [ERROR] ./app/(root)/catalogue/page.tsx:15:7
Parsing ecmascript source code failed
  13 |         </section>
  14 |
> 15 |     </main>
     |       ^^^^
  16 |   )
  17 | }
  18 |

Expected corresponding JSX closing tag for <div> @ http://localhost:3000/_next/static/chunks/node_modules_next_dist_f3530cac._.js:3127
[  129517ms] [ERROR] ./app/(root)/catalogue/page.tsx:15:7
Parsing ecmascript source code failed
  13 |         </section>
  14 |
> 15 |     </main>
     |       ^^^^
  16 |   )
  17 | }
  18 |

Expected corresponding JSX closing tag for <div> @ http://localhost:3000/_next/static/chunks/node_modules_next_dist_f3530cac._.js:3127
[  129597ms] [ERROR] ./app/(root)/catalogue/page.tsx:15:7
Parsing ecmascript source code failed
  13 |         </section>
  14 |
> 15 |     </main>
     |       ^^^^
  16 |   )
  17 | }
  18 |

Expected corresponding JSX closing tag for <div> @ http://localhost:3000/_next/static/chunks/node_modules_next_dist_f3530cac._.js:3127
[  129671ms] [ERROR] ./app/(root)/catalogue/page.tsx:15:7
Parsing ecmascript source code failed
  13 |         </section>
  14 |
> 15 |     </main>
     |       ^^^^
  16 |   )
  17 | }
  18 |

Expected corresponding JSX closing tag for <div> @ http://localhost:3000/_next/static/chunks/node_modules_next_dist_f3530cac._.js:3127
[  129763ms] [ERROR] ./app/(root)/catalogue/page.tsx:15:7
Parsing ecmascript source code failed
  13 |         </section>
  14 |
> 15 |     </main>
     |       ^^^^
  16 |   )
  17 | }
  18 |

Expected corresponding JSX closing tag for <div> @ http://localhost:3000/_next/static/chunks/node_modules_next_dist_f3530cac._.js:3127
[  129840ms] [ERROR] ./app/(root)/catalogue/page.tsx:15:7
Parsing ecmascript source code failed
  13 |         </section>
  14 |
> 15 |     </main>
     |       ^^^^
  16 |   )
  17 | }
  18 |

Expected corresponding JSX closing tag for <div> @ http://localhost:3000/_next/static/chunks/node_modules_next_dist_f3530cac._.js:3127
[  129916ms] [ERROR] ./app/(root)/catalogue/page.tsx:15:7
Parsing ecmascript source code failed
  13 |         </section>
  14 |
> 15 |     </main>
     |       ^^^^
  16 |   )
  17 | }
  18 |

Expected corresponding JSX closing tag for <div> @ http://localhost:3000/_next/static/chunks/node_modules_next_dist_f3530cac._.js:3127
[  129994ms] [ERROR] ./app/(root)/catalogue/page.tsx:15:7
Parsing ecmascript source code failed
  13 |         </section>
  14 |
> 15 |     </main>
     |       ^^^^
  16 |   )
  17 | }
  18 |

Expected corresponding JSX closing tag for <div> @ http://localhost:3000/_next/static/chunks/node_modules_next_dist_f3530cac._.js:3127
[  130072ms] [ERROR] ./app/(root)/catalogue/page.tsx:15:7
Parsing ecmascript source code failed
  13 |         </section>
  14 |
> 15 |     </main>
     |       ^^^^
  16 |   )
  17 | }
  18 |

Expected corresponding JSX closing tag for <div> @ http://localhost:3000/_next/static/chunks/node_modules_next_dist_f3530cac._.js:3127
[  130156ms] [ERROR] ./app/(root)/catalogue/page.tsx:15:7
Parsing ecmascript source code failed
  13 |         </section>
  14 |
> 15 |     </main>
     |       ^^^^
  16 |   )
  17 | }
  18 |

Expected corresponding JSX closing tag for <div> @ http://localhost:3000/_next/static/chunks/node_modules_next_dist_f3530cac._.js:3127
[  130240ms] [ERROR] ./app/(root)/catalogue/page.tsx:15:7
Parsing ecmascript source code failed
  13 |         </section>
  14 |
> 15 |     </main>
     |       ^^^^
  16 |   )
  17 | }
  18 |

Expected corresponding JSX closing tag for <div> @ http://localhost:3000/_next/static/chunks/node_modules_next_dist_f3530cac._.js:3127
[  130318ms] [ERROR] ./app/(root)/catalogue/page.tsx:15:7
Parsing ecmascript source code failed
  13 |         </section>
  14 |
> 15 |     </main>
     |       ^^^^
  16 |   )
  17 | }
  18 |

Expected corresponding JSX closing tag for <div> @ http://localhost:3000/_next/static/chunks/node_modules_next_dist_f3530cac._.js:3127
[  130377ms] [ERROR] ./app/(root)/catalogue/page.tsx:15:7
Parsing ecmascript source code failed
  13 |         </section>
  14 |
> 15 |     </main>
     |       ^^^^
  16 |   )
  17 | }
  18 |

Expected corresponding JSX closing tag for <div> @ http://localhost:3000/_next/static/chunks/node_modules_next_dist_f3530cac._.js:3127
[  130439ms] [ERROR] ./app/(root)/catalogue/page.tsx:15:7
Parsing ecmascript source code failed
  13 |         </section>
  14 |
> 15 |     </main>
     |       ^^^^
  16 |   )
  17 | }
  18 |

Expected corresponding JSX closing tag for <div> @ http://localhost:3000/_next/static/chunks/node_modules_next_dist_f3530cac._.js:3127
[  130518ms] [ERROR] ./app/(root)/catalogue/page.tsx:15:7
Parsing ecmascript source code failed
  13 |         </section>
  14 |
> 15 |     </main>
     |       ^^^^
  16 |   )
  17 | }
  18 |

Expected corresponding JSX closing tag for <div> @ http://localhost:3000/_next/static/chunks/node_modules_next_dist_f3530cac._.js:3127
[  130594ms] [ERROR] ./app/(root)/catalogue/page.tsx:15:7
Parsing ecmascript source code failed
  13 |         </section>
  14 |
> 15 |     </main>
     |       ^^^^
  16 |   )
  17 | }
  18 |

Expected corresponding JSX closing tag for <div> @ http://localhost:3000/_next/static/chunks/node_modules_next_dist_f3530cac._.js:3127
[  130656ms] [ERROR] ./app/(root)/catalogue/page.tsx:15:7
Parsing ecmascript source code failed
  13 |         </section>
  14 |
> 15 |     </main>
     |       ^^^^
  16 |   )
  17 | }
  18 |

Expected corresponding JSX closing tag for <div> @ http://localhost:3000/_next/static/chunks/node_modules_next_dist_f3530cac._.js:3127
[  130719ms] [ERROR] ./app/(root)/catalogue/page.tsx:15:7
Parsing ecmascript source code failed
  13 |         </section>
  14 |
> 15 |     </main>
     |       ^^^^
  16 |   )
  17 | }
  18 |

Expected corresponding JSX closing tag for <div> @ http://localhost:3000/_next/static/chunks/node_modules_next_dist_f3530cac._.js:3127
[  130799ms] [ERROR] ./app/(root)/catalogue/page.tsx:15:7
Parsing ecmascript source code failed
  13 |         </section>
  14 |
> 15 |     </main>
     |       ^^^^
  16 |   )
  17 | }
  18 |

Expected corresponding JSX closing tag for <div> @ http://localhost:3000/_next/static/chunks/node_modules_next_dist_f3530cac._.js:3127
[  130874ms] [ERROR] ./app/(root)/catalogue/page.tsx:15:7
Parsing ecmascript source code failed
  13 |         </section>
  14 |
> 15 |     </main>
     |       ^^^^
  16 |   )
  17 | }
  18 |

Expected corresponding JSX closing tag for <div> @ http://localhost:3000/_next/static/chunks/node_modules_next_dist_f3530cac._.js:3127
[  130936ms] [ERROR] ./app/(root)/catalogue/page.tsx:15:7
Parsing ecmascript source code failed
  13 |         </section>
  14 |
> 15 |     </main>
     |       ^^^^
  16 |   )
  17 | }
  18 |

Expected corresponding JSX closing tag for <div> @ http://localhost:3000/_next/static/chunks/node_modules_next_dist_f3530cac._.js:3127
[  131015ms] [ERROR] ./app/(root)/catalogue/page.tsx:15:7
Parsing ecmascript source code failed
  13 |         </section>
  14 |
> 15 |     </main>
     |       ^^^^
  16 |   )
  17 | }
  18 |

Expected corresponding JSX closing tag for <div> @ http://localhost:3000/_next/static/chunks/node_modules_next_dist_f3530cac._.js:3127
[  131092ms] [ERROR] ./app/(root)/catalogue/page.tsx:15:7
Parsing ecmascript source code failed
  13 |         </section>
  14 |
> 15 |     </main>
     |       ^^^^
  16 |   )
  17 | }
  18 |

Expected corresponding JSX closing tag for <div> @ http://localhost:3000/_next/static/chunks/node_modules_next_dist_f3530cac._.js:3127
[  131173ms] [ERROR] ./app/(root)/catalogue/page.tsx:15:7
Parsing ecmascript source code failed
  13 |         </section>
  14 |
> 15 |     </main>
     |       ^^^^
  16 |   )
  17 | }
  18 |

Expected corresponding JSX closing tag for <div> @ http://localhost:3000/_next/static/chunks/node_modules_next_dist_f3530cac._.js:3127
[  131250ms] [ERROR] ./app/(root)/catalogue/page.tsx:15:7
Parsing ecmascript source code failed
  13 |         </section>
  14 |
> 15 |     </main>
     |       ^^^^
  16 |   )
  17 | }
  18 |

Expected corresponding JSX closing tag for <div> @ http://localhost:3000/_next/static/chunks/node_modules_next_dist_f3530cac._.js:3127
[  131329ms] [ERROR] ./app/(root)/catalogue/page.tsx:15:7
Parsing ecmascript source code failed
  13 |         </section>
  14 |
> 15 |     </main>
     |       ^^^^
  16 |   )
  17 | }
  18 |

Expected corresponding JSX closing tag for <div> @ http://localhost:3000/_next/static/chunks/node_modules_next_dist_f3530cac._.js:3127
[  131407ms] [ERROR] ./app/(root)/catalogue/page.tsx:15:7
Parsing ecmascript source code failed
  13 |         </section>
  14 |
> 15 |     </main>
     |       ^^^^
  16 |   )
  17 | }
  18 |

Expected corresponding JSX closing tag for <div> @ http://localhost:3000/_next/static/chunks/node_modules_next_dist_f3530cac._.js:3127
[  131486ms] [ERROR] ./app/(root)/catalogue/page.tsx:15:7
Parsing ecmascript source code failed
  13 |         </section>
  14 |
> 15 |     </main>
     |       ^^^^
  16 |   )
  17 | }
  18 |

Expected corresponding JSX closing tag for <div> @ http://localhost:3000/_next/static/chunks/node_modules_next_dist_f3530cac._.js:3127
[  131561ms] [ERROR] ./app/(root)/catalogue/page.tsx:15:7
Parsing ecmascript source code failed
  13 |         </section>
  14 |
> 15 |     </main>
     |       ^^^^
  16 |   )
  17 | }
  18 |

Expected corresponding JSX closing tag for <div> @ http://localhost:3000/_next/static/chunks/node_modules_next_dist_f3530cac._.js:3127
[  131626ms] [ERROR] ./app/(root)/catalogue/page.tsx:15:7
Parsing ecmascript source code failed
  13 |         </section>
  14 |
> 15 |     </main>
     |       ^^^^
  16 |   )
  17 | }
  18 |

Expected corresponding JSX closing tag for <div> @ http://localhost:3000/_next/static/chunks/node_modules_next_dist_f3530cac._.js:3127
[  131704ms] [ERROR] ./app/(root)/catalogue/page.tsx:15:7
Parsing ecmascript source code failed
  13 |         </section>
  14 |
> 15 |     </main>
     |       ^^^^
  16 |   )
  17 | }
  18 |

Expected corresponding JSX closing tag for <div> @ http://localhost:3000/_next/static/chunks/node_modules_next_dist_f3530cac._.js:3127
[  131786ms] [ERROR] ./app/(root)/catalogue/page.tsx:15:7
Parsing ecmascript source code failed
  13 |         </section>
  14 |
> 15 |     </main>
     |       ^^^^
  16 |   )
  17 | }
  18 |

Expected corresponding JSX closing tag for <div> @ http://localhost:3000/_next/static/chunks/node_modules_next_dist_f3530cac._.js:3127
[  131875ms] [ERROR] ./app/(root)/catalogue/page.tsx:15:7
Parsing ecmascript source code failed
  13 |         </section>
  14 |
> 15 |     </main>
     |       ^^^^
  16 |   )
  17 | }
  18 |

Expected corresponding JSX closing tag for <div> @ http://localhost:3000/_next/static/chunks/node_modules_next_dist_f3530cac._.js:3127
[  131953ms] [ERROR] ./app/(root)/catalogue/page.tsx:15:7
Parsing ecmascript source code failed
  13 |         </section>
  14 |
> 15 |     </main>
     |       ^^^^
  16 |   )
  17 | }
  18 |

Expected corresponding JSX closing tag for <div> @ http://localhost:3000/_next/static/chunks/node_modules_next_dist_f3530cac._.js:3127
[  132033ms] [ERROR] ./app/(root)/catalogue/page.tsx:15:7
Parsing ecmascript source code failed
  13 |         </section>
  14 |
> 15 |     </main>
     |       ^^^^
  16 |   )
  17 | }
  18 |

Expected corresponding JSX closing tag for <div> @ http://localhost:3000/_next/static/chunks/node_modules_next_dist_f3530cac._.js:3127
[  132110ms] [ERROR] ./app/(root)/catalogue/page.tsx:15:7
Parsing ecmascript source code failed
  13 |         </section>
  14 |
> 15 |     </main>
     |       ^^^^
  16 |   )
  17 | }
  18 |

Expected corresponding JSX closing tag for <div> @ http://localhost:3000/_next/static/chunks/node_modules_next_dist_f3530cac._.js:3127
[  132185ms] [ERROR] ./app/(root)/catalogue/page.tsx:15:7
Parsing ecmascript source code failed
  13 |         </section>
  14 |
> 15 |     </main>
     |       ^^^^
  16 |   )
  17 | }
  18 |

Expected corresponding JSX closing tag for <div> @ http://localhost:3000/_next/static/chunks/node_modules_next_dist_f3530cac._.js:3127
[  132264ms] [ERROR] ./app/(root)/catalogue/page.tsx:15:7
Parsing ecmascript source code failed
  13 |         </section>
  14 |
> 15 |     </main>
     |       ^^^^
  16 |   )
  17 | }
  18 |

Expected corresponding JSX closing tag for <div> @ http://localhost:3000/_next/static/chunks/node_modules_next_dist_f3530cac._.js:3127
[  132343ms] [ERROR] ./app/(root)/catalogue/page.tsx:15:7
Parsing ecmascript source code failed
  13 |         </section>
  14 |
> 15 |     </main>
     |       ^^^^
  16 |   )
  17 | }
  18 |

Expected corresponding JSX closing tag for <div> @ http://localhost:3000/_next/static/chunks/node_modules_next_dist_f3530cac._.js:3127
[  132421ms] [ERROR] ./app/(root)/catalogue/page.tsx:15:7
Parsing ecmascript source code failed
  13 |         </section>
  14 |
> 15 |     </main>
     |       ^^^^
  16 |   )
  17 | }
  18 |

Expected corresponding JSX closing tag for <div> @ http://localhost:3000/_next/static/chunks/node_modules_next_dist_f3530cac._.js:3127
[  132502ms] [ERROR] ./app/(root)/catalogue/page.tsx:15:7
Parsing ecmascript source code failed
  13 |         </section>
  14 |
> 15 |     </main>
     |       ^^^^
  16 |   )
  17 | }
  18 |

Expected corresponding JSX closing tag for <div> @ http://localhost:3000/_next/static/chunks/node_modules_next_dist_f3530cac._.js:3127
[  132591ms] [ERROR] ./app/(root)/catalogue/page.tsx:15:7
Parsing ecmascript source code failed
  13 |         </section>
  14 |
> 15 |     </main>
     |       ^^^^
  16 |   )
  17 | }
  18 |

Expected corresponding JSX closing tag for <div> @ http://localhost:3000/_next/static/chunks/node_modules_next_dist_f3530cac._.js:3127
[  132672ms] [ERROR] ./app/(root)/catalogue/page.tsx:15:7
Parsing ecmascript source code failed
  13 |         </section>
  14 |
> 15 |     </main>
     |       ^^^^
  16 |   )
  17 | }
  18 |

Expected corresponding JSX closing tag for <div> @ http://localhost:3000/_next/static/chunks/node_modules_next_dist_f3530cac._.js:3127
[  132748ms] [ERROR] ./app/(root)/catalogue/page.tsx:15:7
Parsing ecmascript source code failed
  13 |         </section>
  14 |
> 15 |     </main>
     |       ^^^^
  16 |   )
  17 | }
  18 |

Expected corresponding JSX closing tag for <div> @ http://localhost:3000/_next/static/chunks/node_modules_next_dist_f3530cac._.js:3127
[  132824ms] [ERROR] ./app/(root)/catalogue/page.tsx:15:7
Parsing ecmascript source code failed
  13 |         </section>
  14 |
> 15 |     </main>
     |       ^^^^
  16 |   )
  17 | }
  18 |

Expected corresponding JSX closing tag for <div> @ http://localhost:3000/_next/static/chunks/node_modules_next_dist_f3530cac._.js:3127
[  132886ms] [ERROR] ./app/(root)/catalogue/page.tsx:15:7
Parsing ecmascript source code failed
  13 |         </section>
  14 |
> 15 |     </main>
     |       ^^^^
  16 |   )
  17 | }
  18 |

Expected corresponding JSX closing tag for <div> @ http://localhost:3000/_next/static/chunks/node_modules_next_dist_f3530cac._.js:3127
[  132950ms] [ERROR] ./app/(root)/catalogue/page.tsx:15:7
Parsing ecmascript source code failed
  13 |         </section>
  14 |
> 15 |     </main>
     |       ^^^^
  16 |   )
  17 | }
  18 |

Expected corresponding JSX closing tag for <div> @ http://localhost:3000/_next/static/chunks/node_modules_next_dist_f3530cac._.js:3127
[  133011ms] [ERROR] ./app/(root)/catalogue/page.tsx:15:7
Parsing ecmascript source code failed
  13 |         </section>
  14 |
> 15 |     </main>
     |       ^^^^
  16 |   )
  17 | }
  18 |

Expected corresponding JSX closing tag for <div> @ http://localhost:3000/_next/static/chunks/node_modules_next_dist_f3530cac._.js:3127
[  133076ms] [ERROR] ./app/(root)/catalogue/page.tsx:15:7
Parsing ecmascript source code failed
  13 |         </section>
  14 |
> 15 |     </main>
     |       ^^^^
  16 |   )
  17 | }
  18 |

Expected corresponding JSX closing tag for <div> @ http://localhost:3000/_next/static/chunks/node_modules_next_dist_f3530cac._.js:3127
[  133154ms] [ERROR] ./app/(root)/catalogue/page.tsx:15:7
Parsing ecmascript source code failed
  13 |         </section>
  14 |
> 15 |     </main>
     |       ^^^^
  16 |   )
  17 | }
  18 |

Expected corresponding JSX closing tag for <div> @ http://localhost:3000/_next/static/chunks/node_modules_next_dist_f3530cac._.js:3127
[  133230ms] [ERROR] ./app/(root)/catalogue/page.tsx:15:7
Parsing ecmascript source code failed
  13 |         </section>
  14 |
> 15 |     </main>
     |       ^^^^
  16 |   )
  17 | }
  18 |

Expected corresponding JSX closing tag for <div> @ http://localhost:3000/_next/static/chunks/node_modules_next_dist_f3530cac._.js:3127
[  133306ms] [ERROR] ./app/(root)/catalogue/page.tsx:15:7
Parsing ecmascript source code failed
  13 |         </section>
  14 |
> 15 |     </main>
     |       ^^^^
  16 |   )
  17 | }
  18 |

Expected corresponding JSX closing tag for <div> @ http://localhost:3000/_next/static/chunks/node_modules_next_dist_f3530cac._.js:3127
[  133369ms] [ERROR] ./app/(root)/catalogue/page.tsx:15:7
Parsing ecmascript source code failed
  13 |         </section>
  14 |
> 15 |     </main>
     |       ^^^^
  16 |   )
  17 | }
  18 |

Expected corresponding JSX closing tag for <div> @ http://localhost:3000/_next/static/chunks/node_modules_next_dist_f3530cac._.js:3127
[  133433ms] [ERROR] ./app/(root)/catalogue/page.tsx:15:7
Parsing ecmascript source code failed
  13 |         </section>
  14 |
> 15 |     </main>
     |       ^^^^
  16 |   )
  17 | }
  18 |

Expected corresponding JSX closing tag for <div> @ http://localhost:3000/_next/static/chunks/node_modules_next_dist_f3530cac._.js:3127
[  133510ms] [ERROR] ./app/(root)/catalogue/page.tsx:15:7
Parsing ecmascript source code failed
  13 |         </section>
  14 |
> 15 |     </main>
     |       ^^^^
  16 |   )
  17 | }
  18 |

Expected corresponding JSX closing tag for <div> @ http://localhost:3000/_next/static/chunks/node_modules_next_dist_f3530cac._.js:3127
[  133588ms] [ERROR] ./app/(root)/catalogue/page.tsx:15:7
Parsing ecmascript source code failed
  13 |         </section>
  14 |
> 15 |     </main>
     |       ^^^^
  16 |   )
  17 | }
  18 |

Expected corresponding JSX closing tag for <div> @ http://localhost:3000/_next/static/chunks/node_modules_next_dist_f3530cac._.js:3127
[  133667ms] [ERROR] ./app/(root)/catalogue/page.tsx:15:7
Parsing ecmascript source code failed
  13 |         </section>
  14 |
> 15 |     </main>
     |       ^^^^
  16 |   )
  17 | }
  18 |

Expected corresponding JSX closing tag for <div> @ http://localhost:3000/_next/static/chunks/node_modules_next_dist_f3530cac._.js:3127
[  133743ms] [ERROR] ./app/(root)/catalogue/page.tsx:15:7
Parsing ecmascript source code failed
  13 |         </section>
  14 |
> 15 |     </main>
     |       ^^^^
  16 |   )
  17 | }
  18 |

Expected corresponding JSX closing tag for <div> @ http://localhost:3000/_next/static/chunks/node_modules_next_dist_f3530cac._.js:3127
[  133824ms] [ERROR] ./app/(root)/catalogue/page.tsx:15:7
Parsing ecmascript source code failed
  13 |         </section>
  14 |
> 15 |     </main>
     |       ^^^^
  16 |   )
  17 | }
  18 |

Expected corresponding JSX closing tag for <div> @ http://localhost:3000/_next/static/chunks/node_modules_next_dist_f3530cac._.js:3127
[  133901ms] [ERROR] ./app/(root)/catalogue/page.tsx:15:7
Parsing ecmascript source code failed
  13 |         </section>
  14 |
> 15 |     </main>
     |       ^^^^
  16 |   )
  17 | }
  18 |

Expected corresponding JSX closing tag for <div> @ http://localhost:3000/_next/static/chunks/node_modules_next_dist_f3530cac._.js:3127
[  133977ms] [ERROR] ./app/(root)/catalogue/page.tsx:15:7
Parsing ecmascript source code failed
  13 |         </section>
  14 |
> 15 |     </main>
     |       ^^^^
  16 |   )
  17 | }
  18 |

Expected corresponding JSX closing tag for <div> @ http://localhost:3000/_next/static/chunks/node_modules_next_dist_f3530cac._.js:3127
[  134040ms] [ERROR] ./app/(root)/catalogue/page.tsx:15:7
Parsing ecmascript source code failed
  13 |         </section>
  14 |
> 15 |     </main>
     |       ^^^^
  16 |   )
  17 | }
  18 |

Expected corresponding JSX closing tag for <div> @ http://localhost:3000/_next/static/chunks/node_modules_next_dist_f3530cac._.js:3127
[  134119ms] [ERROR] ./app/(root)/catalogue/page.tsx:15:7
Parsing ecmascript source code failed
  13 |         </section>
  14 |
> 15 |     </main>
     |       ^^^^
  16 |   )
  17 | }
  18 |

Expected corresponding JSX closing tag for <div> @ http://localhost:3000/_next/static/chunks/node_modules_next_dist_f3530cac._.js:3127
[  134197ms] [ERROR] ./app/(root)/catalogue/page.tsx:15:7
Parsing ecmascript source code failed
  13 |         </section>
  14 |
> 15 |     </main>
     |       ^^^^
  16 |   )
  17 | }
  18 |

Expected corresponding JSX closing tag for <div> @ http://localhost:3000/_next/static/chunks/node_modules_next_dist_f3530cac._.js:3127
[  134260ms] [ERROR] ./app/(root)/catalogue/page.tsx:15:7
Parsing ecmascript source code failed
  13 |         </section>
  14 |
> 15 |     </main>
     |       ^^^^
  16 |   )
  17 | }
  18 |

Expected corresponding JSX closing tag for <div> @ http://localhost:3000/_next/static/chunks/node_modules_next_dist_f3530cac._.js:3127
[  134336ms] [ERROR] ./app/(root)/catalogue/page.tsx:15:7
Parsing ecmascript source code failed
  13 |         </section>
  14 |
> 15 |     </main>
     |       ^^^^
  16 |   )
  17 | }
  18 |

Expected corresponding JSX closing tag for <div> @ http://localhost:3000/_next/static/chunks/node_modules_next_dist_f3530cac._.js:3127
[  134399ms] [ERROR] ./app/(root)/catalogue/page.tsx:15:7
Parsing ecmascript source code failed
  13 |         </section>
  14 |
> 15 |     </main>
     |       ^^^^
  16 |   )
  17 | }
  18 |

Expected corresponding JSX closing tag for <div> @ http://localhost:3000/_next/static/chunks/node_modules_next_dist_f3530cac._.js:3127
[  134465ms] [ERROR] ./app/(root)/catalogue/page.tsx:15:7
Parsing ecmascript source code failed
  13 |         </section>
  14 |
> 15 |     </main>
     |       ^^^^
  16 |   )
  17 | }
  18 |

Expected corresponding JSX closing tag for <div> @ http://localhost:3000/_next/static/chunks/node_modules_next_dist_f3530cac._.js:3127
[  134541ms] [ERROR] ./app/(root)/catalogue/page.tsx:15:7
Parsing ecmascript source code failed
  13 |         </section>
  14 |
> 15 |     </main>
     |       ^^^^
  16 |   )
  17 | }
  18 |

Expected corresponding JSX closing tag for <div> @ http://localhost:3000/_next/static/chunks/node_modules_next_dist_f3530cac._.js:3127
[  134620ms] [ERROR] ./app/(root)/catalogue/page.tsx:15:7
Parsing ecmascript source code failed
  13 |         </section>
  14 |
> 15 |     </main>
     |       ^^^^
  16 |   )
  17 | }
  18 |

Expected corresponding JSX closing tag for <div> @ http://localhost:3000/_next/static/chunks/node_modules_next_dist_f3530cac._.js:3127
[  134696ms] [ERROR] ./app/(root)/catalogue/page.tsx:15:7
Parsing ecmascript source code failed
  13 |         </section>
  14 |
> 15 |     </main>
     |       ^^^^
  16 |   )
  17 | }
  18 |

Expected corresponding JSX closing tag for <div> @ http://localhost:3000/_next/static/chunks/node_modules_next_dist_f3530cac._.js:3127
[  134773ms] [ERROR] ./app/(root)/catalogue/page.tsx:15:7
Parsing ecmascript source code failed
  13 |         </section>
  14 |
> 15 |     </main>
     |       ^^^^
  16 |   )
  17 | }
  18 |

Expected corresponding JSX closing tag for <div> @ http://localhost:3000/_next/static/chunks/node_modules_next_dist_f3530cac._.js:3127
[  134837ms] [ERROR] ./app/(root)/catalogue/page.tsx:15:7
Parsing ecmascript source code failed
  13 |         </section>
  14 |
> 15 |     </main>
     |       ^^^^
  16 |   )
  17 | }
  18 |

Expected corresponding JSX closing tag for <div> @ http://localhost:3000/_next/static/chunks/node_modules_next_dist_f3530cac._.js:3127
[  134915ms] [ERROR] ./app/(root)/catalogue/page.tsx:15:7
Parsing ecmascript source code failed
  13 |         </section>
  14 |
> 15 |     </main>
     |       ^^^^
  16 |   )
  17 | }
  18 |

Expected corresponding JSX closing tag for <div> @ http://localhost:3000/_next/static/chunks/node_modules_next_dist_f3530cac._.js:3127
[  134978ms] [ERROR] ./app/(root)/catalogue/page.tsx:15:7
Parsing ecmascript source code failed
  13 |         </section>
  14 |
> 15 |     </main>
     |       ^^^^
  16 |   )
  17 | }
  18 |

Expected corresponding JSX closing tag for <div> @ http://localhost:3000/_next/static/chunks/node_modules_next_dist_f3530cac._.js:3127
[  135055ms] [ERROR] ./app/(root)/catalogue/page.tsx:15:7
Parsing ecmascript source code failed
  13 |         </section>
  14 |
> 15 |     </main>
     |       ^^^^
  16 |   )
  17 | }
  18 |

Expected corresponding JSX closing tag for <div> @ http://localhost:3000/_next/static/chunks/node_modules_next_dist_f3530cac._.js:3127
[  135134ms] [ERROR] ./app/(root)/catalogue/page.tsx:15:7
Parsing ecmascript source code failed
  13 |         </section>
  14 |
> 15 |     </main>
     |       ^^^^
  16 |   )
  17 | }
  18 |

Expected corresponding JSX closing tag for <div> @ http://localhost:3000/_next/static/chunks/node_modules_next_dist_f3530cac._.js:3127
[  135211ms] [ERROR] ./app/(root)/catalogue/page.tsx:15:7
Parsing ecmascript source code failed
  13 |         </section>
  14 |
> 15 |     </main>
     |       ^^^^
  16 |   )
  17 | }
  18 |

Expected corresponding JSX closing tag for <div> @ http://localhost:3000/_next/static/chunks/node_modules_next_dist_f3530cac._.js:3127
[  135289ms] [ERROR] ./app/(root)/catalogue/page.tsx:15:7
Parsing ecmascript source code failed
  13 |         </section>
  14 |
> 15 |     </main>
     |       ^^^^
  16 |   )
  17 | }
  18 |

Expected corresponding JSX closing tag for <div> @ http://localhost:3000/_next/static/chunks/node_modules_next_dist_f3530cac._.js:3127
[  135368ms] [ERROR] ./app/(root)/catalogue/page.tsx:15:7
Parsing ecmascript source code failed
  13 |         </section>
  14 |
> 15 |     </main>
     |       ^^^^
  16 |   )
  17 | }
  18 |

Expected corresponding JSX closing tag for <div> @ http://localhost:3000/_next/static/chunks/node_modules_next_dist_f3530cac._.js:3127
[  135442ms] [ERROR] ./app/(root)/catalogue/page.tsx:15:7
Parsing ecmascript source code failed
  13 |         </section>
  14 |
> 15 |     </main>
     |       ^^^^
  16 |   )
  17 | }
  18 |

Expected corresponding JSX closing tag for <div> @ http://localhost:3000/_next/static/chunks/node_modules_next_dist_f3530cac._.js:3127
[  135520ms] [ERROR] ./app/(root)/catalogue/page.tsx:15:7
Parsing ecmascript source code failed
  13 |         </section>
  14 |
> 15 |     </main>
     |       ^^^^
  16 |   )
  17 | }
  18 |

Expected corresponding JSX closing tag for <div> @ http://localhost:3000/_next/static/chunks/node_modules_next_dist_f3530cac._.js:3127
[  135584ms] [ERROR] ./app/(root)/catalogue/page.tsx:15:7
Parsing ecmascript source code failed
  13 |         </section>
  14 |
> 15 |     </main>
     |       ^^^^
  16 |   )
  17 | }
  18 |

Expected corresponding JSX closing tag for <div> @ http://localhost:3000/_next/static/chunks/node_modules_next_dist_f3530cac._.js:3127
[  135646ms] [ERROR] ./app/(root)/catalogue/page.tsx:15:7
Parsing ecmascript source code failed
  13 |         </section>
  14 |
> 15 |     </main>
     |       ^^^^
  16 |   )
  17 | }
  18 |

Expected corresponding JSX closing tag for <div> @ http://localhost:3000/_next/static/chunks/node_modules_next_dist_f3530cac._.js:3127
[  135724ms] [ERROR] ./app/(root)/catalogue/page.tsx:15:7
Parsing ecmascript source code failed
  13 |         </section>
  14 |
> 15 |     </main>
     |       ^^^^
  16 |   )
  17 | }
  18 |

Expected corresponding JSX closing tag for <div> @ http://localhost:3000/_next/static/chunks/node_modules_next_dist_f3530cac._.js:3127
[  135802ms] [ERROR] ./app/(root)/catalogue/page.tsx:15:7
Parsing ecmascript source code failed
  13 |         </section>
  14 |
> 15 |     </main>
     |       ^^^^
  16 |   )
  17 | }
  18 |

Expected corresponding JSX closing tag for <div> @ http://localhost:3000/_next/static/chunks/node_modules_next_dist_f3530cac._.js:3127
[  135880ms] [ERROR] ./app/(root)/catalogue/page.tsx:15:7
Parsing ecmascript source code failed
  13 |         </section>
  14 |
> 15 |     </main>
     |       ^^^^
  16 |   )
  17 | }
  18 |

Expected corresponding JSX closing tag for <div> @ http://localhost:3000/_next/static/chunks/node_modules_next_dist_f3530cac._.js:3127
[  135956ms] [ERROR] ./app/(root)/catalogue/page.tsx:15:7
Parsing ecmascript source code failed
  13 |         </section>
  14 |
> 15 |     </main>
     |       ^^^^
  16 |   )
  17 | }
  18 |

Expected corresponding JSX closing tag for <div> @ http://localhost:3000/_next/static/chunks/node_modules_next_dist_f3530cac._.js:3127
[  136034ms] [ERROR] ./app/(root)/catalogue/page.tsx:15:7
Parsing ecmascript source code failed
  13 |         </section>
  14 |
> 15 |     </main>
     |       ^^^^
  16 |   )
  17 | }
  18 |

Expected corresponding JSX closing tag for <div> @ http://localhost:3000/_next/static/chunks/node_modules_next_dist_f3530cac._.js:3127
[  136113ms] [ERROR] ./app/(root)/catalogue/page.tsx:15:7
Parsing ecmascript source code failed
  13 |         </section>
  14 |
> 15 |     </main>
     |       ^^^^
  16 |   )
  17 | }
  18 |

Expected corresponding JSX closing tag for <div> @ http://localhost:3000/_next/static/chunks/node_modules_next_dist_f3530cac._.js:3127
[  136190ms] [ERROR] ./app/(root)/catalogue/page.tsx:15:7
Parsing ecmascript source code failed
  13 |         </section>
  14 |
> 15 |     </main>
     |       ^^^^
  16 |   )
  17 | }
  18 |

Expected corresponding JSX closing tag for <div> @ http://localhost:3000/_next/static/chunks/node_modules_next_dist_f3530cac._.js:3127
[  136270ms] [ERROR] ./app/(root)/catalogue/page.tsx:15:7
Parsing ecmascript source code failed
  13 |         </section>
  14 |
> 15 |     </main>
     |       ^^^^
  16 |   )
  17 | }
  18 |

Expected corresponding JSX closing tag for <div> @ http://localhost:3000/_next/static/chunks/node_modules_next_dist_f3530cac._.js:3127
[  136346ms] [ERROR] ./app/(root)/catalogue/page.tsx:15:7
Parsing ecmascript source code failed
  13 |         </section>
  14 |
> 15 |     </main>
     |       ^^^^
  16 |   )
  17 | }
  18 |

Expected corresponding JSX closing tag for <div> @ http://localhost:3000/_next/static/chunks/node_modules_next_dist_f3530cac._.js:3127
[  136410ms] [ERROR] ./app/(root)/catalogue/page.tsx:15:7
Parsing ecmascript source code failed
  13 |         </section>
  14 |
> 15 |     </main>
     |       ^^^^
  16 |   )
  17 | }
  18 |

Expected corresponding JSX closing tag for <div> @ http://localhost:3000/_next/static/chunks/node_modules_next_dist_f3530cac._.js:3127
[  136487ms] [ERROR] ./app/(root)/catalogue/page.tsx:15:7
Parsing ecmascript source code failed
  13 |         </section>
  14 |
> 15 |     </main>
     |       ^^^^
  16 |   )
  17 | }
  18 |

Expected corresponding JSX closing tag for <div> @ http://localhost:3000/_next/static/chunks/node_modules_next_dist_f3530cac._.js:3127
[  136567ms] [ERROR] ./app/(root)/catalogue/page.tsx:15:7
Parsing ecmascript source code failed
  13 |         </section>
  14 |
> 15 |     </main>
     |       ^^^^
  16 |   )
  17 | }
  18 |

Expected corresponding JSX closing tag for <div> @ http://localhost:3000/_next/static/chunks/node_modules_next_dist_f3530cac._.js:3127
[  136645ms] [ERROR] ./app/(root)/catalogue/page.tsx:15:7
Parsing ecmascript source code failed
  13 |         </section>
  14 |
> 15 |     </main>
     |       ^^^^
  16 |   )
  17 | }
  18 |

Expected corresponding JSX closing tag for <div> @ http://localhost:3000/_next/static/chunks/node_modules_next_dist_f3530cac._.js:3127
[  136725ms] [ERROR] ./app/(root)/catalogue/page.tsx:15:7
Parsing ecmascript source code failed
  13 |         </section>
  14 |
> 15 |     </main>
     |       ^^^^
  16 |   )
  17 | }
  18 |

Expected corresponding JSX closing tag for <div> @ http://localhost:3000/_next/static/chunks/node_modules_next_dist_f3530cac._.js:3127
[  136803ms] [ERROR] ./app/(root)/catalogue/page.tsx:15:7
Parsing ecmascript source code failed
  13 |         </section>
  14 |
> 15 |     </main>
     |       ^^^^
  16 |   )
  17 | }
  18 |

Expected corresponding JSX closing tag for <div> @ http://localhost:3000/_next/static/chunks/node_modules_next_dist_f3530cac._.js:3127
[  136880ms] [ERROR] ./app/(root)/catalogue/page.tsx:15:7
Parsing ecmascript source code failed
  13 |         </section>
  14 |
> 15 |     </main>
     |       ^^^^
  16 |   )
  17 | }
  18 |

Expected corresponding JSX closing tag for <div> @ http://localhost:3000/_next/static/chunks/node_modules_next_dist_f3530cac._.js:3127
[  136962ms] [ERROR] ./app/(root)/catalogue/page.tsx:15:7
Parsing ecmascript source code failed
  13 |         </section>
  14 |
> 15 |     </main>
     |       ^^^^
  16 |   )
  17 | }
  18 |

Expected corresponding JSX closing tag for <div> @ http://localhost:3000/_next/static/chunks/node_modules_next_dist_f3530cac._.js:3127
[  137038ms] [ERROR] ./app/(root)/catalogue/page.tsx:15:7
Parsing ecmascript source code failed
  13 |         </section>
  14 |
> 15 |     </main>
     |       ^^^^
  16 |   )
  17 | }
  18 |

Expected corresponding JSX closing tag for <div> @ http://localhost:3000/_next/static/chunks/node_modules_next_dist_f3530cac._.js:3127
[  137117ms] [ERROR] ./app/(root)/catalogue/page.tsx:15:7
Parsing ecmascript source code failed
  13 |         </section>
  14 |
> 15 |     </main>
     |       ^^^^
  16 |   )
  17 | }
  18 |

Expected corresponding JSX closing tag for <div> @ http://localhost:3000/_next/static/chunks/node_modules_next_dist_f3530cac._.js:3127
[  137180ms] [ERROR] ./app/(root)/catalogue/page.tsx:15:7
Parsing ecmascript source code failed
  13 |         </section>
  14 |
> 15 |     </main>
     |       ^^^^
  16 |   )
  17 | }
  18 |

Expected corresponding JSX closing tag for <div> @ http://localhost:3000/_next/static/chunks/node_modules_next_dist_f3530cac._.js:3127
[  137257ms] [ERROR] ./app/(root)/catalogue/page.tsx:15:7
Parsing ecmascript source code failed
  13 |         </section>
  14 |
> 15 |     </main>
     |       ^^^^
  16 |   )
  17 | }
  18 |

Expected corresponding JSX closing tag for <div> @ http://localhost:3000/_next/static/chunks/node_modules_next_dist_f3530cac._.js:3127
[  137322ms] [ERROR] ./app/(root)/catalogue/page.tsx:15:7
Parsing ecmascript source code failed
  13 |         </section>
  14 |
> 15 |     </main>
     |       ^^^^
  16 |   )
  17 | }
  18 |

Expected corresponding JSX closing tag for <div> @ http://localhost:3000/_next/static/chunks/node_modules_next_dist_f3530cac._.js:3127
[  137397ms] [ERROR] ./app/(root)/catalogue/page.tsx:15:7
Parsing ecmascript source code failed
  13 |         </section>
  14 |
> 15 |     </main>
     |       ^^^^
  16 |   )
  17 | }
  18 |

Expected corresponding JSX closing tag for <div> @ http://localhost:3000/_next/static/chunks/node_modules_next_dist_f3530cac._.js:3127
[  137474ms] [ERROR] ./app/(root)/catalogue/page.tsx:15:7
Parsing ecmascript source code failed
  13 |         </section>
  14 |
> 15 |     </main>
     |       ^^^^
  16 |   )
  17 | }
  18 |

Expected corresponding JSX closing tag for <div> @ http://localhost:3000/_next/static/chunks/node_modules_next_dist_f3530cac._.js:3127
[  137534ms] [ERROR] ./app/(root)/catalogue/page.tsx:15:7
Parsing ecmascript source code failed
  13 |         </section>
  14 |
> 15 |     </main>
     |       ^^^^
  16 |   )
  17 | }
  18 |

Expected corresponding JSX closing tag for <div> @ http://localhost:3000/_next/static/chunks/node_modules_next_dist_f3530cac._.js:3127
[  137596ms] [ERROR] ./app/(root)/catalogue/page.tsx:15:7
Parsing ecmascript source code failed
  13 |         </section>
  14 |
> 15 |     </main>
     |       ^^^^
  16 |   )
  17 | }
  18 |

Expected corresponding JSX closing tag for <div> @ http://localhost:3000/_next/static/chunks/node_modules_next_dist_f3530cac._.js:3127
[  137661ms] [ERROR] ./app/(root)/catalogue/page.tsx:15:7
Parsing ecmascript source code failed
  13 |         </section>
  14 |
> 15 |     </main>
     |       ^^^^
  16 |   )
  17 | }
  18 |

Expected corresponding JSX closing tag for <div> @ http://localhost:3000/_next/static/chunks/node_modules_next_dist_f3530cac._.js:3127
[  137737ms] [ERROR] ./app/(root)/catalogue/page.tsx:15:7
Parsing ecmascript source code failed
  13 |         </section>
  14 |
> 15 |     </main>
     |       ^^^^
  16 |   )
  17 | }
  18 |

Expected corresponding JSX closing tag for <div> @ http://localhost:3000/_next/static/chunks/node_modules_next_dist_f3530cac._.js:3127
[  137815ms] [ERROR] ./app/(root)/catalogue/page.tsx:15:7
Parsing ecmascript source code failed
  13 |         </section>
  14 |
> 15 |     </main>
     |       ^^^^
  16 |   )
  17 | }
  18 |

Expected corresponding JSX closing tag for <div> @ http://localhost:3000/_next/static/chunks/node_modules_next_dist_f3530cac._.js:3127
[  137893ms] [ERROR] ./app/(root)/catalogue/page.tsx:15:7
Parsing ecmascript source code failed
  13 |         </section>
  14 |
> 15 |     </main>
     |       ^^^^
  16 |   )
  17 | }
  18 |

Expected corresponding JSX closing tag for <div> @ http://localhost:3000/_next/static/chunks/node_modules_next_dist_f3530cac._.js:3127
[  137973ms] [ERROR] ./app/(root)/catalogue/page.tsx:15:7
Parsing ecmascript source code failed
  13 |         </section>
  14 |
> 15 |     </main>
     |       ^^^^
  16 |   )
  17 | }
  18 |

Expected corresponding JSX closing tag for <div> @ http://localhost:3000/_next/static/chunks/node_modules_next_dist_f3530cac._.js:3127
[  138051ms] [ERROR] ./app/(root)/catalogue/page.tsx:15:7
Parsing ecmascript source code failed
  13 |         </section>
  14 |
> 15 |     </main>
     |       ^^^^
  16 |   )
  17 | }
  18 |

Expected corresponding JSX closing tag for <div> @ http://localhost:3000/_next/static/chunks/node_modules_next_dist_f3530cac._.js:3127
[  138129ms] [ERROR] ./app/(root)/catalogue/page.tsx:15:7
Parsing ecmascript source code failed
  13 |         </section>
  14 |
> 15 |     </main>
     |       ^^^^
  16 |   )
  17 | }
  18 |

Expected corresponding JSX closing tag for <div> @ http://localhost:3000/_next/static/chunks/node_modules_next_dist_f3530cac._.js:3127
[  138209ms] [ERROR] ./app/(root)/catalogue/page.tsx:15:7
Parsing ecmascript source code failed
  13 |         </section>
  14 |
> 15 |     </main>
     |       ^^^^
  16 |   )
  17 | }
  18 |

Expected corresponding JSX closing tag for <div> @ http://localhost:3000/_next/static/chunks/node_modules_next_dist_f3530cac._.js:3127
[  138284ms] [ERROR] ./app/(root)/catalogue/page.tsx:15:7
Parsing ecmascript source code failed
  13 |         </section>
  14 |
> 15 |     </main>
     |       ^^^^
  16 |   )
  17 | }
  18 |

Expected corresponding JSX closing tag for <div> @ http://localhost:3000/_next/static/chunks/node_modules_next_dist_f3530cac._.js:3127
[  138363ms] [ERROR] ./app/(root)/catalogue/page.tsx:15:7
Parsing ecmascript source code failed
  13 |         </section>
  14 |
> 15 |     </main>
     |       ^^^^
  16 |   )
  17 | }
  18 |

Expected corresponding JSX closing tag for <div> @ http://localhost:3000/_next/static/chunks/node_modules_next_dist_f3530cac._.js:3127
[  138426ms] [ERROR] ./app/(root)/catalogue/page.tsx:15:7
Parsing ecmascript source code failed
  13 |         </section>
  14 |
> 15 |     </main>
     |       ^^^^
  16 |   )
  17 | }
  18 |

Expected corresponding JSX closing tag for <div> @ http://localhost:3000/_next/static/chunks/node_modules_next_dist_f3530cac._.js:3127
[  138490ms] [ERROR] ./app/(root)/catalogue/page.tsx:15:7
Parsing ecmascript source code failed
  13 |         </section>
  14 |
> 15 |     </main>
     |       ^^^^
  16 |   )
  17 | }
  18 |

Expected corresponding JSX closing tag for <div> @ http://localhost:3000/_next/static/chunks/node_modules_next_dist_f3530cac._.js:3127
[  138567ms] [ERROR] ./app/(root)/catalogue/page.tsx:15:7
Parsing ecmascript source code failed
  13 |         </section>
  14 |
> 15 |     </main>
     |       ^^^^
  16 |   )
  17 | }
  18 |

Expected corresponding JSX closing tag for <div> @ http://localhost:3000/_next/static/chunks/node_modules_next_dist_f3530cac._.js:3127
[  138647ms] [ERROR] ./app/(root)/catalogue/page.tsx:15:7
Parsing ecmascript source code failed
  13 |         </section>
  14 |
> 15 |     </main>
     |       ^^^^
  16 |   )
  17 | }
  18 |

Expected corresponding JSX closing tag for <div> @ http://localhost:3000/_next/static/chunks/node_modules_next_dist_f3530cac._.js:3127
[  138729ms] [ERROR] ./app/(root)/catalogue/page.tsx:15:7
Parsing ecmascript source code failed
  13 |         </section>
  14 |
> 15 |     </main>
     |       ^^^^
  16 |   )
  17 | }
  18 |

Expected corresponding JSX closing tag for <div> @ http://localhost:3000/_next/static/chunks/node_modules_next_dist_f3530cac._.js:3127
[  138806ms] [ERROR] ./app/(root)/catalogue/page.tsx:15:7
Parsing ecmascript source code failed
  13 |         </section>
  14 |
> 15 |     </main>
     |       ^^^^
  16 |   )
  17 | }
  18 |

Expected corresponding JSX closing tag for <div> @ http://localhost:3000/_next/static/chunks/node_modules_next_dist_f3530cac._.js:3127
[  138882ms] [ERROR] ./app/(root)/catalogue/page.tsx:15:7
Parsing ecmascript source code failed
  13 |         </section>
  14 |
> 15 |     </main>
     |       ^^^^
  16 |   )
  17 | }
  18 |

Expected corresponding JSX closing tag for <div> @ http://localhost:3000/_next/static/chunks/node_modules_next_dist_f3530cac._.js:3127
[  138959ms] [ERROR] ./app/(root)/catalogue/page.tsx:15:7
Parsing ecmascript source code failed
  13 |         </section>
  14 |
> 15 |     </main>
     |       ^^^^
  16 |   )
  17 | }
  18 |

Expected corresponding JSX closing tag for <div> @ http://localhost:3000/_next/static/chunks/node_modules_next_dist_f3530cac._.js:3127
[  139036ms] [ERROR] ./app/(root)/catalogue/page.tsx:15:7
Parsing ecmascript source code failed
  13 |         </section>
  14 |
> 15 |     </main>
     |       ^^^^
  16 |   )
  17 | }
  18 |

Expected corresponding JSX closing tag for <div> @ http://localhost:3000/_next/static/chunks/node_modules_next_dist_f3530cac._.js:3127
[  139117ms] [ERROR] ./app/(root)/catalogue/page.tsx:15:7
Parsing ecmascript source code failed
  13 |         </section>
  14 |
> 15 |     </main>
     |       ^^^^
  16 |   )
  17 | }
  18 |

Expected corresponding JSX closing tag for <div> @ http://localhost:3000/_next/static/chunks/node_modules_next_dist_f3530cac._.js:3127
[  139192ms] [ERROR] ./app/(root)/catalogue/page.tsx:15:7
Parsing ecmascript source code failed
  13 |         </section>
  14 |
> 15 |     </main>
     |       ^^^^
  16 |   )
  17 | }
  18 |

Expected corresponding JSX closing tag for <div> @ http://localhost:3000/_next/static/chunks/node_modules_next_dist_f3530cac._.js:3127
[  139270ms] [ERROR] ./app/(root)/catalogue/page.tsx:15:7
Parsing ecmascript source code failed
  13 |         </section>
  14 |
> 15 |     </main>
     |       ^^^^
  16 |   )
  17 | }
  18 |

Expected corresponding JSX closing tag for <div> @ http://localhost:3000/_next/static/chunks/node_modules_next_dist_f3530cac._.js:3127
[  139364ms] [ERROR] ./app/(root)/catalogue/page.tsx:15:7
Parsing ecmascript source code failed
  13 |         </section>
  14 |
> 15 |     </main>
     |       ^^^^
  16 |   )
  17 | }
  18 |

Expected corresponding JSX closing tag for <div> @ http://localhost:3000/_next/static/chunks/node_modules_next_dist_f3530cac._.js:3127
[  139441ms] [ERROR] ./app/(root)/catalogue/page.tsx:15:7
Parsing ecmascript source code failed
  13 |         </section>
  14 |
> 15 |     </main>
     |       ^^^^
  16 |   )
  17 | }
  18 |

Expected corresponding JSX closing tag for <div> @ http://localhost:3000/_next/static/chunks/node_modules_next_dist_f3530cac._.js:3127
[  139517ms] [ERROR] ./app/(root)/catalogue/page.tsx:15:7
Parsing ecmascript source code failed
  13 |         </section>
  14 |
> 15 |     </main>
     |       ^^^^
  16 |   )
  17 | }
  18 |

Expected corresponding JSX closing tag for <div> @ http://localhost:3000/_next/static/chunks/node_modules_next_dist_f3530cac._.js:3127
[  139593ms] [ERROR] ./app/(root)/catalogue/page.tsx:15:7
Parsing ecmascript source code failed
  13 |         </section>
  14 |
> 15 |     </main>
     |       ^^^^
  16 |   )
  17 | }
  18 |

Expected corresponding JSX closing tag for <div> @ http://localhost:3000/_next/static/chunks/node_modules_next_dist_f3530cac._.js:3127
[  139656ms] [ERROR] ./app/(root)/catalogue/page.tsx:15:7
Parsing ecmascript source code failed
  13 |         </section>
  14 |
> 15 |     </main>
     |       ^^^^
  16 |   )
  17 | }
  18 |

Expected corresponding JSX closing tag for <div> @ http://localhost:3000/_next/static/chunks/node_modules_next_dist_f3530cac._.js:3127
[  139733ms] [ERROR] ./app/(root)/catalogue/page.tsx:15:7
Parsing ecmascript source code failed
  13 |         </section>
  14 |
> 15 |     </main>
     |       ^^^^
  16 |   )
  17 | }
  18 |

Expected corresponding JSX closing tag for <div> @ http://localhost:3000/_next/static/chunks/node_modules_next_dist_f3530cac._.js:3127
[  139825ms] [ERROR] ./app/(root)/catalogue/page.tsx:15:7
Parsing ecmascript source code failed
  13 |         </section>
  14 |
> 15 |     </main>
     |       ^^^^
  16 |   )
  17 | }
  18 |

Expected corresponding JSX closing tag for <div> @ http://localhost:3000/_next/static/chunks/node_modules_next_dist_f3530cac._.js:3127
[  139903ms] [ERROR] ./app/(root)/catalogue/page.tsx:15:7
Parsing ecmascript source code failed
  13 |         </section>
  14 |
> 15 |     </main>
     |       ^^^^
  16 |   )
  17 | }
  18 |

Expected corresponding JSX closing tag for <div> @ http://localhost:3000/_next/static/chunks/node_modules_next_dist_f3530cac._.js:3127
[  139980ms] [ERROR] ./app/(root)/catalogue/page.tsx:15:7
Parsing ecmascript source code failed
  13 |         </section>
  14 |
> 15 |     </main>
     |       ^^^^
  16 |   )
  17 | }
  18 |

Expected corresponding JSX closing tag for <div> @ http://localhost:3000/_next/static/chunks/node_modules_next_dist_f3530cac._.js:3127
[  140042ms] [ERROR] ./app/(root)/catalogue/page.tsx:15:7
Parsing ecmascript source code failed
  13 |         </section>
  14 |
> 15 |     </main>
     |       ^^^^
  16 |   )
  17 | }
  18 |

Expected corresponding JSX closing tag for <div> @ http://localhost:3000/_next/static/chunks/node_modules_next_dist_f3530cac._.js:3127
[  140104ms] [ERROR] ./app/(root)/catalogue/page.tsx:15:7
Parsing ecmascript source code failed
  13 |         </section>
  14 |
> 15 |     </main>
     |       ^^^^
  16 |   )
  17 | }
  18 |

Expected corresponding JSX closing tag for <div> @ http://localhost:3000/_next/static/chunks/node_modules_next_dist_f3530cac._.js:3127
[  140182ms] [ERROR] ./app/(root)/catalogue/page.tsx:15:7
Parsing ecmascript source code failed
  13 |         </section>
  14 |
> 15 |     </main>
     |       ^^^^
  16 |   )
  17 | }
  18 |

Expected corresponding JSX closing tag for <div> @ http://localhost:3000/_next/static/chunks/node_modules_next_dist_f3530cac._.js:3127
[  140260ms] [ERROR] ./app/(root)/catalogue/page.tsx:15:7
Parsing ecmascript source code failed
  13 |         </section>
  14 |
> 15 |     </main>
     |       ^^^^
  16 |   )
  17 | }
  18 |

Expected corresponding JSX closing tag for <div> @ http://localhost:3000/_next/static/chunks/node_modules_next_dist_f3530cac._.js:3127
[  140336ms] [ERROR] ./app/(root)/catalogue/page.tsx:15:7
Parsing ecmascript source code failed
  13 |         </section>
  14 |
> 15 |     </main>
     |       ^^^^
  16 |   )
  17 | }
  18 |

Expected corresponding JSX closing tag for <div> @ http://localhost:3000/_next/static/chunks/node_modules_next_dist_f3530cac._.js:3127
[  140415ms] [ERROR] ./app/(root)/catalogue/page.tsx:15:7
Parsing ecmascript source code failed
  13 |         </section>
  14 |
> 15 |     </main>
     |       ^^^^
  16 |   )
  17 | }
  18 |

Expected corresponding JSX closing tag for <div> @ http://localhost:3000/_next/static/chunks/node_modules_next_dist_f3530cac._.js:3127
[  140493ms] [ERROR] ./app/(root)/catalogue/page.tsx:15:7
Parsing ecmascript source code failed
  13 |         </section>
  14 |
> 15 |     </main>
     |       ^^^^
  16 |   )
  17 | }
  18 |

Expected corresponding JSX closing tag for <div> @ http://localhost:3000/_next/static/chunks/node_modules_next_dist_f3530cac._.js:3127
[  140570ms] [ERROR] ./app/(root)/catalogue/page.tsx:15:7
Parsing ecmascript source code failed
  13 |         </section>
  14 |
> 15 |     </main>
     |       ^^^^
  16 |   )
  17 | }
  18 |

Expected corresponding JSX closing tag for <div> @ http://localhost:3000/_next/static/chunks/node_modules_next_dist_f3530cac._.js:3127
[  140648ms] [ERROR] ./app/(root)/catalogue/page.tsx:15:7
Parsing ecmascript source code failed
  13 |         </section>
  14 |
> 15 |     </main>
     |       ^^^^
  16 |   )
  17 | }
  18 |

Expected corresponding JSX closing tag for <div> @ http://localhost:3000/_next/static/chunks/node_modules_next_dist_f3530cac._.js:3127
[  140725ms] [ERROR] ./app/(root)/catalogue/page.tsx:15:7
Parsing ecmascript source code failed
  13 |         </section>
  14 |
> 15 |     </main>
     |       ^^^^
  16 |   )
  17 | }
  18 |

Expected corresponding JSX closing tag for <div> @ http://localhost:3000/_next/static/chunks/node_modules_next_dist_f3530cac._.js:3127
[  140802ms] [ERROR] ./app/(root)/catalogue/page.tsx:15:7
Parsing ecmascript source code failed
  13 |         </section>
  14 |
> 15 |     </main>
     |       ^^^^
  16 |   )
  17 | }
  18 |

Expected corresponding JSX closing tag for <div> @ http://localhost:3000/_next/static/chunks/node_modules_next_dist_f3530cac._.js:3127
[  140885ms] [ERROR] ./app/(root)/catalogue/page.tsx:15:7
Parsing ecmascript source code failed
  13 |         </section>
  14 |
> 15 |     </main>
     |       ^^^^
  16 |   )
  17 | }
  18 |

Expected corresponding JSX closing tag for <div> @ http://localhost:3000/_next/static/chunks/node_modules_next_dist_f3530cac._.js:3127
[  140972ms] [ERROR] ./app/(root)/catalogue/page.tsx:15:7
Parsing ecmascript source code failed
  13 |         </section>
  14 |
> 15 |     </main>
     |       ^^^^
  16 |   )
  17 | }
  18 |

Expected corresponding JSX closing tag for <div> @ http://localhost:3000/_next/static/chunks/node_modules_next_dist_f3530cac._.js:3127
[  141036ms] [ERROR] ./app/(root)/catalogue/page.tsx:15:7
Parsing ecmascript source code failed
  13 |         </section>
  14 |
> 15 |     </main>
     |       ^^^^
  16 |   )
  17 | }
  18 |

Expected corresponding JSX closing tag for <div> @ http://localhost:3000/_next/static/chunks/node_modules_next_dist_f3530cac._.js:3127
[  141114ms] [ERROR] ./app/(root)/catalogue/page.tsx:15:7
Parsing ecmascript source code failed
  13 |         </section>
  14 |
> 15 |     </main>
     |       ^^^^
  16 |   )
  17 | }
  18 |

Expected corresponding JSX closing tag for <div> @ http://localhost:3000/_next/static/chunks/node_modules_next_dist_f3530cac._.js:3127
[  141192ms] [ERROR] ./app/(root)/catalogue/page.tsx:15:7
Parsing ecmascript source code failed
  13 |         </section>
  14 |
> 15 |     </main>
     |       ^^^^
  16 |   )
  17 | }
  18 |

Expected corresponding JSX closing tag for <div> @ http://localhost:3000/_next/static/chunks/node_modules_next_dist_f3530cac._.js:3127
[  141269ms] [ERROR] ./app/(root)/catalogue/page.tsx:15:7
Parsing ecmascript source code failed
  13 |         </section>
  14 |
> 15 |     </main>
     |       ^^^^
  16 |   )
  17 | }
  18 |

Expected corresponding JSX closing tag for <div> @ http://localhost:3000/_next/static/chunks/node_modules_next_dist_f3530cac._.js:3127
[  141346ms] [ERROR] ./app/(root)/catalogue/page.tsx:15:7
Parsing ecmascript source code failed
  13 |         </section>
  14 |
> 15 |     </main>
     |       ^^^^
  16 |   )
  17 | }
  18 |

Expected corresponding JSX closing tag for <div> @ http://localhost:3000/_next/static/chunks/node_modules_next_dist_f3530cac._.js:3127
[  141423ms] [ERROR] ./app/(root)/catalogue/page.tsx:15:7
Parsing ecmascript source code failed
  13 |         </section>
  14 |
> 15 |     </main>
     |       ^^^^
  16 |   )
  17 | }
  18 |

Expected corresponding JSX closing tag for <div> @ http://localhost:3000/_next/static/chunks/node_modules_next_dist_f3530cac._.js:3127
[  141502ms] [ERROR] ./app/(root)/catalogue/page.tsx:15:7
Parsing ecmascript source code failed
  13 |         </section>
  14 |
> 15 |     </main>
     |       ^^^^
  16 |   )
  17 | }
  18 |

Expected corresponding JSX closing tag for <div> @ http://localhost:3000/_next/static/chunks/node_modules_next_dist_f3530cac._.js:3127
[  141581ms] [ERROR] ./app/(root)/catalogue/page.tsx:15:7
Parsing ecmascript source code failed
  13 |         </section>
  14 |
> 15 |     </main>
     |       ^^^^
  16 |   )
  17 | }
  18 |

Expected corresponding JSX closing tag for <div> @ http://localhost:3000/_next/static/chunks/node_modules_next_dist_f3530cac._.js:3127
[  141661ms] [ERROR] ./app/(root)/catalogue/page.tsx:15:7
Parsing ecmascript source code failed
  13 |         </section>
  14 |
> 15 |     </main>
     |       ^^^^
  16 |   )
  17 | }
  18 |

Expected corresponding JSX closing tag for <div> @ http://localhost:3000/_next/static/chunks/node_modules_next_dist_f3530cac._.js:3127
[  141739ms] [ERROR] ./app/(root)/catalogue/page.tsx:15:7
Parsing ecmascript source code failed
  13 |         </section>
  14 |
> 15 |     </main>
     |       ^^^^
  16 |   )
  17 | }
  18 |

Expected corresponding JSX closing tag for <div> @ http://localhost:3000/_next/static/chunks/node_modules_next_dist_f3530cac._.js:3127
[  141817ms] [ERROR] ./app/(root)/catalogue/page.tsx:15:7
Parsing ecmascript source code failed
  13 |         </section>
  14 |
> 15 |     </main>
     |       ^^^^
  16 |   )
  17 | }
  18 |

Expected corresponding JSX closing tag for <div> @ http://localhost:3000/_next/static/chunks/node_modules_next_dist_f3530cac._.js:3127
[  141894ms] [ERROR] ./app/(root)/catalogue/page.tsx:15:7
Parsing ecmascript source code failed
  13 |         </section>
  14 |
> 15 |     </main>
     |       ^^^^
  16 |   )
  17 | }
  18 |

Expected corresponding JSX closing tag for <div> @ http://localhost:3000/_next/static/chunks/node_modules_next_dist_f3530cac._.js:3127
[  141975ms] [ERROR] ./app/(root)/catalogue/page.tsx:15:7
Parsing ecmascript source code failed
  13 |         </section>
  14 |
> 15 |     </main>
     |       ^^^^
  16 |   )
  17 | }
  18 |

Expected corresponding JSX closing tag for <div> @ http://localhost:3000/_next/static/chunks/node_modules_next_dist_f3530cac._.js:3127
[  142052ms] [ERROR] ./app/(root)/catalogue/page.tsx:15:7
Parsing ecmascript source code failed
  13 |         </section>
  14 |
> 15 |     </main>
     |       ^^^^
  16 |   )
  17 | }
  18 |

Expected corresponding JSX closing tag for <div> @ http://localhost:3000/_next/static/chunks/node_modules_next_dist_f3530cac._.js:3127
[  142127ms] [ERROR] ./app/(root)/catalogue/page.tsx:15:7
Parsing ecmascript source code failed
  13 |         </section>
  14 |
> 15 |     </main>
     |       ^^^^
  16 |   )
  17 | }
  18 |

Expected corresponding JSX closing tag for <div> @ http://localhost:3000/_next/static/chunks/node_modules_next_dist_f3530cac._.js:3127
[  142207ms] [ERROR] ./app/(root)/catalogue/page.tsx:15:7
Parsing ecmascript source code failed
  13 |         </section>
  14 |
> 15 |     </main>
     |       ^^^^
  16 |   )
  17 | }
  18 |

Expected corresponding JSX closing tag for <div> @ http://localhost:3000/_next/static/chunks/node_modules_next_dist_f3530cac._.js:3127
[  142284ms] [ERROR] ./app/(root)/catalogue/page.tsx:15:7
Parsing ecmascript source code failed
  13 |         </section>
  14 |
> 15 |     </main>
     |       ^^^^
  16 |   )
  17 | }
  18 |

Expected corresponding JSX closing tag for <div> @ http://localhost:3000/_next/static/chunks/node_modules_next_dist_f3530cac._.js:3127
[  142361ms] [ERROR] ./app/(root)/catalogue/page.tsx:15:7
Parsing ecmascript source code failed
  13 |         </section>
  14 |
> 15 |     </main>
     |       ^^^^
  16 |   )
  17 | }
  18 |

Expected corresponding JSX closing tag for <div> @ http://localhost:3000/_next/static/chunks/node_modules_next_dist_f3530cac._.js:3127
[  142439ms] [ERROR] ./app/(root)/catalogue/page.tsx:15:7
Parsing ecmascript source code failed
  13 |         </section>
  14 |
> 15 |     </main>
     |       ^^^^
  16 |   )
  17 | }
  18 |

Expected corresponding JSX closing tag for <div> @ http://localhost:3000/_next/static/chunks/node_modules_next_dist_f3530cac._.js:3127
[  142515ms] [ERROR] ./app/(root)/catalogue/page.tsx:15:7
Parsing ecmascript source code failed
  13 |         </section>
  14 |
> 15 |     </main>
     |       ^^^^
  16 |   )
  17 | }
  18 |

Expected corresponding JSX closing tag for <div> @ http://localhost:3000/_next/static/chunks/node_modules_next_dist_f3530cac._.js:3127
[  142593ms] [ERROR] ./app/(root)/catalogue/page.tsx:15:7
Parsing ecmascript source code failed
  13 |         </section>
  14 |
> 15 |     </main>
     |       ^^^^
  16 |   )
  17 | }
  18 |

Expected corresponding JSX closing tag for <div> @ http://localhost:3000/_next/static/chunks/node_modules_next_dist_f3530cac._.js:3127
[  142669ms] [ERROR] ./app/(root)/catalogue/page.tsx:15:7
Parsing ecmascript source code failed
  13 |         </section>
  14 |
> 15 |     </main>
     |       ^^^^
  16 |   )
  17 | }
  18 |

Expected corresponding JSX closing tag for <div> @ http://localhost:3000/_next/static/chunks/node_modules_next_dist_f3530cac._.js:3127
[  142731ms] [ERROR] ./app/(root)/catalogue/page.tsx:15:7
Parsing ecmascript source code failed
  13 |         </section>
  14 |
> 15 |     </main>
     |       ^^^^
  16 |   )
  17 | }
  18 |

Expected corresponding JSX closing tag for <div> @ http://localhost:3000/_next/static/chunks/node_modules_next_dist_f3530cac._.js:3127
[  142809ms] [ERROR] ./app/(root)/catalogue/page.tsx:15:7
Parsing ecmascript source code failed
  13 |         </section>
  14 |
> 15 |     </main>
     |       ^^^^
  16 |   )
  17 | }
  18 |

Expected corresponding JSX closing tag for <div> @ http://localhost:3000/_next/static/chunks/node_modules_next_dist_f3530cac._.js:3127
[  142872ms] [ERROR] ./app/(root)/catalogue/page.tsx:15:7
Parsing ecmascript source code failed
  13 |         </section>
  14 |
> 15 |     </main>
     |       ^^^^
  16 |   )
  17 | }
  18 |

Expected corresponding JSX closing tag for <div> @ http://localhost:3000/_next/static/chunks/node_modules_next_dist_f3530cac._.js:3127
[  142948ms] [ERROR] ./app/(root)/catalogue/page.tsx:15:7
Parsing ecmascript source code failed
  13 |         </section>
  14 |
> 15 |     </main>
     |       ^^^^
  16 |   )
  17 | }
  18 |

Expected corresponding JSX closing tag for <div> @ http://localhost:3000/_next/static/chunks/node_modules_next_dist_f3530cac._.js:3127
[  143027ms] [ERROR] ./app/(root)/catalogue/page.tsx:15:7
Parsing ecmascript source code failed
  13 |         </section>
  14 |
> 15 |     </main>
     |       ^^^^
  16 |   )
  17 | }
  18 |

Expected corresponding JSX closing tag for <div> @ http://localhost:3000/_next/static/chunks/node_modules_next_dist_f3530cac._.js:3127
[  143106ms] [ERROR] ./app/(root)/catalogue/page.tsx:15:7
Parsing ecmascript source code failed
  13 |         </section>
  14 |
> 15 |     </main>
     |       ^^^^
  16 |   )
  17 | }
  18 |

Expected corresponding JSX closing tag for <div> @ http://localhost:3000/_next/static/chunks/node_modules_next_dist_f3530cac._.js:3127
[  143184ms] [ERROR] ./app/(root)/catalogue/page.tsx:15:7
Parsing ecmascript source code failed
  13 |         </section>
  14 |
> 15 |     </main>
     |       ^^^^
  16 |   )
  17 | }
  18 |

Expected corresponding JSX closing tag for <div> @ http://localhost:3000/_next/static/chunks/node_modules_next_dist_f3530cac._.js:3127
[  143258ms] [ERROR] ./app/(root)/catalogue/page.tsx:15:7
Parsing ecmascript source code failed
  13 |         </section>
  14 |
> 15 |     </main>
     |       ^^^^
  16 |   )
  17 | }
  18 |

Expected corresponding JSX closing tag for <div> @ http://localhost:3000/_next/static/chunks/node_modules_next_dist_f3530cac._.js:3127
[  143338ms] [ERROR] ./app/(root)/catalogue/page.tsx:15:7
Parsing ecmascript source code failed
  13 |         </section>
  14 |
> 15 |     </main>
     |       ^^^^
  16 |   )
  17 | }
  18 |

Expected corresponding JSX closing tag for <div> @ http://localhost:3000/_next/static/chunks/node_modules_next_dist_f3530cac._.js:3127
[  143423ms] [ERROR] ./app/(root)/catalogue/page.tsx:15:7
Parsing ecmascript source code failed
  13 |         </section>
  14 |
> 15 |     </main>
     |       ^^^^
  16 |   )
  17 | }
  18 |

Expected corresponding JSX closing tag for <div> @ http://localhost:3000/_next/static/chunks/node_modules_next_dist_f3530cac._.js:3127
[  143531ms] [ERROR] ./app/(root)/catalogue/page.tsx:15:7
Parsing ecmascript source code failed
  13 |         </section>
  14 |
> 15 |     </main>
     |       ^^^^
  16 |   )
  17 | }
  18 |

Expected corresponding JSX closing tag for <div> @ http://localhost:3000/_next/static/chunks/node_modules_next_dist_f3530cac._.js:3127
[  143602ms] [ERROR] ./app/(root)/catalogue/page.tsx:15:7
Parsing ecmascript source code failed
  13 |         </section>
  14 |
> 15 |     </main>
     |       ^^^^
  16 |   )
  17 | }
  18 |

Expected corresponding JSX closing tag for <div> @ http://localhost:3000/_next/static/chunks/node_modules_next_dist_f3530cac._.js:3127
[  143666ms] [ERROR] ./app/(root)/catalogue/page.tsx:15:7
Parsing ecmascript source code failed
  13 |         </section>
  14 |
> 15 |     </main>
     |       ^^^^
  16 |   )
  17 | }
  18 |

Expected corresponding JSX closing tag for <div> @ http://localhost:3000/_next/static/chunks/node_modules_next_dist_f3530cac._.js:3127
[  143743ms] [ERROR] ./app/(root)/catalogue/page.tsx:15:7
Parsing ecmascript source code failed
  13 |         </section>
  14 |
> 15 |     </main>
     |       ^^^^
  16 |   )
  17 | }
  18 |

Expected corresponding JSX closing tag for <div> @ http://localhost:3000/_next/static/chunks/node_modules_next_dist_f3530cac._.js:3127
[  143822ms] [ERROR] ./app/(root)/catalogue/page.tsx:15:7
Parsing ecmascript source code failed
  13 |         </section>
  14 |
> 15 |     </main>
     |       ^^^^
  16 |   )
  17 | }
  18 |

Expected corresponding JSX closing tag for <div> @ http://localhost:3000/_next/static/chunks/node_modules_next_dist_f3530cac._.js:3127
[  143917ms] [ERROR] ./app/(root)/catalogue/page.tsx:15:7
Parsing ecmascript source code failed
  13 |         </section>
  14 |
> 15 |     </main>
     |       ^^^^
  16 |   )
  17 | }
  18 |

Expected corresponding JSX closing tag for <div> @ http://localhost:3000/_next/static/chunks/node_modules_next_dist_f3530cac._.js:3127
[  143991ms] [ERROR] ./app/(root)/catalogue/page.tsx:15:7
Parsing ecmascript source code failed
  13 |         </section>
  14 |
> 15 |     </main>
     |       ^^^^
  16 |   )
  17 | }
  18 |

Expected corresponding JSX closing tag for <div> @ http://localhost:3000/_next/static/chunks/node_modules_next_dist_f3530cac._.js:3127
[  144068ms] [ERROR] ./app/(root)/catalogue/page.tsx:15:7
Parsing ecmascript source code failed
  13 |         </section>
  14 |
> 15 |     </main>
     |       ^^^^
  16 |   )
  17 | }
  18 |

Expected corresponding JSX closing tag for <div> @ http://localhost:3000/_next/static/chunks/node_modules_next_dist_f3530cac._.js:3127
[  144143ms] [ERROR] ./app/(root)/catalogue/page.tsx:15:7
Parsing ecmascript source code failed
  13 |         </section>
  14 |
> 15 |     </main>
     |       ^^^^
  16 |   )
  17 | }
  18 |

Expected corresponding JSX closing tag for <div> @ http://localhost:3000/_next/static/chunks/node_modules_next_dist_f3530cac._.js:3127
[  144221ms] [ERROR] ./app/(root)/catalogue/page.tsx:15:7
Parsing ecmascript source code failed
  13 |         </section>
  14 |
> 15 |     </main>
     |       ^^^^
  16 |   )
  17 | }
  18 |

Expected corresponding JSX closing tag for <div> @ http://localhost:3000/_next/static/chunks/node_modules_next_dist_f3530cac._.js:3127
[  144298ms] [ERROR] ./app/(root)/catalogue/page.tsx:15:7
Parsing ecmascript source code failed
  13 |         </section>
  14 |
> 15 |     </main>
     |       ^^^^
  16 |   )
  17 | }
  18 |

Expected corresponding JSX closing tag for <div> @ http://localhost:3000/_next/static/chunks/node_modules_next_dist_f3530cac._.js:3127
[  144376ms] [ERROR] ./app/(root)/catalogue/page.tsx:15:7
Parsing ecmascript source code failed
  13 |         </section>
  14 |
> 15 |     </main>
     |       ^^^^
  16 |   )
  17 | }
  18 |

Expected corresponding JSX closing tag for <div> @ http://localhost:3000/_next/static/chunks/node_modules_next_dist_f3530cac._.js:3127
[  144454ms] [ERROR] ./app/(root)/catalogue/page.tsx:15:7
Parsing ecmascript source code failed
  13 |         </section>
  14 |
> 15 |     </main>
     |       ^^^^
  16 |   )
  17 | }
  18 |

Expected corresponding JSX closing tag for <div> @ http://localhost:3000/_next/static/chunks/node_modules_next_dist_f3530cac._.js:3127
[  144533ms] [ERROR] ./app/(root)/catalogue/page.tsx:15:7
Parsing ecmascript source code failed
  13 |         </section>
  14 |
> 15 |     </main>
     |       ^^^^
  16 |   )
  17 | }
  18 |

Expected corresponding JSX closing tag for <div> @ http://localhost:3000/_next/static/chunks/node_modules_next_dist_f3530cac._.js:3127
[  144610ms] [ERROR] ./app/(root)/catalogue/page.tsx:15:7
Parsing ecmascript source code failed
  13 |         </section>
  14 |
> 15 |     </main>
     |       ^^^^
  16 |   )
  17 | }
  18 |

Expected corresponding JSX closing tag for <div> @ http://localhost:3000/_next/static/chunks/node_modules_next_dist_f3530cac._.js:3127
[  144689ms] [ERROR] ./app/(root)/catalogue/page.tsx:15:7
Parsing ecmascript source code failed
  13 |         </section>
  14 |
> 15 |     </main>
     |       ^^^^
  16 |   )
  17 | }
  18 |

Expected corresponding JSX closing tag for <div> @ http://localhost:3000/_next/static/chunks/node_modules_next_dist_f3530cac._.js:3127
[  144764ms] [ERROR] ./app/(root)/catalogue/page.tsx:15:7
Parsing ecmascript source code failed
  13 |         </section>
  14 |
> 15 |     </main>
     |       ^^^^
  16 |   )
  17 | }
  18 |

Expected corresponding JSX closing tag for <div> @ http://localhost:3000/_next/static/chunks/node_modules_next_dist_f3530cac._.js:3127
[  144829ms] [ERROR] ./app/(root)/catalogue/page.tsx:15:7
Parsing ecmascript source code failed
  13 |         </section>
  14 |
> 15 |     </main>
     |       ^^^^
  16 |   )
  17 | }
  18 |

Expected corresponding JSX closing tag for <div> @ http://localhost:3000/_next/static/chunks/node_modules_next_dist_f3530cac._.js:3127
[  144907ms] [ERROR] ./app/(root)/catalogue/page.tsx:15:7
Parsing ecmascript source code failed
  13 |         </section>
  14 |
> 15 |     </main>
     |       ^^^^
  16 |   )
  17 | }
  18 |

Expected corresponding JSX closing tag for <div> @ http://localhost:3000/_next/static/chunks/node_modules_next_dist_f3530cac._.js:3127
[  144987ms] [ERROR] ./app/(root)/catalogue/page.tsx:15:7
Parsing ecmascript source code failed
  13 |         </section>
  14 |
> 15 |     </main>
     |       ^^^^
  16 |   )
  17 | }
  18 |

Expected corresponding JSX closing tag for <div> @ http://localhost:3000/_next/static/chunks/node_modules_next_dist_f3530cac._.js:3127
[  145066ms] [ERROR] ./app/(root)/catalogue/page.tsx:15:7
Parsing ecmascript source code failed
  13 |         </section>
  14 |
> 15 |     </main>
     |       ^^^^
  16 |   )
  17 | }
  18 |

Expected corresponding JSX closing tag for <div> @ http://localhost:3000/_next/static/chunks/node_modules_next_dist_f3530cac._.js:3127
[  145141ms] [ERROR] ./app/(root)/catalogue/page.tsx:15:7
Parsing ecmascript source code failed
  13 |         </section>
  14 |
> 15 |     </main>
     |       ^^^^
  16 |   )
  17 | }
  18 |

Expected corresponding JSX closing tag for <div> @ http://localhost:3000/_next/static/chunks/node_modules_next_dist_f3530cac._.js:3127
[  145205ms] [ERROR] ./app/(root)/catalogue/page.tsx:15:7
Parsing ecmascript source code failed
  13 |         </section>
  14 |
> 15 |     </main>
     |       ^^^^
  16 |   )
  17 | }
  18 |

Expected corresponding JSX closing tag for <div> @ http://localhost:3000/_next/static/chunks/node_modules_next_dist_f3530cac._.js:3127
[  145283ms] [ERROR] ./app/(root)/catalogue/page.tsx:15:7
Parsing ecmascript source code failed
  13 |         </section>
  14 |
> 15 |     </main>
     |       ^^^^
  16 |   )
  17 | }
  18 |

Expected corresponding JSX closing tag for <div> @ http://localhost:3000/_next/static/chunks/node_modules_next_dist_f3530cac._.js:3127
[  145362ms] [ERROR] ./app/(root)/catalogue/page.tsx:15:7
Parsing ecmascript source code failed
  13 |         </section>
  14 |
> 15 |     </main>
     |       ^^^^
  16 |   )
  17 | }
  18 |

Expected corresponding JSX closing tag for <div> @ http://localhost:3000/_next/static/chunks/node_modules_next_dist_f3530cac._.js:3127
[  145445ms] [ERROR] ./app/(root)/catalogue/page.tsx:15:7
Parsing ecmascript source code failed
  13 |         </section>
  14 |
> 15 |     </main>
     |       ^^^^
  16 |   )
  17 | }
  18 |

Expected corresponding JSX closing tag for <div> @ http://localhost:3000/_next/static/chunks/node_modules_next_dist_f3530cac._.js:3127
[  145516ms] [ERROR] ./app/(root)/catalogue/page.tsx:15:7
Parsing ecmascript source code failed
  13 |         </section>
  14 |
> 15 |     </main>
     |       ^^^^
  16 |   )
  17 | }
  18 |

Expected corresponding JSX closing tag for <div> @ http://localhost:3000/_next/static/chunks/node_modules_next_dist_f3530cac._.js:3127
[  145593ms] [ERROR] ./app/(root)/catalogue/page.tsx:15:7
Parsing ecmascript source code failed
  13 |         </section>
  14 |
> 15 |     </main>
     |       ^^^^
  16 |   )
  17 | }
  18 |

Expected corresponding JSX closing tag for <div> @ http://localhost:3000/_next/static/chunks/node_modules_next_dist_f3530cac._.js:3127
[  145671ms] [ERROR] ./app/(root)/catalogue/page.tsx:15:7
Parsing ecmascript source code failed
  13 |         </section>
  14 |
> 15 |     </main>
     |       ^^^^
  16 |   )
  17 | }
  18 |

Expected corresponding JSX closing tag for <div> @ http://localhost:3000/_next/static/chunks/node_modules_next_dist_f3530cac._.js:3127
[  145749ms] [ERROR] ./app/(root)/catalogue/page.tsx:15:7
Parsing ecmascript source code failed
  13 |         </section>
  14 |
> 15 |     </main>
     |       ^^^^
  16 |   )
  17 | }
  18 |

Expected corresponding JSX closing tag for <div> @ http://localhost:3000/_next/static/chunks/node_modules_next_dist_f3530cac._.js:3127
[  145827ms] [ERROR] ./app/(root)/catalogue/page.tsx:15:7
Parsing ecmascript source code failed
  13 |         </section>
  14 |
> 15 |     </main>
     |       ^^^^
  16 |   )
  17 | }
  18 |

Expected corresponding JSX closing tag for <div> @ http://localhost:3000/_next/static/chunks/node_modules_next_dist_f3530cac._.js:3127
[  145904ms] [ERROR] ./app/(root)/catalogue/page.tsx:15:7
Parsing ecmascript source code failed
  13 |         </section>
  14 |
> 15 |     </main>
     |       ^^^^
  16 |   )
  17 | }
  18 |

Expected corresponding JSX closing tag for <div> @ http://localhost:3000/_next/static/chunks/node_modules_next_dist_f3530cac._.js:3127
[  145983ms] [ERROR] ./app/(root)/catalogue/page.tsx:15:7
Parsing ecmascript source code failed
  13 |         </section>
  14 |
> 15 |     </main>
     |       ^^^^
  16 |   )
  17 | }
  18 |

Expected corresponding JSX closing tag for <div> @ http://localhost:3000/_next/static/chunks/node_modules_next_dist_f3530cac._.js:3127
[  146063ms] [ERROR] ./app/(root)/catalogue/page.tsx:15:7
Parsing ecmascript source code failed
  13 |         </section>
  14 |
> 15 |     </main>
     |       ^^^^
  16 |   )
  17 | }
  18 |

Expected corresponding JSX closing tag for <div> @ http://localhost:3000/_next/static/chunks/node_modules_next_dist_f3530cac._.js:3127
[  146140ms] [ERROR] ./app/(root)/catalogue/page.tsx:15:7
Parsing ecmascript source code failed
  13 |         </section>
  14 |
> 15 |     </main>
     |       ^^^^
  16 |   )
  17 | }
  18 |

Expected corresponding JSX closing tag for <div> @ http://localhost:3000/_next/static/chunks/node_modules_next_dist_f3530cac._.js:3127
[  146217ms] [ERROR] ./app/(root)/catalogue/page.tsx:15:7
Parsing ecmascript source code failed
  13 |         </section>
  14 |
> 15 |     </main>
     |       ^^^^
  16 |   )
  17 | }
  18 |

Expected corresponding JSX closing tag for <div> @ http://localhost:3000/_next/static/chunks/node_modules_next_dist_f3530cac._.js:3127
[  146293ms] [ERROR] ./app/(root)/catalogue/page.tsx:15:7
Parsing ecmascript source code failed
  13 |         </section>
  14 |
> 15 |     </main>
     |       ^^^^
  16 |   )
  17 | }
  18 |

Expected corresponding JSX closing tag for <div> @ http://localhost:3000/_next/static/chunks/node_modules_next_dist_f3530cac._.js:3127
[  146371ms] [ERROR] ./app/(root)/catalogue/page.tsx:15:7
Parsing ecmascript source code failed
  13 |         </section>
  14 |
> 15 |     </main>
     |       ^^^^
  16 |   )
  17 | }
  18 |

Expected corresponding JSX closing tag for <div> @ http://localhost:3000/_next/static/chunks/node_modules_next_dist_f3530cac._.js:3127
[  146450ms] [ERROR] ./app/(root)/catalogue/page.tsx:15:7
Parsing ecmascript source code failed
  13 |         </section>
  14 |
> 15 |     </main>
     |       ^^^^
  16 |   )
  17 | }
  18 |

Expected corresponding JSX closing tag for <div> @ http://localhost:3000/_next/static/chunks/node_modules_next_dist_f3530cac._.js:3127
[  146528ms] [ERROR] ./app/(root)/catalogue/page.tsx:15:7
Parsing ecmascript source code failed
  13 |         </section>
  14 |
> 15 |     </main>
     |       ^^^^
  16 |   )
  17 | }
  18 |

Expected corresponding JSX closing tag for <div> @ http://localhost:3000/_next/static/chunks/node_modules_next_dist_f3530cac._.js:3127
[  146591ms] [ERROR] ./app/(root)/catalogue/page.tsx:15:7
Parsing ecmascript source code failed
  13 |         </section>
  14 |
> 15 |     </main>
     |       ^^^^
  16 |   )
  17 | }
  18 |

Expected corresponding JSX closing tag for <div> @ http://localhost:3000/_next/static/chunks/node_modules_next_dist_f3530cac._.js:3127
[  146670ms] [ERROR] ./app/(root)/catalogue/page.tsx:15:7
Parsing ecmascript source code failed
  13 |         </section>
  14 |
> 15 |     </main>
     |       ^^^^
  16 |   )
  17 | }
  18 |

Expected corresponding JSX closing tag for <div> @ http://localhost:3000/_next/static/chunks/node_modules_next_dist_f3530cac._.js:3127
[  146746ms] [ERROR] ./app/(root)/catalogue/page.tsx:15:7
Parsing ecmascript source code failed
  13 |         </section>
  14 |
> 15 |     </main>
     |       ^^^^
  16 |   )
  17 | }
  18 |

Expected corresponding JSX closing tag for <div> @ http://localhost:3000/_next/static/chunks/node_modules_next_dist_f3530cac._.js:3127
[  146825ms] [ERROR] ./app/(root)/catalogue/page.tsx:15:7
Parsing ecmascript source code failed
  13 |         </section>
  14 |
> 15 |     </main>
     |       ^^^^
  16 |   )
  17 | }
  18 |

Expected corresponding JSX closing tag for <div> @ http://localhost:3000/_next/static/chunks/node_modules_next_dist_f3530cac._.js:3127
[  146902ms] [ERROR] ./app/(root)/catalogue/page.tsx:15:7
Parsing ecmascript source code failed
  13 |         </section>
  14 |
> 15 |     </main>
     |       ^^^^
  16 |   )
  17 | }
  18 |

Expected corresponding JSX closing tag for <div> @ http://localhost:3000/_next/static/chunks/node_modules_next_dist_f3530cac._.js:3127
[  146980ms] [ERROR] ./app/(root)/catalogue/page.tsx:15:7
Parsing ecmascript source code failed
  13 |         </section>
  14 |
> 15 |     </main>
     |       ^^^^
  16 |   )
  17 | }
  18 |

Expected corresponding JSX closing tag for <div> @ http://localhost:3000/_next/static/chunks/node_modules_next_dist_f3530cac._.js:3127
[  147059ms] [ERROR] ./app/(root)/catalogue/page.tsx:15:7
Parsing ecmascript source code failed
  13 |         </section>
  14 |
> 15 |     </main>
     |       ^^^^
  16 |   )
  17 | }
  18 |

Expected corresponding JSX closing tag for <div> @ http://localhost:3000/_next/static/chunks/node_modules_next_dist_f3530cac._.js:3127
[  147135ms] [ERROR] ./app/(root)/catalogue/page.tsx:15:7
Parsing ecmascript source code failed
  13 |         </section>
  14 |
> 15 |     </main>
     |       ^^^^
  16 |   )
  17 | }
  18 |

Expected corresponding JSX closing tag for <div> @ http://localhost:3000/_next/static/chunks/node_modules_next_dist_f3530cac._.js:3127
[  147199ms] [ERROR] ./app/(root)/catalogue/page.tsx:15:7
Parsing ecmascript source code failed
  13 |         </section>
  14 |
> 15 |     </main>
     |       ^^^^
  16 |   )
  17 | }
  18 |

Expected corresponding JSX closing tag for <div> @ http://localhost:3000/_next/static/chunks/node_modules_next_dist_f3530cac._.js:3127
[  147275ms] [ERROR] ./app/(root)/catalogue/page.tsx:15:7
Parsing ecmascript source code failed
  13 |         </section>
  14 |
> 15 |     </main>
     |       ^^^^
  16 |   )
  17 | }
  18 |

Expected corresponding JSX closing tag for <div> @ http://localhost:3000/_next/static/chunks/node_modules_next_dist_f3530cac._.js:3127
[  147337ms] [ERROR] ./app/(root)/catalogue/page.tsx:15:7
Parsing ecmascript source code failed
  13 |         </section>
  14 |
> 15 |     </main>
     |       ^^^^
  16 |   )
  17 | }
  18 |

Expected corresponding JSX closing tag for <div> @ http://localhost:3000/_next/static/chunks/node_modules_next_dist_f3530cac._.js:3127
[  147401ms] [ERROR] ./app/(root)/catalogue/page.tsx:15:7
Parsing ecmascript source code failed
  13 |         </section>
  14 |
> 15 |     </main>
     |       ^^^^
  16 |   )
  17 | }
  18 |

Expected corresponding JSX closing tag for <div> @ http://localhost:3000/_next/static/chunks/node_modules_next_dist_f3530cac._.js:3127
[  147477ms] [ERROR] ./app/(root)/catalogue/page.tsx:15:7
Parsing ecmascript source code failed
  13 |         </section>
  14 |
> 15 |     </main>
     |       ^^^^
  16 |   )
  17 | }
  18 |

Expected corresponding JSX closing tag for <div> @ http://localhost:3000/_next/static/chunks/node_modules_next_dist_f3530cac._.js:3127
[  147555ms] [ERROR] ./app/(root)/catalogue/page.tsx:15:7
Parsing ecmascript source code failed
  13 |         </section>
  14 |
> 15 |     </main>
     |       ^^^^
  16 |   )
  17 | }
  18 |

Expected corresponding JSX closing tag for <div> @ http://localhost:3000/_next/static/chunks/node_modules_next_dist_f3530cac._.js:3127
[  147635ms] [ERROR] ./app/(root)/catalogue/page.tsx:15:7
Parsing ecmascript source code failed
  13 |         </section>
  14 |
> 15 |     </main>
     |       ^^^^
  16 |   )
  17 | }
  18 |

Expected corresponding JSX closing tag for <div> @ http://localhost:3000/_next/static/chunks/node_modules_next_dist_f3530cac._.js:3127
[  147712ms] [ERROR] ./app/(root)/catalogue/page.tsx:15:7
Parsing ecmascript source code failed
  13 |         </section>
  14 |
> 15 |     </main>
     |       ^^^^
  16 |   )
  17 | }
  18 |

Expected corresponding JSX closing tag for <div> @ http://localhost:3000/_next/static/chunks/node_modules_next_dist_f3530cac._.js:3127
[  147789ms] [ERROR] ./app/(root)/catalogue/page.tsx:15:7
Parsing ecmascript source code failed
  13 |         </section>
  14 |
> 15 |     </main>
     |       ^^^^
  16 |   )
  17 | }
  18 |

Expected corresponding JSX closing tag for <div> @ http://localhost:3000/_next/static/chunks/node_modules_next_dist_f3530cac._.js:3127
[  147867ms] [ERROR] ./app/(root)/catalogue/page.tsx:15:7
Parsing ecmascript source code failed
  13 |         </section>
  14 |
> 15 |     </main>
     |       ^^^^
  16 |   )
  17 | }
  18 |

Expected corresponding JSX closing tag for <div> @ http://localhost:3000/_next/static/chunks/node_modules_next_dist_f3530cac._.js:3127
[  147940ms] [ERROR] ./app/(root)/catalogue/page.tsx:15:7
Parsing ecmascript source code failed
  13 |         </section>
  14 |
> 15 |     </main>
     |       ^^^^
  16 |   )
  17 | }
  18 |

Expected corresponding JSX closing tag for <div> @ http://localhost:3000/_next/static/chunks/node_modules_next_dist_f3530cac._.js:3127
[  148017ms] [ERROR] ./app/(root)/catalogue/page.tsx:15:7
Parsing ecmascript source code failed
  13 |         </section>
  14 |
> 15 |     </main>
     |       ^^^^
  16 |   )
  17 | }
  18 |

Expected corresponding JSX closing tag for <div> @ http://localhost:3000/_next/static/chunks/node_modules_next_dist_f3530cac._.js:3127
[  148082ms] [ERROR] ./app/(root)/catalogue/page.tsx:15:7
Parsing ecmascript source code failed
  13 |         </section>
  14 |
> 15 |     </main>
     |       ^^^^
  16 |   )
  17 | }
  18 |

Expected corresponding JSX closing tag for <div> @ http://localhost:3000/_next/static/chunks/node_modules_next_dist_f3530cac._.js:3127
[  148159ms] [ERROR] ./app/(root)/catalogue/page.tsx:15:7
Parsing ecmascript source code failed
  13 |         </section>
  14 |
> 15 |     </main>
     |       ^^^^
  16 |   )
  17 | }
  18 |

Expected corresponding JSX closing tag for <div> @ http://localhost:3000/_next/static/chunks/node_modules_next_dist_f3530cac._.js:3127
[  148225ms] [ERROR] ./app/(root)/catalogue/page.tsx:15:7
Parsing ecmascript source code failed
  13 |         </section>
  14 |
> 15 |     </main>
     |       ^^^^
  16 |   )
  17 | }
  18 |

Expected corresponding JSX closing tag for <div> @ http://localhost:3000/_next/static/chunks/node_modules_next_dist_f3530cac._.js:3127
[  148300ms] [ERROR] ./app/(root)/catalogue/page.tsx:15:7
Parsing ecmascript source code failed
  13 |         </section>
  14 |
> 15 |     </main>
     |       ^^^^
  16 |   )
  17 | }
  18 |

Expected corresponding JSX closing tag for <div> @ http://localhost:3000/_next/static/chunks/node_modules_next_dist_f3530cac._.js:3127
[  148362ms] [ERROR] ./app/(root)/catalogue/page.tsx:15:7
Parsing ecmascript source code failed
  13 |         </section>
  14 |
> 15 |     </main>
     |       ^^^^
  16 |   )
  17 | }
  18 |

Expected corresponding JSX closing tag for <div> @ http://localhost:3000/_next/static/chunks/node_modules_next_dist_f3530cac._.js:3127
[  148440ms] [ERROR] ./app/(root)/catalogue/page.tsx:15:7
Parsing ecmascript source code failed
  13 |         </section>
  14 |
> 15 |     </main>
     |       ^^^^
  16 |   )
  17 | }
  18 |

Expected corresponding JSX closing tag for <div> @ http://localhost:3000/_next/static/chunks/node_modules_next_dist_f3530cac._.js:3127
[  148504ms] [ERROR] ./app/(root)/catalogue/page.tsx:15:7
Parsing ecmascript source code failed
  13 |         </section>
  14 |
> 15 |     </main>
     |       ^^^^
  16 |   )
  17 | }
  18 |

Expected corresponding JSX closing tag for <div> @ http://localhost:3000/_next/static/chunks/node_modules_next_dist_f3530cac._.js:3127
[  148581ms] [ERROR] ./app/(root)/catalogue/page.tsx:15:7
Parsing ecmascript source code failed
  13 |         </section>
  14 |
> 15 |     </main>
     |       ^^^^
  16 |   )
  17 | }
  18 |

Expected corresponding JSX closing tag for <div> @ http://localhost:3000/_next/static/chunks/node_modules_next_dist_f3530cac._.js:3127
[  148643ms] [ERROR] ./app/(root)/catalogue/page.tsx:15:7
Parsing ecmascript source code failed
  13 |         </section>
  14 |
> 15 |     </main>
     |       ^^^^
  16 |   )
  17 | }
  18 |

Expected corresponding JSX closing tag for <div> @ http://localhost:3000/_next/static/chunks/node_modules_next_dist_f3530cac._.js:3127
[  148723ms] [ERROR] ./app/(root)/catalogue/page.tsx:15:7
Parsing ecmascript source code failed
  13 |         </section>
  14 |
> 15 |     </main>
     |       ^^^^
  16 |   )
  17 | }
  18 |

Expected corresponding JSX closing tag for <div> @ http://localhost:3000/_next/static/chunks/node_modules_next_dist_f3530cac._.js:3127
[  148800ms] [ERROR] ./app/(root)/catalogue/page.tsx:15:7
Parsing ecmascript source code failed
  13 |         </section>
  14 |
> 15 |     </main>
     |       ^^^^
  16 |   )
  17 | }
  18 |

Expected corresponding JSX closing tag for <div> @ http://localhost:3000/_next/static/chunks/node_modules_next_dist_f3530cac._.js:3127
[  148878ms] [ERROR] ./app/(root)/catalogue/page.tsx:15:7
Parsing ecmascript source code failed
  13 |         </section>
  14 |
> 15 |     </main>
     |       ^^^^
  16 |   )
  17 | }
  18 |

Expected corresponding JSX closing tag for <div> @ http://localhost:3000/_next/static/chunks/node_modules_next_dist_f3530cac._.js:3127
[  148955ms] [ERROR] ./app/(root)/catalogue/page.tsx:15:7
Parsing ecmascript source code failed
  13 |         </section>
  14 |
> 15 |     </main>
     |       ^^^^
  16 |   )
  17 | }
  18 |

Expected corresponding JSX closing tag for <div> @ http://localhost:3000/_next/static/chunks/node_modules_next_dist_f3530cac._.js:3127
[  149034ms] [ERROR] ./app/(root)/catalogue/page.tsx:15:7
Parsing ecmascript source code failed
  13 |         </section>
  14 |
> 15 |     </main>
     |       ^^^^
  16 |   )
  17 | }
  18 |

Expected corresponding JSX closing tag for <div> @ http://localhost:3000/_next/static/chunks/node_modules_next_dist_f3530cac._.js:3127
[  149111ms] [ERROR] ./app/(root)/catalogue/page.tsx:15:7
Parsing ecmascript source code failed
  13 |         </section>
  14 |
> 15 |     </main>
     |       ^^^^
  16 |   )
  17 | }
  18 |

Expected corresponding JSX closing tag for <div> @ http://localhost:3000/_next/static/chunks/node_modules_next_dist_f3530cac._.js:3127
[  149188ms] [ERROR] ./app/(root)/catalogue/page.tsx:15:7
Parsing ecmascript source code failed
  13 |         </section>
  14 |
> 15 |     </main>
     |       ^^^^
  16 |   )
  17 | }
  18 |

Expected corresponding JSX closing tag for <div> @ http://localhost:3000/_next/static/chunks/node_modules_next_dist_f3530cac._.js:3127
[  149251ms] [ERROR] ./app/(root)/catalogue/page.tsx:15:7
Parsing ecmascript source code failed
  13 |         </section>
  14 |
> 15 |     </main>
     |       ^^^^
  16 |   )
  17 | }
  18 |

Expected corresponding JSX closing tag for <div> @ http://localhost:3000/_next/static/chunks/node_modules_next_dist_f3530cac._.js:3127
[  149327ms] [ERROR] ./app/(root)/catalogue/page.tsx:15:7
Parsing ecmascript source code failed
  13 |         </section>
  14 |
> 15 |     </main>
     |       ^^^^
  16 |   )
  17 | }
  18 |

Expected corresponding JSX closing tag for <div> @ http://localhost:3000/_next/static/chunks/node_modules_next_dist_f3530cac._.js:3127
[  149406ms] [ERROR] ./app/(root)/catalogue/page.tsx:15:7
Parsing ecmascript source code failed
  13 |         </section>
  14 |
> 15 |     </main>
     |       ^^^^
  16 |   )
  17 | }
  18 |

Expected corresponding JSX closing tag for <div> @ http://localhost:3000/_next/static/chunks/node_modules_next_dist_f3530cac._.js:3127
[  149482ms] [ERROR] ./app/(root)/catalogue/page.tsx:15:7
Parsing ecmascript source code failed
  13 |         </section>
  14 |
> 15 |     </main>
     |       ^^^^
  16 |   )
  17 | }
  18 |

Expected corresponding JSX closing tag for <div> @ http://localhost:3000/_next/static/chunks/node_modules_next_dist_f3530cac._.js:3127
[  149560ms] [ERROR] ./app/(root)/catalogue/page.tsx:15:7
Parsing ecmascript source code failed
  13 |         </section>
  14 |
> 15 |     </main>
     |       ^^^^
  16 |   )
  17 | }
  18 |

Expected corresponding JSX closing tag for <div> @ http://localhost:3000/_next/static/chunks/node_modules_next_dist_f3530cac._.js:3127
[  149622ms] [ERROR] ./app/(root)/catalogue/page.tsx:15:7
Parsing ecmascript source code failed
  13 |         </section>
  14 |
> 15 |     </main>
     |       ^^^^
  16 |   )
  17 | }
  18 |

Expected corresponding JSX closing tag for <div> @ http://localhost:3000/_next/static/chunks/node_modules_next_dist_f3530cac._.js:3127
[  149685ms] [ERROR] ./app/(root)/catalogue/page.tsx:15:7
Parsing ecmascript source code failed
  13 |         </section>
  14 |
> 15 |     </main>
     |       ^^^^
  16 |   )
  17 | }
  18 |

Expected corresponding JSX closing tag for <div> @ http://localhost:3000/_next/static/chunks/node_modules_next_dist_f3530cac._.js:3127
[  149764ms] [ERROR] ./app/(root)/catalogue/page.tsx:15:7
Parsing ecmascript source code failed
  13 |         </section>
  14 |
> 15 |     </main>
     |       ^^^^
  16 |   )
  17 | }
  18 |

Expected corresponding JSX closing tag for <div> @ http://localhost:3000/_next/static/chunks/node_modules_next_dist_f3530cac._.js:3127
[  149843ms] [ERROR] ./app/(root)/catalogue/page.tsx:15:7
Parsing ecmascript source code failed
  13 |         </section>
  14 |
> 15 |     </main>
     |       ^^^^
  16 |   )
  17 | }
  18 |

Expected corresponding JSX closing tag for <div> @ http://localhost:3000/_next/static/chunks/node_modules_next_dist_f3530cac._.js:3127
[  149920ms] [ERROR] ./app/(root)/catalogue/page.tsx:15:7
Parsing ecmascript source code failed
  13 |         </section>
  14 |
> 15 |     </main>
     |       ^^^^
  16 |   )
  17 | }
  18 |

Expected corresponding JSX closing tag for <div> @ http://localhost:3000/_next/static/chunks/node_modules_next_dist_f3530cac._.js:3127
[  150014ms] [ERROR] ./app/(root)/catalogue/page.tsx:15:7
Parsing ecmascript source code failed
  13 |         </section>
  14 |
> 15 |     </main>
     |       ^^^^
  16 |   )
  17 | }
  18 |

Expected corresponding JSX closing tag for <div> @ http://localhost:3000/_next/static/chunks/node_modules_next_dist_f3530cac._.js:3127
[  150092ms] [ERROR] ./app/(root)/catalogue/page.tsx:15:7
Parsing ecmascript source code failed
  13 |         </section>
  14 |
> 15 |     </main>
     |       ^^^^
  16 |   )
  17 | }
  18 |

Expected corresponding JSX closing tag for <div> @ http://localhost:3000/_next/static/chunks/node_modules_next_dist_f3530cac._.js:3127
[  150155ms] [ERROR] ./app/(root)/catalogue/page.tsx:15:7
Parsing ecmascript source code failed
  13 |         </section>
  14 |
> 15 |     </main>
     |       ^^^^
  16 |   )
  17 | }
  18 |

Expected corresponding JSX closing tag for <div> @ http://localhost:3000/_next/static/chunks/node_modules_next_dist_f3530cac._.js:3127
[  150232ms] [ERROR] ./app/(root)/catalogue/page.tsx:15:7
Parsing ecmascript source code failed
  13 |         </section>
  14 |
> 15 |     </main>
     |       ^^^^
  16 |   )
  17 | }
  18 |

Expected corresponding JSX closing tag for <div> @ http://localhost:3000/_next/static/chunks/node_modules_next_dist_f3530cac._.js:3127
[  150312ms] [ERROR] ./app/(root)/catalogue/page.tsx:15:7
Parsing ecmascript source code failed
  13 |         </section>
  14 |
> 15 |     </main>
     |       ^^^^
  16 |   )
  17 | }
  18 |

Expected corresponding JSX closing tag for <div> @ http://localhost:3000/_next/static/chunks/node_modules_next_dist_f3530cac._.js:3127
[  150391ms] [ERROR] ./app/(root)/catalogue/page.tsx:15:7
Parsing ecmascript source code failed
  13 |         </section>
  14 |
> 15 |     </main>
     |       ^^^^
  16 |   )
  17 | }
  18 |

Expected corresponding JSX closing tag for <div> @ http://localhost:3000/_next/static/chunks/node_modules_next_dist_f3530cac._.js:3127
[  150473ms] [ERROR] ./app/(root)/catalogue/page.tsx:15:7
Parsing ecmascript source code failed
  13 |         </section>
  14 |
> 15 |     </main>
     |       ^^^^
  16 |   )
  17 | }
  18 |

Expected corresponding JSX closing tag for <div> @ http://localhost:3000/_next/static/chunks/node_modules_next_dist_f3530cac._.js:3127
[  150548ms] [ERROR] ./app/(root)/catalogue/page.tsx:15:7
Parsing ecmascript source code failed
  13 |         </section>
  14 |
> 15 |     </main>
     |       ^^^^
  16 |   )
  17 | }
  18 |

Expected corresponding JSX closing tag for <div> @ http://localhost:3000/_next/static/chunks/node_modules_next_dist_f3530cac._.js:3127
[  150624ms] [ERROR] ./app/(root)/catalogue/page.tsx:15:7
Parsing ecmascript source code failed
  13 |         </section>
  14 |
> 15 |     </main>
     |       ^^^^
  16 |   )
  17 | }
  18 |

Expected corresponding JSX closing tag for <div> @ http://localhost:3000/_next/static/chunks/node_modules_next_dist_f3530cac._.js:3127
[  150690ms] [ERROR] ./app/(root)/catalogue/page.tsx:15:7
Parsing ecmascript source code failed
  13 |         </section>
  14 |
> 15 |     </main>
     |       ^^^^
  16 |   )
  17 | }
  18 |

Expected corresponding JSX closing tag for <div> @ http://localhost:3000/_next/static/chunks/node_modules_next_dist_f3530cac._.js:3127
[  150767ms] [ERROR] ./app/(root)/catalogue/page.tsx:15:7
Parsing ecmascript source code failed
  13 |         </section>
  14 |
> 15 |     </main>
     |       ^^^^
  16 |   )
  17 | }
  18 |

Expected corresponding JSX closing tag for <div> @ http://localhost:3000/_next/static/chunks/node_modules_next_dist_f3530cac._.js:3127
[  150845ms] [ERROR] ./app/(root)/catalogue/page.tsx:15:7
Parsing ecmascript source code failed
  13 |         </section>
  14 |
> 15 |     </main>
     |       ^^^^
  16 |   )
  17 | }
  18 |

Expected corresponding JSX closing tag for <div> @ http://localhost:3000/_next/static/chunks/node_modules_next_dist_f3530cac._.js:3127
[  150924ms] [ERROR] ./app/(root)/catalogue/page.tsx:15:7
Parsing ecmascript source code failed
  13 |         </section>
  14 |
> 15 |     </main>
     |       ^^^^
  16 |   )
  17 | }
  18 |

Expected corresponding JSX closing tag for <div> @ http://localhost:3000/_next/static/chunks/node_modules_next_dist_f3530cac._.js:3127
[  151004ms] [ERROR] ./app/(root)/catalogue/page.tsx:15:7
Parsing ecmascript source code failed
  13 |         </section>
  14 |
> 15 |     </main>
     |       ^^^^
  16 |   )
  17 | }
  18 |

Expected corresponding JSX closing tag for <div> @ http://localhost:3000/_next/static/chunks/node_modules_next_dist_f3530cac._.js:3127
[  151079ms] [ERROR] ./app/(root)/catalogue/page.tsx:15:7
Parsing ecmascript source code failed
  13 |         </section>
  14 |
> 15 |     </main>
     |       ^^^^
  16 |   )
  17 | }
  18 |

Expected corresponding JSX closing tag for <div> @ http://localhost:3000/_next/static/chunks/node_modules_next_dist_f3530cac._.js:3127
[  151156ms] [ERROR] ./app/(root)/catalogue/page.tsx:15:7
Parsing ecmascript source code failed
  13 |         </section>
  14 |
> 15 |     </main>
     |       ^^^^
  16 |   )
  17 | }
  18 |

Expected corresponding JSX closing tag for <div> @ http://localhost:3000/_next/static/chunks/node_modules_next_dist_f3530cac._.js:3127
[  151236ms] [ERROR] ./app/(root)/catalogue/page.tsx:15:7
Parsing ecmascript source code failed
  13 |         </section>
  14 |
> 15 |     </main>
     |       ^^^^
  16 |   )
  17 | }
  18 |

Expected corresponding JSX closing tag for <div> @ http://localhost:3000/_next/static/chunks/node_modules_next_dist_f3530cac._.js:3127
[  151312ms] [ERROR] ./app/(root)/catalogue/page.tsx:15:7
Parsing ecmascript source code failed
  13 |         </section>
  14 |
> 15 |     </main>
     |       ^^^^
  16 |   )
  17 | }
  18 |

Expected corresponding JSX closing tag for <div> @ http://localhost:3000/_next/static/chunks/node_modules_next_dist_f3530cac._.js:3127
[  151390ms] [ERROR] ./app/(root)/catalogue/page.tsx:15:7
Parsing ecmascript source code failed
  13 |         </section>
  14 |
> 15 |     </main>
     |       ^^^^
  16 |   )
  17 | }
  18 |

Expected corresponding JSX closing tag for <div> @ http://localhost:3000/_next/static/chunks/node_modules_next_dist_f3530cac._.js:3127
[  151467ms] [ERROR] ./app/(root)/catalogue/page.tsx:15:7
Parsing ecmascript source code failed
  13 |         </section>
  14 |
> 15 |     </main>
     |       ^^^^
  16 |   )
  17 | }
  18 |

Expected corresponding JSX closing tag for <div> @ http://localhost:3000/_next/static/chunks/node_modules_next_dist_f3530cac._.js:3127
[  151559ms] [ERROR] ./app/(root)/catalogue/page.tsx:15:7
Parsing ecmascript source code failed
  13 |         </section>
  14 |
> 15 |     </main>
     |       ^^^^
  16 |   )
  17 | }
  18 |

Expected corresponding JSX closing tag for <div> @ http://localhost:3000/_next/static/chunks/node_modules_next_dist_f3530cac._.js:3127
[  151637ms] [ERROR] ./app/(root)/catalogue/page.tsx:15:7
Parsing ecmascript source code failed
  13 |         </section>
  14 |
> 15 |     </main>
     |       ^^^^
  16 |   )
  17 | }
  18 |

Expected corresponding JSX closing tag for <div> @ http://localhost:3000/_next/static/chunks/node_modules_next_dist_f3530cac._.js:3127
[  151699ms] [ERROR] ./app/(root)/catalogue/page.tsx:15:7
Parsing ecmascript source code failed
  13 |         </section>
  14 |
> 15 |     </main>
     |       ^^^^
  16 |   )
  17 | }
  18 |

Expected corresponding JSX closing tag for <div> @ http://localhost:3000/_next/static/chunks/node_modules_next_dist_f3530cac._.js:3127
[  151774ms] [ERROR] ./app/(root)/catalogue/page.tsx:15:7
Parsing ecmascript source code failed
  13 |         </section>
  14 |
> 15 |     </main>
     |       ^^^^
  16 |   )
  17 | }
  18 |

Expected corresponding JSX closing tag for <div> @ http://localhost:3000/_next/static/chunks/node_modules_next_dist_f3530cac._.js:3127
[  151836ms] [ERROR] ./app/(root)/catalogue/page.tsx:15:7
Parsing ecmascript source code failed
  13 |         </section>
  14 |
> 15 |     </main>
     |       ^^^^
  16 |   )
  17 | }
  18 |

Expected corresponding JSX closing tag for <div> @ http://localhost:3000/_next/static/chunks/node_modules_next_dist_f3530cac._.js:3127
[  151912ms] [ERROR] ./app/(root)/catalogue/page.tsx:15:7
Parsing ecmascript source code failed
  13 |         </section>
  14 |
> 15 |     </main>
     |       ^^^^
  16 |   )
  17 | }
  18 |

Expected corresponding JSX closing tag for <div> @ http://localhost:3000/_next/static/chunks/node_modules_next_dist_f3530cac._.js:3127
[  151975ms] [ERROR] ./app/(root)/catalogue/page.tsx:15:7
Parsing ecmascript source code failed
  13 |         </section>
  14 |
> 15 |     </main>
     |       ^^^^
  16 |   )
  17 | }
  18 |

Expected corresponding JSX closing tag for <div> @ http://localhost:3000/_next/static/chunks/node_modules_next_dist_f3530cac._.js:3127
[  152052ms] [ERROR] ./app/(root)/catalogue/page.tsx:15:7
Parsing ecmascript source code failed
  13 |         </section>
  14 |
> 15 |     </main>
     |       ^^^^
  16 |   )
  17 | }
  18 |

Expected corresponding JSX closing tag for <div> @ http://localhost:3000/_next/static/chunks/node_modules_next_dist_f3530cac._.js:3127
[  152130ms] [ERROR] ./app/(root)/catalogue/page.tsx:15:7
Parsing ecmascript source code failed
  13 |         </section>
  14 |
> 15 |     </main>
     |       ^^^^
  16 |   )
  17 | }
  18 |

Expected corresponding JSX closing tag for <div> @ http://localhost:3000/_next/static/chunks/node_modules_next_dist_f3530cac._.js:3127
[  152207ms] [ERROR] ./app/(root)/catalogue/page.tsx:15:7
Parsing ecmascript source code failed
  13 |         </section>
  14 |
> 15 |     </main>
     |       ^^^^
  16 |   )
  17 | }
  18 |

Expected corresponding JSX closing tag for <div> @ http://localhost:3000/_next/static/chunks/node_modules_next_dist_f3530cac._.js:3127
[  152285ms] [ERROR] ./app/(root)/catalogue/page.tsx:15:7
Parsing ecmascript source code failed
  13 |         </section>
  14 |
> 15 |     </main>
     |       ^^^^
  16 |   )
  17 | }
  18 |

Expected corresponding JSX closing tag for <div> @ http://localhost:3000/_next/static/chunks/node_modules_next_dist_f3530cac._.js:3127
[  152363ms] [ERROR] ./app/(root)/catalogue/page.tsx:15:7
Parsing ecmascript source code failed
  13 |         </section>
  14 |
> 15 |     </main>
     |       ^^^^
  16 |   )
  17 | }
  18 |

Expected corresponding JSX closing tag for <div> @ http://localhost:3000/_next/static/chunks/node_modules_next_dist_f3530cac._.js:3127
[  152437ms] [ERROR] ./app/(root)/catalogue/page.tsx:15:7
Parsing ecmascript source code failed
  13 |         </section>
  14 |
> 15 |     </main>
     |       ^^^^
  16 |   )
  17 | }
  18 |

Expected corresponding JSX closing tag for <div> @ http://localhost:3000/_next/static/chunks/node_modules_next_dist_f3530cac._.js:3127
[  152516ms] [ERROR] ./app/(root)/catalogue/page.tsx:15:7
Parsing ecmascript source code failed
  13 |         </section>
  14 |
> 15 |     </main>
     |       ^^^^
  16 |   )
  17 | }
  18 |

Expected corresponding JSX closing tag for <div> @ http://localhost:3000/_next/static/chunks/node_modules_next_dist_f3530cac._.js:3127
[  152594ms] [ERROR] ./app/(root)/catalogue/page.tsx:15:7
Parsing ecmascript source code failed
  13 |         </section>
  14 |
> 15 |     </main>
     |       ^^^^
  16 |   )
  17 | }
  18 |

Expected corresponding JSX closing tag for <div> @ http://localhost:3000/_next/static/chunks/node_modules_next_dist_f3530cac._.js:3127
[  152673ms] [ERROR] ./app/(root)/catalogue/page.tsx:15:7
Parsing ecmascript source code failed
  13 |         </section>
  14 |
> 15 |     </main>
     |       ^^^^
  16 |   )
  17 | }
  18 |

Expected corresponding JSX closing tag for <div> @ http://localhost:3000/_next/static/chunks/node_modules_next_dist_f3530cac._.js:3127
[  152737ms] [ERROR] ./app/(root)/catalogue/page.tsx:15:7
Parsing ecmascript source code failed
  13 |         </section>
  14 |
> 15 |     </main>
     |       ^^^^
  16 |   )
  17 | }
  18 |

Expected corresponding JSX closing tag for <div> @ http://localhost:3000/_next/static/chunks/node_modules_next_dist_f3530cac._.js:3127
[  152816ms] [ERROR] ./app/(root)/catalogue/page.tsx:15:7
Parsing ecmascript source code failed
  13 |         </section>
  14 |
> 15 |     </main>
     |       ^^^^
  16 |   )
  17 | }
  18 |

Expected corresponding JSX closing tag for <div> @ http://localhost:3000/_next/static/chunks/node_modules_next_dist_f3530cac._.js:3127
[  152895ms] [ERROR] ./app/(root)/catalogue/page.tsx:15:7
Parsing ecmascript source code failed
  13 |         </section>
  14 |
> 15 |     </main>
     |       ^^^^
  16 |   )
  17 | }
  18 |

Expected corresponding JSX closing tag for <div> @ http://localhost:3000/_next/static/chunks/node_modules_next_dist_f3530cac._.js:3127
[  152972ms] [ERROR] ./app/(root)/catalogue/page.tsx:15:7
Parsing ecmascript source code failed
  13 |         </section>
  14 |
> 15 |     </main>
     |       ^^^^
  16 |   )
  17 | }
  18 |

Expected corresponding JSX closing tag for <div> @ http://localhost:3000/_next/static/chunks/node_modules_next_dist_f3530cac._.js:3127
[  153050ms] [ERROR] ./app/(root)/catalogue/page.tsx:15:7
Parsing ecmascript source code failed
  13 |         </section>
  14 |
> 15 |     </main>
     |       ^^^^
  16 |   )
  17 | }
  18 |

Expected corresponding JSX closing tag for <div> @ http://localhost:3000/_next/static/chunks/node_modules_next_dist_f3530cac._.js:3127
[  153128ms] [ERROR] ./app/(root)/catalogue/page.tsx:15:7
Parsing ecmascript source code failed
  13 |         </section>
  14 |
> 15 |     </main>
     |       ^^^^
  16 |   )
  17 | }
  18 |

Expected corresponding JSX closing tag for <div> @ http://localhost:3000/_next/static/chunks/node_modules_next_dist_f3530cac._.js:3127
[  153191ms] [ERROR] ./app/(root)/catalogue/page.tsx:15:7
Parsing ecmascript source code failed
  13 |         </section>
  14 |
> 15 |     </main>
     |       ^^^^
  16 |   )
  17 | }
  18 |

Expected corresponding JSX closing tag for <div> @ http://localhost:3000/_next/static/chunks/node_modules_next_dist_f3530cac._.js:3127
[  153269ms] [ERROR] ./app/(root)/catalogue/page.tsx:15:7
Parsing ecmascript source code failed
  13 |         </section>
  14 |
> 15 |     </main>
     |       ^^^^
  16 |   )
  17 | }
  18 |

Expected corresponding JSX closing tag for <div> @ http://localhost:3000/_next/static/chunks/node_modules_next_dist_f3530cac._.js:3127
[  153343ms] [ERROR] ./app/(root)/catalogue/page.tsx:15:7
Parsing ecmascript source code failed
  13 |         </section>
  14 |
> 15 |     </main>
     |       ^^^^
  16 |   )
  17 | }
  18 |

Expected corresponding JSX closing tag for <div> @ http://localhost:3000/_next/static/chunks/node_modules_next_dist_f3530cac._.js:3127
[  153422ms] [ERROR] ./app/(root)/catalogue/page.tsx:15:7
Parsing ecmascript source code failed
  13 |         </section>
  14 |
> 15 |     </main>
     |       ^^^^
  16 |   )
  17 | }
  18 |

Expected corresponding JSX closing tag for <div> @ http://localhost:3000/_next/static/chunks/node_modules_next_dist_f3530cac._.js:3127
[  153499ms] [ERROR] ./app/(root)/catalogue/page.tsx:15:7
Parsing ecmascript source code failed
  13 |         </section>
  14 |
> 15 |     </main>
     |       ^^^^
  16 |   )
  17 | }
  18 |

Expected corresponding JSX closing tag for <div> @ http://localhost:3000/_next/static/chunks/node_modules_next_dist_f3530cac._.js:3127
[  153578ms] [ERROR] ./app/(root)/catalogue/page.tsx:15:7
Parsing ecmascript source code failed
  13 |         </section>
  14 |
> 15 |     </main>
     |       ^^^^
  16 |   )
  17 | }
  18 |

Expected corresponding JSX closing tag for <div> @ http://localhost:3000/_next/static/chunks/node_modules_next_dist_f3530cac._.js:3127
[  153655ms] [ERROR] ./app/(root)/catalogue/page.tsx:15:7
Parsing ecmascript source code failed
  13 |         </section>
  14 |
> 15 |     </main>
     |       ^^^^
  16 |   )
  17 | }
  18 |

Expected corresponding JSX closing tag for <div> @ http://localhost:3000/_next/static/chunks/node_modules_next_dist_f3530cac._.js:3127
[  153733ms] [ERROR] ./app/(root)/catalogue/page.tsx:15:7
Parsing ecmascript source code failed
  13 |         </section>
  14 |
> 15 |     </main>
     |       ^^^^
  16 |   )
  17 | }
  18 |

Expected corresponding JSX closing tag for <div> @ http://localhost:3000/_next/static/chunks/node_modules_next_dist_f3530cac._.js:3127
[  153811ms] [ERROR] ./app/(root)/catalogue/page.tsx:15:7
Parsing ecmascript source code failed
  13 |         </section>
  14 |
> 15 |     </main>
     |       ^^^^
  16 |   )
  17 | }
  18 |

Expected corresponding JSX closing tag for <div> @ http://localhost:3000/_next/static/chunks/node_modules_next_dist_f3530cac._.js:3127
[  153895ms] [ERROR] ./app/(root)/catalogue/page.tsx:15:7
Parsing ecmascript source code failed
  13 |         </section>
  14 |
> 15 |     </main>
     |       ^^^^
  16 |   )
  17 | }
  18 |

Expected corresponding JSX closing tag for <div> @ http://localhost:3000/_next/static/chunks/node_modules_next_dist_f3530cac._.js:3127
[  153968ms] [ERROR] ./app/(root)/catalogue/page.tsx:15:7
Parsing ecmascript source code failed
  13 |         </section>
  14 |
> 15 |     </main>
     |       ^^^^
  16 |   )
  17 | }
  18 |

Expected corresponding JSX closing tag for <div> @ http://localhost:3000/_next/static/chunks/node_modules_next_dist_f3530cac._.js:3127
[  154044ms] [ERROR] ./app/(root)/catalogue/page.tsx:15:7
Parsing ecmascript source code failed
  13 |         </section>
  14 |
> 15 |     </main>
     |       ^^^^
  16 |   )
  17 | }
  18 |

Expected corresponding JSX closing tag for <div> @ http://localhost:3000/_next/static/chunks/node_modules_next_dist_f3530cac._.js:3127
[  154105ms] [ERROR] ./app/(root)/catalogue/page.tsx:15:7
Parsing ecmascript source code failed
  13 |         </section>
  14 |
> 15 |     </main>
     |       ^^^^
  16 |   )
  17 | }
  18 |

Expected corresponding JSX closing tag for <div> @ http://localhost:3000/_next/static/chunks/node_modules_next_dist_f3530cac._.js:3127
[  154169ms] [ERROR] ./app/(root)/catalogue/page.tsx:15:7
Parsing ecmascript source code failed
  13 |         </section>
  14 |
> 15 |     </main>
     |       ^^^^
  16 |   )
  17 | }
  18 |

Expected corresponding JSX closing tag for <div> @ http://localhost:3000/_next/static/chunks/node_modules_next_dist_f3530cac._.js:3127
[  154261ms] [ERROR] ./app/(root)/catalogue/page.tsx:15:7
Parsing ecmascript source code failed
  13 |         </section>
  14 |
> 15 |     </main>
     |       ^^^^
  16 |   )
  17 | }
  18 |

Expected corresponding JSX closing tag for <div> @ http://localhost:3000/_next/static/chunks/node_modules_next_dist_f3530cac._.js:3127
[  154337ms] [ERROR] ./app/(root)/catalogue/page.tsx:15:7
Parsing ecmascript source code failed
  13 |         </section>
  14 |
> 15 |     </main>
     |       ^^^^
  16 |   )
  17 | }
  18 |

Expected corresponding JSX closing tag for <div> @ http://localhost:3000/_next/static/chunks/node_modules_next_dist_f3530cac._.js:3127
[  154416ms] [ERROR] ./app/(root)/catalogue/page.tsx:15:7
Parsing ecmascript source code failed
  13 |         </section>
  14 |
> 15 |     </main>
     |       ^^^^
  16 |   )
  17 | }
  18 |

Expected corresponding JSX closing tag for <div> @ http://localhost:3000/_next/static/chunks/node_modules_next_dist_f3530cac._.js:3127
[  154492ms] [ERROR] ./app/(root)/catalogue/page.tsx:15:7
Parsing ecmascript source code failed
  13 |         </section>
  14 |
> 15 |     </main>
     |       ^^^^
  16 |   )
  17 | }
  18 |

Expected corresponding JSX closing tag for <div> @ http://localhost:3000/_next/static/chunks/node_modules_next_dist_f3530cac._.js:3127
[  154570ms] [ERROR] ./app/(root)/catalogue/page.tsx:15:7
Parsing ecmascript source code failed
  13 |         </section>
  14 |
> 15 |     </main>
     |       ^^^^
  16 |   )
  17 | }
  18 |

Expected corresponding JSX closing tag for <div> @ http://localhost:3000/_next/static/chunks/node_modules_next_dist_f3530cac._.js:3127
[  154631ms] [ERROR] ./app/(root)/catalogue/page.tsx:15:7
Parsing ecmascript source code failed
  13 |         </section>
  14 |
> 15 |     </main>
     |       ^^^^
  16 |   )
  17 | }
  18 |

Expected corresponding JSX closing tag for <div> @ http://localhost:3000/_next/static/chunks/node_modules_next_dist_f3530cac._.js:3127
[  154695ms] [ERROR] ./app/(root)/catalogue/page.tsx:15:7
Parsing ecmascript source code failed
  13 |         </section>
  14 |
> 15 |     </main>
     |       ^^^^
  16 |   )
  17 | }
  18 |

Expected corresponding JSX closing tag for <div> @ http://localhost:3000/_next/static/chunks/node_modules_next_dist_f3530cac._.js:3127
[  154773ms] [ERROR] ./app/(root)/catalogue/page.tsx:15:7
Parsing ecmascript source code failed
  13 |         </section>
  14 |
> 15 |     </main>
     |       ^^^^
  16 |   )
  17 | }
  18 |

Expected corresponding JSX closing tag for <div> @ http://localhost:3000/_next/static/chunks/node_modules_next_dist_f3530cac._.js:3127
[  154850ms] [ERROR] ./app/(root)/catalogue/page.tsx:15:7
Parsing ecmascript source code failed
  13 |         </section>
  14 |
> 15 |     </main>
     |       ^^^^
  16 |   )
  17 | }
  18 |

Expected corresponding JSX closing tag for <div> @ http://localhost:3000/_next/static/chunks/node_modules_next_dist_f3530cac._.js:3127
[  154948ms] [ERROR] ./app/(root)/catalogue/page.tsx:15:7
Parsing ecmascript source code failed
  13 |         </section>
  14 |
> 15 |     </main>
     |       ^^^^
  16 |   )
  17 | }
  18 |

Expected corresponding JSX closing tag for <div> @ http://localhost:3000/_next/static/chunks/node_modules_next_dist_f3530cac._.js:3127
[  155040ms] [ERROR] ./app/(root)/catalogue/page.tsx:15:7
Parsing ecmascript source code failed
  13 |         </section>
  14 |
> 15 |     </main>
     |       ^^^^
  16 |   )
  17 | }
  18 |

Expected corresponding JSX closing tag for <div> @ http://localhost:3000/_next/static/chunks/node_modules_next_dist_f3530cac._.js:3127
[  155115ms] [ERROR] ./app/(root)/catalogue/page.tsx:15:7
Parsing ecmascript source code failed
  13 |         </section>
  14 |
> 15 |     </main>
     |       ^^^^
  16 |   )
  17 | }
  18 |

Expected corresponding JSX closing tag for <div> @ http://localhost:3000/_next/static/chunks/node_modules_next_dist_f3530cac._.js:3127
[  155193ms] [ERROR] ./app/(root)/catalogue/page.tsx:15:7
Parsing ecmascript source code failed
  13 |         </section>
  14 |
> 15 |     </main>
     |       ^^^^
  16 |   )
  17 | }
  18 |

Expected corresponding JSX closing tag for <div> @ http://localhost:3000/_next/static/chunks/node_modules_next_dist_f3530cac._.js:3127
[  155271ms] [ERROR] ./app/(root)/catalogue/page.tsx:15:7
Parsing ecmascript source code failed
  13 |         </section>
  14 |
> 15 |     </main>
     |       ^^^^
  16 |   )
  17 | }
  18 |

Expected corresponding JSX closing tag for <div> @ http://localhost:3000/_next/static/chunks/node_modules_next_dist_f3530cac._.js:3127
[  155334ms] [ERROR] ./app/(root)/catalogue/page.tsx:15:7
Parsing ecmascript source code failed
  13 |         </section>
  14 |
> 15 |     </main>
     |       ^^^^
  16 |   )
  17 | }
  18 |

Expected corresponding JSX closing tag for <div> @ http://localhost:3000/_next/static/chunks/node_modules_next_dist_f3530cac._.js:3127
[  155410ms] [ERROR] ./app/(root)/catalogue/page.tsx:15:7
Parsing ecmascript source code failed
  13 |         </section>
  14 |
> 15 |     </main>
     |       ^^^^
  16 |   )
  17 | }
  18 |

Expected corresponding JSX closing tag for <div> @ http://localhost:3000/_next/static/chunks/node_modules_next_dist_f3530cac._.js:3127
[  155488ms] [ERROR] ./app/(root)/catalogue/page.tsx:15:7
Parsing ecmascript source code failed
  13 |         </section>
  14 |
> 15 |     </main>
     |       ^^^^
  16 |   )
  17 | }
  18 |

Expected corresponding JSX closing tag for <div> @ http://localhost:3000/_next/static/chunks/node_modules_next_dist_f3530cac._.js:3127
[  155565ms] [ERROR] ./app/(root)/catalogue/page.tsx:15:7
Parsing ecmascript source code failed
  13 |         </section>
  14 |
> 15 |     </main>
     |       ^^^^
  16 |   )
  17 | }
  18 |

Expected corresponding JSX closing tag for <div> @ http://localhost:3000/_next/static/chunks/node_modules_next_dist_f3530cac._.js:3127
[  155629ms] [ERROR] ./app/(root)/catalogue/page.tsx:15:7
Parsing ecmascript source code failed
  13 |         </section>
  14 |
> 15 |     </main>
     |       ^^^^
  16 |   )
  17 | }
  18 |

Expected corresponding JSX closing tag for <div> @ http://localhost:3000/_next/static/chunks/node_modules_next_dist_f3530cac._.js:3127
[  155708ms] [ERROR] ./app/(root)/catalogue/page.tsx:15:7
Parsing ecmascript source code failed
  13 |         </section>
  14 |
> 15 |     </main>
     |       ^^^^
  16 |   )
  17 | }
  18 |

Expected corresponding JSX closing tag for <div> @ http://localhost:3000/_next/static/chunks/node_modules_next_dist_f3530cac._.js:3127
[  155789ms] [ERROR] ./app/(root)/catalogue/page.tsx:15:7
Parsing ecmascript source code failed
  13 |         </section>
  14 |
> 15 |     </main>
     |       ^^^^
  16 |   )
  17 | }
  18 |

Expected corresponding JSX closing tag for <div> @ http://localhost:3000/_next/static/chunks/node_modules_next_dist_f3530cac._.js:3127
[  155864ms] [ERROR] ./app/(root)/catalogue/page.tsx:15:7
Parsing ecmascript source code failed
  13 |         </section>
  14 |
> 15 |     </main>
     |       ^^^^
  16 |   )
  17 | }
  18 |

Expected corresponding JSX closing tag for <div> @ http://localhost:3000/_next/static/chunks/node_modules_next_dist_f3530cac._.js:3127
[  155940ms] [ERROR] ./app/(root)/catalogue/page.tsx:15:7
Parsing ecmascript source code failed
  13 |         </section>
  14 |
> 15 |     </main>
     |       ^^^^
  16 |   )
  17 | }
  18 |

Expected corresponding JSX closing tag for <div> @ http://localhost:3000/_next/static/chunks/node_modules_next_dist_f3530cac._.js:3127
[  156018ms] [ERROR] ./app/(root)/catalogue/page.tsx:15:7
Parsing ecmascript source code failed
  13 |         </section>
  14 |
> 15 |     </main>
     |       ^^^^
  16 |   )
  17 | }
  18 |

Expected corresponding JSX closing tag for <div> @ http://localhost:3000/_next/static/chunks/node_modules_next_dist_f3530cac._.js:3127
[  156095ms] [ERROR] ./app/(root)/catalogue/page.tsx:15:7
Parsing ecmascript source code failed
  13 |         </section>
  14 |
> 15 |     </main>
     |       ^^^^
  16 |   )
  17 | }
  18 |

Expected corresponding JSX closing tag for <div> @ http://localhost:3000/_next/static/chunks/node_modules_next_dist_f3530cac._.js:3127
[  156170ms] [ERROR] ./app/(root)/catalogue/page.tsx:15:7
Parsing ecmascript source code failed
  13 |         </section>
  14 |
> 15 |     </main>
     |       ^^^^
  16 |   )
  17 | }
  18 |

Expected corresponding JSX closing tag for <div> @ http://localhost:3000/_next/static/chunks/node_modules_next_dist_f3530cac._.js:3127
[  156247ms] [ERROR] ./app/(root)/catalogue/page.tsx:15:7
Parsing ecmascript source code failed
  13 |         </section>
  14 |
> 15 |     </main>
     |       ^^^^
  16 |   )
  17 | }
  18 |

Expected corresponding JSX closing tag for <div> @ http://localhost:3000/_next/static/chunks/node_modules_next_dist_f3530cac._.js:3127
[  156323ms] [ERROR] ./app/(root)/catalogue/page.tsx:15:7
Parsing ecmascript source code failed
  13 |         </section>
  14 |
> 15 |     </main>
     |       ^^^^
  16 |   )
  17 | }
  18 |

Expected corresponding JSX closing tag for <div> @ http://localhost:3000/_next/static/chunks/node_modules_next_dist_f3530cac._.js:3127
[  156387ms] [ERROR] ./app/(root)/catalogue/page.tsx:15:7
Parsing ecmascript source code failed
  13 |         </section>
  14 |
> 15 |     </main>
     |       ^^^^
  16 |   )
  17 | }
  18 |

Expected corresponding JSX closing tag for <div> @ http://localhost:3000/_next/static/chunks/node_modules_next_dist_f3530cac._.js:3127
[  156465ms] [ERROR] ./app/(root)/catalogue/page.tsx:15:7
Parsing ecmascript source code failed
  13 |         </section>
  14 |
> 15 |     </main>
     |       ^^^^
  16 |   )
  17 | }
  18 |

Expected corresponding JSX closing tag for <div> @ http://localhost:3000/_next/static/chunks/node_modules_next_dist_f3530cac._.js:3127
[  156547ms] [ERROR] ./app/(root)/catalogue/page.tsx:15:7
Parsing ecmascript source code failed
  13 |         </section>
  14 |
> 15 |     </main>
     |       ^^^^
  16 |   )
  17 | }
  18 |

Expected corresponding JSX closing tag for <div> @ http://localhost:3000/_next/static/chunks/node_modules_next_dist_f3530cac._.js:3127
[  156620ms] [ERROR] ./app/(root)/catalogue/page.tsx:15:7
Parsing ecmascript source code failed
  13 |         </section>
  14 |
> 15 |     </main>
     |       ^^^^
  16 |   )
  17 | }
  18 |

Expected corresponding JSX closing tag for <div> @ http://localhost:3000/_next/static/chunks/node_modules_next_dist_f3530cac._.js:3127
[  156700ms] [ERROR] ./app/(root)/catalogue/page.tsx:15:7
Parsing ecmascript source code failed
  13 |         </section>
  14 |
> 15 |     </main>
     |       ^^^^
  16 |   )
  17 | }
  18 |

Expected corresponding JSX closing tag for <div> @ http://localhost:3000/_next/static/chunks/node_modules_next_dist_f3530cac._.js:3127
[  156774ms] [ERROR] ./app/(root)/catalogue/page.tsx:15:7
Parsing ecmascript source code failed
  13 |         </section>
  14 |
> 15 |     </main>
     |       ^^^^
  16 |   )
  17 | }
  18 |

Expected corresponding JSX closing tag for <div> @ http://localhost:3000/_next/static/chunks/node_modules_next_dist_f3530cac._.js:3127
[  156836ms] [ERROR] ./app/(root)/catalogue/page.tsx:15:7
Parsing ecmascript source code failed
  13 |         </section>
  14 |
> 15 |     </main>
     |       ^^^^
  16 |   )
  17 | }
  18 |

Expected corresponding JSX closing tag for <div> @ http://localhost:3000/_next/static/chunks/node_modules_next_dist_f3530cac._.js:3127
[  156897ms] [ERROR] ./app/(root)/catalogue/page.tsx:15:7
Parsing ecmascript source code failed
  13 |         </section>
  14 |
> 15 |     </main>
     |       ^^^^
  16 |   )
  17 | }
  18 |

Expected corresponding JSX closing tag for <div> @ http://localhost:3000/_next/static/chunks/node_modules_next_dist_f3530cac._.js:3127
[  156974ms] [ERROR] ./app/(root)/catalogue/page.tsx:15:7
Parsing ecmascript source code failed
  13 |         </section>
  14 |
> 15 |     </main>
     |       ^^^^
  16 |   )
  17 | }
  18 |

Expected corresponding JSX closing tag for <div> @ http://localhost:3000/_next/static/chunks/node_modules_next_dist_f3530cac._.js:3127
[  157053ms] [ERROR] ./app/(root)/catalogue/page.tsx:15:7
Parsing ecmascript source code failed
  13 |         </section>
  14 |
> 15 |     </main>
     |       ^^^^
  16 |   )
  17 | }
  18 |

Expected corresponding JSX closing tag for <div> @ http://localhost:3000/_next/static/chunks/node_modules_next_dist_f3530cac._.js:3127
[  157131ms] [ERROR] ./app/(root)/catalogue/page.tsx:15:7
Parsing ecmascript source code failed
  13 |         </section>
  14 |
> 15 |     </main>
     |       ^^^^
  16 |   )
  17 | }
  18 |

Expected corresponding JSX closing tag for <div> @ http://localhost:3000/_next/static/chunks/node_modules_next_dist_f3530cac._.js:3127
[  157193ms] [ERROR] ./app/(root)/catalogue/page.tsx:15:7
Parsing ecmascript source code failed
  13 |         </section>
  14 |
> 15 |     </main>
     |       ^^^^
  16 |   )
  17 | }
  18 |

Expected corresponding JSX closing tag for <div> @ http://localhost:3000/_next/static/chunks/node_modules_next_dist_f3530cac._.js:3127
[  157254ms] [ERROR] ./app/(root)/catalogue/page.tsx:15:7
Parsing ecmascript source code failed
  13 |         </section>
  14 |
> 15 |     </main>
     |       ^^^^
  16 |   )
  17 | }
  18 |

Expected corresponding JSX closing tag for <div> @ http://localhost:3000/_next/static/chunks/node_modules_next_dist_f3530cac._.js:3127
[  157340ms] [ERROR] ./app/(root)/catalogue/page.tsx:15:7
Parsing ecmascript source code failed
  13 |         </section>
  14 |
> 15 |     </main>
     |       ^^^^
  16 |   )
  17 | }
  18 |

Expected corresponding JSX closing tag for <div> @ http://localhost:3000/_next/static/chunks/node_modules_next_dist_f3530cac._.js:3127
[  157412ms] [ERROR] ./app/(root)/catalogue/page.tsx:15:7
Parsing ecmascript source code failed
  13 |         </section>
  14 |
> 15 |     </main>
     |       ^^^^
  16 |   )
  17 | }
  18 |

Expected corresponding JSX closing tag for <div> @ http://localhost:3000/_next/static/chunks/node_modules_next_dist_f3530cac._.js:3127
[  157487ms] [ERROR] ./app/(root)/catalogue/page.tsx:15:7
Parsing ecmascript source code failed
  13 |         </section>
  14 |
> 15 |     </main>
     |       ^^^^
  16 |   )
  17 | }
  18 |

Expected corresponding JSX closing tag for <div> @ http://localhost:3000/_next/static/chunks/node_modules_next_dist_f3530cac._.js:3127
[  157567ms] [ERROR] ./app/(root)/catalogue/page.tsx:15:7
Parsing ecmascript source code failed
  13 |         </section>
  14 |
> 15 |     </main>
     |       ^^^^
  16 |   )
  17 | }
  18 |

Expected corresponding JSX closing tag for <div> @ http://localhost:3000/_next/static/chunks/node_modules_next_dist_f3530cac._.js:3127
[  157643ms] [ERROR] ./app/(root)/catalogue/page.tsx:15:7
Parsing ecmascript source code failed
  13 |         </section>
  14 |
> 15 |     </main>
     |       ^^^^
  16 |   )
  17 | }
  18 |

Expected corresponding JSX closing tag for <div> @ http://localhost:3000/_next/static/chunks/node_modules_next_dist_f3530cac._.js:3127
[  157720ms] [ERROR] ./app/(root)/catalogue/page.tsx:15:7
Parsing ecmascript source code failed
  13 |         </section>
  14 |
> 15 |     </main>
     |       ^^^^
  16 |   )
  17 | }
  18 |

Expected corresponding JSX closing tag for <div> @ http://localhost:3000/_next/static/chunks/node_modules_next_dist_f3530cac._.js:3127
[  157786ms] [ERROR] ./app/(root)/catalogue/page.tsx:15:7
Parsing ecmascript source code failed
  13 |         </section>
  14 |
> 15 |     </main>
     |       ^^^^
  16 |   )
  17 | }
  18 |

Expected corresponding JSX closing tag for <div> @ http://localhost:3000/_next/static/chunks/node_modules_next_dist_f3530cac._.js:3127
[  157862ms] [ERROR] ./app/(root)/catalogue/page.tsx:15:7
Parsing ecmascript source code failed
  13 |         </section>
  14 |
> 15 |     </main>
     |       ^^^^
  16 |   )
  17 | }
  18 |

Expected corresponding JSX closing tag for <div> @ http://localhost:3000/_next/static/chunks/node_modules_next_dist_f3530cac._.js:3127
[  157942ms] [ERROR] ./app/(root)/catalogue/page.tsx:15:7
Parsing ecmascript source code failed
  13 |         </section>
  14 |
> 15 |     </main>
     |       ^^^^
  16 |   )
  17 | }
  18 |

Expected corresponding JSX closing tag for <div> @ http://localhost:3000/_next/static/chunks/node_modules_next_dist_f3530cac._.js:3127
[  158021ms] [ERROR] ./app/(root)/catalogue/page.tsx:15:7
Parsing ecmascript source code failed
  13 |         </section>
  14 |
> 15 |     </main>
     |       ^^^^
  16 |   )
  17 | }
  18 |

Expected corresponding JSX closing tag for <div> @ http://localhost:3000/_next/static/chunks/node_modules_next_dist_f3530cac._.js:3127
[  158102ms] [ERROR] ./app/(root)/catalogue/page.tsx:15:7
Parsing ecmascript source code failed
  13 |         </section>
  14 |
> 15 |     </main>
     |       ^^^^
  16 |   )
  17 | }
  18 |

Expected corresponding JSX closing tag for <div> @ http://localhost:3000/_next/static/chunks/node_modules_next_dist_f3530cac._.js:3127
[  158181ms] [ERROR] ./app/(root)/catalogue/page.tsx:15:7
Parsing ecmascript source code failed
  13 |         </section>
  14 |
> 15 |     </main>
     |       ^^^^
  16 |   )
  17 | }
  18 |

Expected corresponding JSX closing tag for <div> @ http://localhost:3000/_next/static/chunks/node_modules_next_dist_f3530cac._.js:3127
[  158255ms] [ERROR] ./app/(root)/catalogue/page.tsx:15:7
Parsing ecmascript source code failed
  13 |         </section>
  14 |
> 15 |     </main>
     |       ^^^^
  16 |   )
  17 | }
  18 |

Expected corresponding JSX closing tag for <div> @ http://localhost:3000/_next/static/chunks/node_modules_next_dist_f3530cac._.js:3127
[  158331ms] [ERROR] ./app/(root)/catalogue/page.tsx:15:7
Parsing ecmascript source code failed
  13 |         </section>
  14 |
> 15 |     </main>
     |       ^^^^
  16 |   )
  17 | }
  18 |

Expected corresponding JSX closing tag for <div> @ http://localhost:3000/_next/static/chunks/node_modules_next_dist_f3530cac._.js:3127
[  158393ms] [ERROR] ./app/(root)/catalogue/page.tsx:15:7
Parsing ecmascript source code failed
  13 |         </section>
  14 |
> 15 |     </main>
     |       ^^^^
  16 |   )
  17 | }
  18 |

Expected corresponding JSX closing tag for <div> @ http://localhost:3000/_next/static/chunks/node_modules_next_dist_f3530cac._.js:3127
[  158471ms] [ERROR] ./app/(root)/catalogue/page.tsx:15:7
Parsing ecmascript source code failed
  13 |         </section>
  14 |
> 15 |     </main>
     |       ^^^^
  16 |   )
  17 | }
  18 |

Expected corresponding JSX closing tag for <div> @ http://localhost:3000/_next/static/chunks/node_modules_next_dist_f3530cac._.js:3127
[  158549ms] [ERROR] ./app/(root)/catalogue/page.tsx:15:7
Parsing ecmascript source code failed
  13 |         </section>
  14 |
> 15 |     </main>
     |       ^^^^
  16 |   )
  17 | }
  18 |

Expected corresponding JSX closing tag for <div> @ http://localhost:3000/_next/static/chunks/node_modules_next_dist_f3530cac._.js:3127
[  158627ms] [ERROR] ./app/(root)/catalogue/page.tsx:15:7
Parsing ecmascript source code failed
  13 |         </section>
  14 |
> 15 |     </main>
     |       ^^^^
  16 |   )
  17 | }
  18 |

Expected corresponding JSX closing tag for <div> @ http://localhost:3000/_next/static/chunks/node_modules_next_dist_f3530cac._.js:3127
[  158704ms] [ERROR] ./app/(root)/catalogue/page.tsx:15:7
Parsing ecmascript source code failed
  13 |         </section>
  14 |
> 15 |     </main>
     |       ^^^^
  16 |   )
  17 | }
  18 |

Expected corresponding JSX closing tag for <div> @ http://localhost:3000/_next/static/chunks/node_modules_next_dist_f3530cac._.js:3127
[  158782ms] [ERROR] ./app/(root)/catalogue/page.tsx:15:7
Parsing ecmascript source code failed
  13 |         </section>
  14 |
> 15 |     </main>
     |       ^^^^
  16 |   )
  17 | }
  18 |

Expected corresponding JSX closing tag for <div> @ http://localhost:3000/_next/static/chunks/node_modules_next_dist_f3530cac._.js:3127
[  158860ms] [ERROR] ./app/(root)/catalogue/page.tsx:15:7
Parsing ecmascript source code failed
  13 |         </section>
  14 |
> 15 |     </main>
     |       ^^^^
  16 |   )
  17 | }
  18 |

Expected corresponding JSX closing tag for <div> @ http://localhost:3000/_next/static/chunks/node_modules_next_dist_f3530cac._.js:3127
[  158938ms] [ERROR] ./app/(root)/catalogue/page.tsx:15:7
Parsing ecmascript source code failed
  13 |         </section>
  14 |
> 15 |     </main>
     |       ^^^^
  16 |   )
  17 | }
  18 |

Expected corresponding JSX closing tag for <div> @ http://localhost:3000/_next/static/chunks/node_modules_next_dist_f3530cac._.js:3127
[  159013ms] [ERROR] ./app/(root)/catalogue/page.tsx:15:7
Parsing ecmascript source code failed
  13 |         </section>
  14 |
> 15 |     </main>
     |       ^^^^
  16 |   )
  17 | }
  18 |

Expected corresponding JSX closing tag for <div> @ http://localhost:3000/_next/static/chunks/node_modules_next_dist_f3530cac._.js:3127
[  159090ms] [ERROR] ./app/(root)/catalogue/page.tsx:15:7
Parsing ecmascript source code failed
  13 |         </section>
  14 |
> 15 |     </main>
     |       ^^^^
  16 |   )
  17 | }
  18 |

Expected corresponding JSX closing tag for <div> @ http://localhost:3000/_next/static/chunks/node_modules_next_dist_f3530cac._.js:3127
[  159167ms] [ERROR] ./app/(root)/catalogue/page.tsx:15:7
Parsing ecmascript source code failed
  13 |         </section>
  14 |
> 15 |     </main>
     |       ^^^^
  16 |   )
  17 | }
  18 |

Expected corresponding JSX closing tag for <div> @ http://localhost:3000/_next/static/chunks/node_modules_next_dist_f3530cac._.js:3127
[  159244ms] [ERROR] ./app/(root)/catalogue/page.tsx:15:7
Parsing ecmascript source code failed
  13 |         </section>
  14 |
> 15 |     </main>
     |       ^^^^
  16 |   )
  17 | }
  18 |

Expected corresponding JSX closing tag for <div> @ http://localhost:3000/_next/static/chunks/node_modules_next_dist_f3530cac._.js:3127
[  159321ms] [ERROR] ./app/(root)/catalogue/page.tsx:15:7
Parsing ecmascript source code failed
  13 |         </section>
  14 |
> 15 |     </main>
     |       ^^^^
  16 |   )
  17 | }
  18 |

Expected corresponding JSX closing tag for <div> @ http://localhost:3000/_next/static/chunks/node_modules_next_dist_f3530cac._.js:3127
[  159399ms] [ERROR] ./app/(root)/catalogue/page.tsx:15:7
Parsing ecmascript source code failed
  13 |         </section>
  14 |
> 15 |     </main>
     |       ^^^^
  16 |   )
  17 | }
  18 |

Expected corresponding JSX closing tag for <div> @ http://localhost:3000/_next/static/chunks/node_modules_next_dist_f3530cac._.js:3127
[  159475ms] [ERROR] ./app/(root)/catalogue/page.tsx:15:7
Parsing ecmascript source code failed
  13 |         </section>
  14 |
> 15 |     </main>
     |       ^^^^
  16 |   )
  17 | }
  18 |

Expected corresponding JSX closing tag for <div> @ http://localhost:3000/_next/static/chunks/node_modules_next_dist_f3530cac._.js:3127
[  159556ms] [ERROR] ./app/(root)/catalogue/page.tsx:15:7
Parsing ecmascript source code failed
  13 |         </section>
  14 |
> 15 |     </main>
     |       ^^^^
  16 |   )
  17 | }
  18 |

Expected corresponding JSX closing tag for <div> @ http://localhost:3000/_next/static/chunks/node_modules_next_dist_f3530cac._.js:3127
[  159632ms] [ERROR] ./app/(root)/catalogue/page.tsx:15:7
Parsing ecmascript source code failed
  13 |         </section>
  14 |
> 15 |     </main>
     |       ^^^^
  16 |   )
  17 | }
  18 |

Expected corresponding JSX closing tag for <div> @ http://localhost:3000/_next/static/chunks/node_modules_next_dist_f3530cac._.js:3127
[  159709ms] [ERROR] ./app/(root)/catalogue/page.tsx:15:7
Parsing ecmascript source code failed
  13 |         </section>
  14 |
> 15 |     </main>
     |       ^^^^
  16 |   )
  17 | }
  18 |

Expected corresponding JSX closing tag for <div> @ http://localhost:3000/_next/static/chunks/node_modules_next_dist_f3530cac._.js:3127
[  159785ms] [ERROR] ./app/(root)/catalogue/page.tsx:15:7
Parsing ecmascript source code failed
  13 |         </section>
  14 |
> 15 |     </main>
     |       ^^^^
  16 |   )
  17 | }
  18 |

Expected corresponding JSX closing tag for <div> @ http://localhost:3000/_next/static/chunks/node_modules_next_dist_f3530cac._.js:3127
[  159847ms] [ERROR] ./app/(root)/catalogue/page.tsx:15:7
Parsing ecmascript source code failed
  13 |         </section>
  14 |
> 15 |     </main>
     |       ^^^^
  16 |   )
  17 | }
  18 |

Expected corresponding JSX closing tag for <div> @ http://localhost:3000/_next/static/chunks/node_modules_next_dist_f3530cac._.js:3127
[  159911ms] [ERROR] ./app/(root)/catalogue/page.tsx:15:7
Parsing ecmascript source code failed
  13 |         </section>
  14 |
> 15 |     </main>
     |       ^^^^
  16 |   )
  17 | }
  18 |

Expected corresponding JSX closing tag for <div> @ http://localhost:3000/_next/static/chunks/node_modules_next_dist_f3530cac._.js:3127
[  159987ms] [ERROR] ./app/(root)/catalogue/page.tsx:15:7
Parsing ecmascript source code failed
  13 |         </section>
  14 |
> 15 |     </main>
     |       ^^^^
  16 |   )
  17 | }
  18 |

Expected corresponding JSX closing tag for <div> @ http://localhost:3000/_next/static/chunks/node_modules_next_dist_f3530cac._.js:3127
[  160065ms] [ERROR] ./app/(root)/catalogue/page.tsx:15:7
Parsing ecmascript source code failed
  13 |         </section>
  14 |
> 15 |     </main>
     |       ^^^^
  16 |   )
  17 | }
  18 |

Expected corresponding JSX closing tag for <div> @ http://localhost:3000/_next/static/chunks/node_modules_next_dist_f3530cac._.js:3127
[  160141ms] [ERROR] ./app/(root)/catalogue/page.tsx:15:7
Parsing ecmascript source code failed
  13 |         </section>
  14 |
> 15 |     </main>
     |       ^^^^
  16 |   )
  17 | }
  18 |

Expected corresponding JSX closing tag for <div> @ http://localhost:3000/_next/static/chunks/node_modules_next_dist_f3530cac._.js:3127
[  160220ms] [ERROR] ./app/(root)/catalogue/page.tsx:15:7
Parsing ecmascript source code failed
  13 |         </section>
  14 |
> 15 |     </main>
     |       ^^^^
  16 |   )
  17 | }
  18 |

Expected corresponding JSX closing tag for <div> @ http://localhost:3000/_next/static/chunks/node_modules_next_dist_f3530cac._.js:3127
[  160300ms] [ERROR] ./app/(root)/catalogue/page.tsx:15:7
Parsing ecmascript source code failed
  13 |         </section>
  14 |
> 15 |     </main>
     |       ^^^^
  16 |   )
  17 | }
  18 |

Expected corresponding JSX closing tag for <div> @ http://localhost:3000/_next/static/chunks/node_modules_next_dist_f3530cac._.js:3127
[  160375ms] [ERROR] ./app/(root)/catalogue/page.tsx:15:7
Parsing ecmascript source code failed
  13 |         </section>
  14 |
> 15 |     </main>
     |       ^^^^
  16 |   )
  17 | }
  18 |

Expected corresponding JSX closing tag for <div> @ http://localhost:3000/_next/static/chunks/node_modules_next_dist_f3530cac._.js:3127
[  160454ms] [ERROR] ./app/(root)/catalogue/page.tsx:15:7
Parsing ecmascript source code failed
  13 |         </section>
  14 |
> 15 |     </main>
     |       ^^^^
  16 |   )
  17 | }
  18 |

Expected corresponding JSX closing tag for <div> @ http://localhost:3000/_next/static/chunks/node_modules_next_dist_f3530cac._.js:3127
[  160532ms] [ERROR] ./app/(root)/catalogue/page.tsx:15:7
Parsing ecmascript source code failed
  13 |         </section>
  14 |
> 15 |     </main>
     |       ^^^^
  16 |   )
  17 | }
  18 |

Expected corresponding JSX closing tag for <div> @ http://localhost:3000/_next/static/chunks/node_modules_next_dist_f3530cac._.js:3127
[  160608ms] [ERROR] ./app/(root)/catalogue/page.tsx:15:7
Parsing ecmascript source code failed
  13 |         </section>
  14 |
> 15 |     </main>
     |       ^^^^
  16 |   )
  17 | }
  18 |

Expected corresponding JSX closing tag for <div> @ http://localhost:3000/_next/static/chunks/node_modules_next_dist_f3530cac._.js:3127
[  160686ms] [ERROR] ./app/(root)/catalogue/page.tsx:15:7
Parsing ecmascript source code failed
  13 |         </section>
  14 |
> 15 |     </main>
     |       ^^^^
  16 |   )
  17 | }
  18 |

Expected corresponding JSX closing tag for <div> @ http://localhost:3000/_next/static/chunks/node_modules_next_dist_f3530cac._.js:3127
[  160763ms] [ERROR] ./app/(root)/catalogue/page.tsx:15:7
Parsing ecmascript source code failed
  13 |         </section>
  14 |
> 15 |     </main>
     |       ^^^^
  16 |   )
  17 | }
  18 |

Expected corresponding JSX closing tag for <div> @ http://localhost:3000/_next/static/chunks/node_modules_next_dist_f3530cac._.js:3127
[  160842ms] [ERROR] ./app/(root)/catalogue/page.tsx:15:7
Parsing ecmascript source code failed
  13 |         </section>
  14 |
> 15 |     </main>
     |       ^^^^
  16 |   )
  17 | }
  18 |

Expected corresponding JSX closing tag for <div> @ http://localhost:3000/_next/static/chunks/node_modules_next_dist_f3530cac._.js:3127
[  160921ms] [ERROR] ./app/(root)/catalogue/page.tsx:15:7
Parsing ecmascript source code failed
  13 |         </section>
  14 |
> 15 |     </main>
     |       ^^^^
  16 |   )
  17 | }
  18 |

Expected corresponding JSX closing tag for <div> @ http://localhost:3000/_next/static/chunks/node_modules_next_dist_f3530cac._.js:3127
[  161003ms] [ERROR] ./app/(root)/catalogue/page.tsx:15:7
Parsing ecmascript source code failed
  13 |         </section>
  14 |
> 15 |     </main>
     |       ^^^^
  16 |   )
  17 | }
  18 |

Expected corresponding JSX closing tag for <div> @ http://localhost:3000/_next/static/chunks/node_modules_next_dist_f3530cac._.js:3127
[  161097ms] [ERROR] ./app/(root)/catalogue/page.tsx:15:7
Parsing ecmascript source code failed
  13 |         </section>
  14 |
> 15 |     </main>
     |       ^^^^
  16 |   )
  17 | }
  18 |

Expected corresponding JSX closing tag for <div> @ http://localhost:3000/_next/static/chunks/node_modules_next_dist_f3530cac._.js:3127
[  161182ms] [ERROR] ./app/(root)/catalogue/page.tsx:15:7
Parsing ecmascript source code failed
  13 |         </section>
  14 |
> 15 |     </main>
     |       ^^^^
  16 |   )
  17 | }
  18 |

Expected corresponding JSX closing tag for <div> @ http://localhost:3000/_next/static/chunks/node_modules_next_dist_f3530cac._.js:3127
[  161249ms] [ERROR] ./app/(root)/catalogue/page.tsx:15:7
Parsing ecmascript source code failed
  13 |         </section>
  14 |
> 15 |     </main>
     |       ^^^^
  16 |   )
  17 | }
  18 |

Expected corresponding JSX closing tag for <div> @ http://localhost:3000/_next/static/chunks/node_modules_next_dist_f3530cac._.js:3127
[  161324ms] [ERROR] ./app/(root)/catalogue/page.tsx:15:7
Parsing ecmascript source code failed
  13 |         </section>
  14 |
> 15 |     </main>
     |       ^^^^
  16 |   )
  17 | }
  18 |

Expected corresponding JSX closing tag for <div> @ http://localhost:3000/_next/static/chunks/node_modules_next_dist_f3530cac._.js:3127
[  161385ms] [ERROR] ./app/(root)/catalogue/page.tsx:15:7
Parsing ecmascript source code failed
  13 |         </section>
  14 |
> 15 |     </main>
     |       ^^^^
  16 |   )
  17 | }
  18 |

Expected corresponding JSX closing tag for <div> @ http://localhost:3000/_next/static/chunks/node_modules_next_dist_f3530cac._.js:3127
[  161448ms] [ERROR] ./app/(root)/catalogue/page.tsx:15:7
Parsing ecmascript source code failed
  13 |         </section>
  14 |
> 15 |     </main>
     |       ^^^^
  16 |   )
  17 | }
  18 |

Expected corresponding JSX closing tag for <div> @ http://localhost:3000/_next/static/chunks/node_modules_next_dist_f3530cac._.js:3127
[  161510ms] [ERROR] ./app/(root)/catalogue/page.tsx:15:7
Parsing ecmascript source code failed
  13 |         </section>
  14 |
> 15 |     </main>
     |       ^^^^
  16 |   )
  17 | }
  18 |

Expected corresponding JSX closing tag for <div> @ http://localhost:3000/_next/static/chunks/node_modules_next_dist_f3530cac._.js:3127
[  161585ms] [ERROR] ./app/(root)/catalogue/page.tsx:15:7
Parsing ecmascript source code failed
  13 |         </section>
  14 |
> 15 |     </main>
     |       ^^^^
  16 |   )
  17 | }
  18 |

Expected corresponding JSX closing tag for <div> @ http://localhost:3000/_next/static/chunks/node_modules_next_dist_f3530cac._.js:3127
[  161662ms] [ERROR] ./app/(root)/catalogue/page.tsx:15:7
Parsing ecmascript source code failed
  13 |         </section>
  14 |
> 15 |     </main>
     |       ^^^^
  16 |   )
  17 | }
  18 |

Expected corresponding JSX closing tag for <div> @ http://localhost:3000/_next/static/chunks/node_modules_next_dist_f3530cac._.js:3127
[  161742ms] [ERROR] ./app/(root)/catalogue/page.tsx:15:7
Parsing ecmascript source code failed
  13 |         </section>
  14 |
> 15 |     </main>
     |       ^^^^
  16 |   )
  17 | }
  18 |

Expected corresponding JSX closing tag for <div> @ http://localhost:3000/_next/static/chunks/node_modules_next_dist_f3530cac._.js:3127
[  161817ms] [ERROR] ./app/(root)/catalogue/page.tsx:15:7
Parsing ecmascript source code failed
  13 |         </section>
  14 |
> 15 |     </main>
     |       ^^^^
  16 |   )
  17 | }
  18 |

Expected corresponding JSX closing tag for <div> @ http://localhost:3000/_next/static/chunks/node_modules_next_dist_f3530cac._.js:3127
[  161898ms] [ERROR] ./app/(root)/catalogue/page.tsx:15:7
Parsing ecmascript source code failed
  13 |         </section>
  14 |
> 15 |     </main>
     |       ^^^^
  16 |   )
  17 | }
  18 |

Expected corresponding JSX closing tag for <div> @ http://localhost:3000/_next/static/chunks/node_modules_next_dist_f3530cac._.js:3127
[  161976ms] [ERROR] ./app/(root)/catalogue/page.tsx:15:7
Parsing ecmascript source code failed
  13 |         </section>
  14 |
> 15 |     </main>
     |       ^^^^
  16 |   )
  17 | }
  18 |

Expected corresponding JSX closing tag for <div> @ http://localhost:3000/_next/static/chunks/node_modules_next_dist_f3530cac._.js:3127
[  162054ms] [ERROR] ./app/(root)/catalogue/page.tsx:15:7
Parsing ecmascript source code failed
  13 |         </section>
  14 |
> 15 |     </main>
     |       ^^^^
  16 |   )
  17 | }
  18 |

Expected corresponding JSX closing tag for <div> @ http://localhost:3000/_next/static/chunks/node_modules_next_dist_f3530cac._.js:3127
[  162132ms] [ERROR] ./app/(root)/catalogue/page.tsx:15:7
Parsing ecmascript source code failed
  13 |         </section>
  14 |
> 15 |     </main>
     |       ^^^^
  16 |   )
  17 | }
  18 |

Expected corresponding JSX closing tag for <div> @ http://localhost:3000/_next/static/chunks/node_modules_next_dist_f3530cac._.js:3127
[  162211ms] [ERROR] ./app/(root)/catalogue/page.tsx:15:7
Parsing ecmascript source code failed
  13 |         </section>
  14 |
> 15 |     </main>
     |       ^^^^
  16 |   )
  17 | }
  18 |

Expected corresponding JSX closing tag for <div> @ http://localhost:3000/_next/static/chunks/node_modules_next_dist_f3530cac._.js:3127
[  162288ms] [ERROR] ./app/(root)/catalogue/page.tsx:15:7
Parsing ecmascript source code failed
  13 |         </section>
  14 |
> 15 |     </main>
     |       ^^^^
  16 |   )
  17 | }
  18 |

Expected corresponding JSX closing tag for <div> @ http://localhost:3000/_next/static/chunks/node_modules_next_dist_f3530cac._.js:3127
[  162366ms] [ERROR] ./app/(root)/catalogue/page.tsx:15:7
Parsing ecmascript source code failed
  13 |         </section>
  14 |
> 15 |     </main>
     |       ^^^^
  16 |   )
  17 | }
  18 |

Expected corresponding JSX closing tag for <div> @ http://localhost:3000/_next/static/chunks/node_modules_next_dist_f3530cac._.js:3127
[  162442ms] [ERROR] ./app/(root)/catalogue/page.tsx:15:7
Parsing ecmascript source code failed
  13 |         </section>
  14 |
> 15 |     </main>
     |       ^^^^
  16 |   )
  17 | }
  18 |

Expected corresponding JSX closing tag for <div> @ http://localhost:3000/_next/static/chunks/node_modules_next_dist_f3530cac._.js:3127
[  162519ms] [ERROR] ./app/(root)/catalogue/page.tsx:15:7
Parsing ecmascript source code failed
  13 |         </section>
  14 |
> 15 |     </main>
     |       ^^^^
  16 |   )
  17 | }
  18 |

Expected corresponding JSX closing tag for <div> @ http://localhost:3000/_next/static/chunks/node_modules_next_dist_f3530cac._.js:3127
[  162621ms] [ERROR] ./app/(root)/catalogue/page.tsx:15:7
Parsing ecmascript source code failed
  13 |         </section>
  14 |
> 15 |     </main>
     |       ^^^^
  16 |   )
  17 | }
  18 |

Expected corresponding JSX closing tag for <div> @ http://localhost:3000/_next/static/chunks/node_modules_next_dist_f3530cac._.js:3127
[  162704ms] [ERROR] ./app/(root)/catalogue/page.tsx:15:7
Parsing ecmascript source code failed
  13 |         </section>
  14 |
> 15 |     </main>
     |       ^^^^
  16 |   )
  17 | }
  18 |

Expected corresponding JSX closing tag for <div> @ http://localhost:3000/_next/static/chunks/node_modules_next_dist_f3530cac._.js:3127
[  162805ms] [ERROR] ./app/(root)/catalogue/page.tsx:15:7
Parsing ecmascript source code failed
  13 |         </section>
  14 |
> 15 |     </main>
     |       ^^^^
  16 |   )
  17 | }
  18 |

Expected corresponding JSX closing tag for <div> @ http://localhost:3000/_next/static/chunks/node_modules_next_dist_f3530cac._.js:3127
[  162903ms] [ERROR] ./app/(root)/catalogue/page.tsx:15:7
Parsing ecmascript source code failed
  13 |         </section>
  14 |
> 15 |     </main>
     |       ^^^^
  16 |   )
  17 | }
  18 |

Expected corresponding JSX closing tag for <div> @ http://localhost:3000/_next/static/chunks/node_modules_next_dist_f3530cac._.js:3127
[  162975ms] [ERROR] ./app/(root)/catalogue/page.tsx:15:7
Parsing ecmascript source code failed
  13 |         </section>
  14 |
> 15 |     </main>
     |       ^^^^
  16 |   )
  17 | }
  18 |

Expected corresponding JSX closing tag for <div> @ http://localhost:3000/_next/static/chunks/node_modules_next_dist_f3530cac._.js:3127
[  163042ms] [ERROR] ./app/(root)/catalogue/page.tsx:15:7
Parsing ecmascript source code failed
  13 |         </section>
  14 |
> 15 |     </main>
     |       ^^^^
  16 |   )
  17 | }
  18 |

Expected corresponding JSX closing tag for <div> @ http://localhost:3000/_next/static/chunks/node_modules_next_dist_f3530cac._.js:3127
[  163117ms] [ERROR] ./app/(root)/catalogue/page.tsx:15:7
Parsing ecmascript source code failed
  13 |         </section>
  14 |
> 15 |     </main>
     |       ^^^^
  16 |   )
  17 | }
  18 |

Expected corresponding JSX closing tag for <div> @ http://localhost:3000/_next/static/chunks/node_modules_next_dist_f3530cac._.js:3127
[  163208ms] [ERROR] ./app/(root)/catalogue/page.tsx:15:7
Parsing ecmascript source code failed
  13 |         </section>
  14 |
> 15 |     </main>
     |       ^^^^
  16 |   )
  17 | }
  18 |

Expected corresponding JSX closing tag for <div> @ http://localhost:3000/_next/static/chunks/node_modules_next_dist_f3530cac._.js:3127
[  163301ms] [ERROR] ./app/(root)/catalogue/page.tsx:15:7
Parsing ecmascript source code failed
  13 |         </section>
  14 |
> 15 |     </main>
     |       ^^^^
  16 |   )
  17 | }
  18 |

Expected corresponding JSX closing tag for <div> @ http://localhost:3000/_next/static/chunks/node_modules_next_dist_f3530cac._.js:3127
[  163383ms] [ERROR] ./app/(root)/catalogue/page.tsx:15:7
Parsing ecmascript source code failed
  13 |         </section>
  14 |
> 15 |     </main>
     |       ^^^^
  16 |   )
  17 | }
  18 |

Expected corresponding JSX closing tag for <div> @ http://localhost:3000/_next/static/chunks/node_modules_next_dist_f3530cac._.js:3127
[  163486ms] [ERROR] ./app/(root)/catalogue/page.tsx:15:7
Parsing ecmascript source code failed
  13 |         </section>
  14 |
> 15 |     </main>
     |       ^^^^
  16 |   )
  17 | }
  18 |

Expected corresponding JSX closing tag for <div> @ http://localhost:3000/_next/static/chunks/node_modules_next_dist_f3530cac._.js:3127
[  163562ms] [ERROR] ./app/(root)/catalogue/page.tsx:15:7
Parsing ecmascript source code failed
  13 |         </section>
  14 |
> 15 |     </main>
     |       ^^^^
  16 |   )
  17 | }
  18 |

Expected corresponding JSX closing tag for <div> @ http://localhost:3000/_next/static/chunks/node_modules_next_dist_f3530cac._.js:3127
[  163639ms] [ERROR] ./app/(root)/catalogue/page.tsx:15:7
Parsing ecmascript source code failed
  13 |         </section>
  14 |
> 15 |     </main>
     |       ^^^^
  16 |   )
  17 | }
  18 |

Expected corresponding JSX closing tag for <div> @ http://localhost:3000/_next/static/chunks/node_modules_next_dist_f3530cac._.js:3127
[  163703ms] [ERROR] ./app/(root)/catalogue/page.tsx:15:7
Parsing ecmascript source code failed
  13 |         </section>
  14 |
> 15 |     </main>
     |       ^^^^
  16 |   )
  17 | }
  18 |

Expected corresponding JSX closing tag for <div> @ http://localhost:3000/_next/static/chunks/node_modules_next_dist_f3530cac._.js:3127
[  163783ms] [ERROR] ./app/(root)/catalogue/page.tsx:15:7
Parsing ecmascript source code failed
  13 |         </section>
  14 |
> 15 |     </main>
     |       ^^^^
  16 |   )
  17 | }
  18 |

Expected corresponding JSX closing tag for <div> @ http://localhost:3000/_next/static/chunks/node_modules_next_dist_f3530cac._.js:3127
[  163858ms] [ERROR] ./app/(root)/catalogue/page.tsx:15:7
Parsing ecmascript source code failed
  13 |         </section>
  14 |
> 15 |     </main>
     |       ^^^^
  16 |   )
  17 | }
  18 |

Expected corresponding JSX closing tag for <div> @ http://localhost:3000/_next/static/chunks/node_modules_next_dist_f3530cac._.js:3127
[  163937ms] [ERROR] ./app/(root)/catalogue/page.tsx:15:7
Parsing ecmascript source code failed
  13 |         </section>
  14 |
> 15 |     </main>
     |       ^^^^
  16 |   )
  17 | }
  18 |

Expected corresponding JSX closing tag for <div> @ http://localhost:3000/_next/static/chunks/node_modules_next_dist_f3530cac._.js:3127
[  164015ms] [ERROR] ./app/(root)/catalogue/page.tsx:15:7
Parsing ecmascript source code failed
  13 |         </section>
  14 |
> 15 |     </main>
     |       ^^^^
  16 |   )
  17 | }
  18 |

Expected corresponding JSX closing tag for <div> @ http://localhost:3000/_next/static/chunks/node_modules_next_dist_f3530cac._.js:3127
[  164092ms] [ERROR] ./app/(root)/catalogue/page.tsx:15:7
Parsing ecmascript source code failed
  13 |         </section>
  14 |
> 15 |     </main>
     |       ^^^^
  16 |   )
  17 | }
  18 |

Expected corresponding JSX closing tag for <div> @ http://localhost:3000/_next/static/chunks/node_modules_next_dist_f3530cac._.js:3127
[  164172ms] [ERROR] ./app/(root)/catalogue/page.tsx:15:7
Parsing ecmascript source code failed
  13 |         </section>
  14 |
> 15 |     </main>
     |       ^^^^
  16 |   )
  17 | }
  18 |

Expected corresponding JSX closing tag for <div> @ http://localhost:3000/_next/static/chunks/node_modules_next_dist_f3530cac._.js:3127
[  164264ms] [ERROR] ./app/(root)/catalogue/page.tsx:15:7
Parsing ecmascript source code failed
  13 |         </section>
  14 |
> 15 |     </main>
     |       ^^^^
  16 |   )
  17 | }
  18 |

Expected corresponding JSX closing tag for <div> @ http://localhost:3000/_next/static/chunks/node_modules_next_dist_f3530cac._.js:3127
[  164341ms] [ERROR] ./app/(root)/catalogue/page.tsx:15:7
Parsing ecmascript source code failed
  13 |         </section>
  14 |
> 15 |     </main>
     |       ^^^^
  16 |   )
  17 | }
  18 |

Expected corresponding JSX closing tag for <div> @ http://localhost:3000/_next/static/chunks/node_modules_next_dist_f3530cac._.js:3127
[  164403ms] [ERROR] ./app/(root)/catalogue/page.tsx:15:7
Parsing ecmascript source code failed
  13 |         </section>
  14 |
> 15 |     </main>
     |       ^^^^
  16 |   )
  17 | }
  18 |

Expected corresponding JSX closing tag for <div> @ http://localhost:3000/_next/static/chunks/node_modules_next_dist_f3530cac._.js:3127
[  164481ms] [ERROR] ./app/(root)/catalogue/page.tsx:15:7
Parsing ecmascript source code failed
  13 |         </section>
  14 |
> 15 |     </main>
     |       ^^^^
  16 |   )
  17 | }
  18 |

Expected corresponding JSX closing tag for <div> @ http://localhost:3000/_next/static/chunks/node_modules_next_dist_f3530cac._.js:3127
[  164544ms] [ERROR] ./app/(root)/catalogue/page.tsx:15:7
Parsing ecmascript source code failed
  13 |         </section>
  14 |
> 15 |     </main>
     |       ^^^^
  16 |   )
  17 | }
  18 |

Expected corresponding JSX closing tag for <div> @ http://localhost:3000/_next/static/chunks/node_modules_next_dist_f3530cac._.js:3127
[  164620ms] [ERROR] ./app/(root)/catalogue/page.tsx:15:7
Parsing ecmascript source code failed
  13 |         </section>
  14 |
> 15 |     </main>
     |       ^^^^
  16 |   )
  17 | }
  18 |

Expected corresponding JSX closing tag for <div> @ http://localhost:3000/_next/static/chunks/node_modules_next_dist_f3530cac._.js:3127
[  164700ms] [ERROR] ./app/(root)/catalogue/page.tsx:15:7
Parsing ecmascript source code failed
  13 |         </section>
  14 |
> 15 |     </main>
     |       ^^^^
  16 |   )
  17 | }
  18 |

Expected corresponding JSX closing tag for <div> @ http://localhost:3000/_next/static/chunks/node_modules_next_dist_f3530cac._.js:3127
[  164777ms] [ERROR] ./app/(root)/catalogue/page.tsx:15:7
Parsing ecmascript source code failed
  13 |         </section>
  14 |
> 15 |     </main>
     |       ^^^^
  16 |   )
  17 | }
  18 |

Expected corresponding JSX closing tag for <div> @ http://localhost:3000/_next/static/chunks/node_modules_next_dist_f3530cac._.js:3127
[  164857ms] [ERROR] ./app/(root)/catalogue/page.tsx:15:7
Parsing ecmascript source code failed
  13 |         </section>
  14 |
> 15 |     </main>
     |       ^^^^
  16 |   )
  17 | }
  18 |

Expected corresponding JSX closing tag for <div> @ http://localhost:3000/_next/static/chunks/node_modules_next_dist_f3530cac._.js:3127
[  164940ms] [ERROR] ./app/(root)/catalogue/page.tsx:15:7
Parsing ecmascript source code failed
  13 |         </section>
  14 |
> 15 |     </main>
     |       ^^^^
  16 |   )
  17 | }
  18 |

Expected corresponding JSX closing tag for <div> @ http://localhost:3000/_next/static/chunks/node_modules_next_dist_f3530cac._.js:3127
[  165032ms] [ERROR] ./app/(root)/catalogue/page.tsx:15:7
Parsing ecmascript source code failed
  13 |         </section>
  14 |
> 15 |     </main>
     |       ^^^^
  16 |   )
  17 | }
  18 |

Expected corresponding JSX closing tag for <div> @ http://localhost:3000/_next/static/chunks/node_modules_next_dist_f3530cac._.js:3127
[  165103ms] [ERROR] ./app/(root)/catalogue/page.tsx:15:7
Parsing ecmascript source code failed
  13 |         </section>
  14 |
> 15 |     </main>
     |       ^^^^
  16 |   )
  17 | }
  18 |

Expected corresponding JSX closing tag for <div> @ http://localhost:3000/_next/static/chunks/node_modules_next_dist_f3530cac._.js:3127
[  165182ms] [ERROR] ./app/(root)/catalogue/page.tsx:15:7
Parsing ecmascript source code failed
  13 |         </section>
  14 |
> 15 |     </main>
     |       ^^^^
  16 |   )
  17 | }
  18 |

Expected corresponding JSX closing tag for <div> @ http://localhost:3000/_next/static/chunks/node_modules_next_dist_f3530cac._.js:3127
[  165261ms] [ERROR] ./app/(root)/catalogue/page.tsx:15:7
Parsing ecmascript source code failed
  13 |         </section>
  14 |
> 15 |     </main>
     |       ^^^^
  16 |   )
  17 | }
  18 |

Expected corresponding JSX closing tag for <div> @ http://localhost:3000/_next/static/chunks/node_modules_next_dist_f3530cac._.js:3127
[  165336ms] [ERROR] ./app/(root)/catalogue/page.tsx:15:7
Parsing ecmascript source code failed
  13 |         </section>
  14 |
> 15 |     </main>
     |       ^^^^
  16 |   )
  17 | }
  18 |

Expected corresponding JSX closing tag for <div> @ http://localhost:3000/_next/static/chunks/node_modules_next_dist_f3530cac._.js:3127
[  165418ms] [ERROR] ./app/(root)/catalogue/page.tsx:15:7
Parsing ecmascript source code failed
  13 |         </section>
  14 |
> 15 |     </main>
     |       ^^^^
  16 |   )
  17 | }
  18 |

Expected corresponding JSX closing tag for <div> @ http://localhost:3000/_next/static/chunks/node_modules_next_dist_f3530cac._.js:3127
[  165531ms] [ERROR] ./app/(root)/catalogue/page.tsx:15:7
Parsing ecmascript source code failed
  13 |         </section>
  14 |
> 15 |     </main>
     |       ^^^^
  16 |   )
  17 | }
  18 |

Expected corresponding JSX closing tag for <div> @ http://localhost:3000/_next/static/chunks/node_modules_next_dist_f3530cac._.js:3127
[  165574ms] [LOG] [Fast Refresh] rebuilding @ http://localhost:3000/_next/static/chunks/node_modules_next_dist_f3530cac._.js:2297
[  165655ms] [ERROR] ./app/(root)/catalogue/page.tsx:15:7
Parsing ecmascript source code failed
  13 |         </section>
  14 |
> 15 |     </main>
     |       ^^^^
  16 |   )
  17 | }
  18 |

Expected corresponding JSX closing tag for <div> @ http://localhost:3000/_next/static/chunks/node_modules_next_dist_f3530cac._.js:3127
[  165688ms] [LOG] [Fast Refresh] rebuilding @ http://localhost:3000/_next/static/chunks/node_modules_next_dist_f3530cac._.js:2297
[  165769ms] [ERROR] ./app/(root)/catalogue/page.tsx:15:7
Parsing ecmascript source code failed
  13 |         </section>
  14 |
> 15 |     </main>
     |       ^^^^
  16 |   )
  17 | }
  18 |

Expected corresponding JSX closing tag for <div> @ http://localhost:3000/_next/static/chunks/node_modules_next_dist_f3530cac._.js:3127
[  165847ms] [ERROR] ./app/(root)/catalogue/page.tsx:15:7
Parsing ecmascript source code failed
  13 |         </section>
  14 |
> 15 |     </main>
     |       ^^^^
  16 |   )
  17 | }
  18 |

Expected corresponding JSX closing tag for <div> @ http://localhost:3000/_next/static/chunks/node_modules_next_dist_f3530cac._.js:3127
[  165925ms] [ERROR] ./app/(root)/catalogue/page.tsx:15:7
Parsing ecmascript source code failed
  13 |         </section>
  14 |
> 15 |     </main>
     |       ^^^^
  16 |   )
  17 | }
  18 |

Expected corresponding JSX closing tag for <div> @ http://localhost:3000/_next/static/chunks/node_modules_next_dist_f3530cac._.js:3127
[  166002ms] [ERROR] ./app/(root)/catalogue/page.tsx:15:7
Parsing ecmascript source code failed
  13 |         </section>
  14 |
> 15 |     </main>
     |       ^^^^
  16 |   )
  17 | }
  18 |

Expected corresponding JSX closing tag for <div> @ http://localhost:3000/_next/static/chunks/node_modules_next_dist_f3530cac._.js:3127
[  166079ms] [ERROR] ./app/(root)/catalogue/page.tsx:15:7
Parsing ecmascript source code failed
  13 |         </section>
  14 |
> 15 |     </main>
     |       ^^^^
  16 |   )
  17 | }
  18 |

Expected corresponding JSX closing tag for <div> @ http://localhost:3000/_next/static/chunks/node_modules_next_dist_f3530cac._.js:3127
[  166142ms] [ERROR] ./app/(root)/catalogue/page.tsx:15:7
Parsing ecmascript source code failed
  13 |         </section>
  14 |
> 15 |     </main>
     |       ^^^^
  16 |   )
  17 | }
  18 |

Expected corresponding JSX closing tag for <div> @ http://localhost:3000/_next/static/chunks/node_modules_next_dist_f3530cac._.js:3127
[  166218ms] [ERROR] ./app/(root)/catalogue/page.tsx:15:7
Parsing ecmascript source code failed
  13 |         </section>
  14 |
> 15 |     </main>
     |       ^^^^
  16 |   )
  17 | }
  18 |

Expected corresponding JSX closing tag for <div> @ http://localhost:3000/_next/static/chunks/node_modules_next_dist_f3530cac._.js:3127
[  166300ms] [ERROR] ./app/(root)/catalogue/page.tsx:15:7
Parsing ecmascript source code failed
  13 |         </section>
  14 |
> 15 |     </main>
     |       ^^^^
  16 |   )
  17 | }
  18 |

Expected corresponding JSX closing tag for <div> @ http://localhost:3000/_next/static/chunks/node_modules_next_dist_f3530cac._.js:3127
[  166375ms] [ERROR] ./app/(root)/catalogue/page.tsx:15:7
Parsing ecmascript source code failed
  13 |         </section>
  14 |
> 15 |     </main>
     |       ^^^^
  16 |   )
  17 | }
  18 |

Expected corresponding JSX closing tag for <div> @ http://localhost:3000/_next/static/chunks/node_modules_next_dist_f3530cac._.js:3127
[  166451ms] [ERROR] ./app/(root)/catalogue/page.tsx:15:7
Parsing ecmascript source code failed
  13 |         </section>
  14 |
> 15 |     </main>
     |       ^^^^
  16 |   )
  17 | }
  18 |

Expected corresponding JSX closing tag for <div> @ http://localhost:3000/_next/static/chunks/node_modules_next_dist_f3530cac._.js:3127
[  166532ms] [ERROR] ./app/(root)/catalogue/page.tsx:15:7
Parsing ecmascript source code failed
  13 |         </section>
  14 |
> 15 |     </main>
     |       ^^^^
  16 |   )
  17 | }
  18 |

Expected corresponding JSX closing tag for <div> @ http://localhost:3000/_next/static/chunks/node_modules_next_dist_f3530cac._.js:3127
[  166607ms] [ERROR] ./app/(root)/catalogue/page.tsx:15:7
Parsing ecmascript source code failed
  13 |         </section>
  14 |
> 15 |     </main>
     |       ^^^^
  16 |   )
  17 | }
  18 |

Expected corresponding JSX closing tag for <div> @ http://localhost:3000/_next/static/chunks/node_modules_next_dist_f3530cac._.js:3127
[  166684ms] [ERROR] ./app/(root)/catalogue/page.tsx:15:7
Parsing ecmascript source code failed
  13 |         </section>
  14 |
> 15 |     </main>
     |       ^^^^
  16 |   )
  17 | }
  18 |

Expected corresponding JSX closing tag for <div> @ http://localhost:3000/_next/static/chunks/node_modules_next_dist_f3530cac._.js:3127
[  166763ms] [ERROR] ./app/(root)/catalogue/page.tsx:15:7
Parsing ecmascript source code failed
  13 |         </section>
  14 |
> 15 |     </main>
     |       ^^^^
  16 |   )
  17 | }
  18 |

Expected corresponding JSX closing tag for <div> @ http://localhost:3000/_next/static/chunks/node_modules_next_dist_f3530cac._.js:3127
[  166840ms] [ERROR] ./app/(root)/catalogue/page.tsx:15:7
Parsing ecmascript source code failed
  13 |         </section>
  14 |
> 15 |     </main>
     |       ^^^^
  16 |   )
  17 | }
  18 |

Expected corresponding JSX closing tag for <div> @ http://localhost:3000/_next/static/chunks/node_modules_next_dist_f3530cac._.js:3127
[  166919ms] [ERROR] ./app/(root)/catalogue/page.tsx:15:7
Parsing ecmascript source code failed
  13 |         </section>
  14 |
> 15 |     </main>
     |       ^^^^
  16 |   )
  17 | }
  18 |

Expected corresponding JSX closing tag for <div> @ http://localhost:3000/_next/static/chunks/node_modules_next_dist_f3530cac._.js:3127
[  166996ms] [ERROR] ./app/(root)/catalogue/page.tsx:15:7
Parsing ecmascript source code failed
  13 |         </section>
  14 |
> 15 |     </main>
     |       ^^^^
  16 |   )
  17 | }
  18 |

Expected corresponding JSX closing tag for <div> @ http://localhost:3000/_next/static/chunks/node_modules_next_dist_f3530cac._.js:3127
[  167074ms] [ERROR] ./app/(root)/catalogue/page.tsx:15:7
Parsing ecmascript source code failed
  13 |         </section>
  14 |
> 15 |     </main>
     |       ^^^^
  16 |   )
  17 | }
  18 |

Expected corresponding JSX closing tag for <div> @ http://localhost:3000/_next/static/chunks/node_modules_next_dist_f3530cac._.js:3127
[  167151ms] [ERROR] ./app/(root)/catalogue/page.tsx:15:7
Parsing ecmascript source code failed
  13 |         </section>
  14 |
> 15 |     </main>
     |       ^^^^
  16 |   )
  17 | }
  18 |

Expected corresponding JSX closing tag for <div> @ http://localhost:3000/_next/static/chunks/node_modules_next_dist_f3530cac._.js:3127
[  167230ms] [ERROR] ./app/(root)/catalogue/page.tsx:15:7
Parsing ecmascript source code failed
  13 |         </section>
  14 |
> 15 |     </main>
     |       ^^^^
  16 |   )
  17 | }
  18 |

Expected corresponding JSX closing tag for <div> @ http://localhost:3000/_next/static/chunks/node_modules_next_dist_f3530cac._.js:3127
[  167306ms] [ERROR] ./app/(root)/catalogue/page.tsx:15:7
Parsing ecmascript source code failed
  13 |         </section>
  14 |
> 15 |     </main>
     |       ^^^^
  16 |   )
  17 | }
  18 |

Expected corresponding JSX closing tag for <div> @ http://localhost:3000/_next/static/chunks/node_modules_next_dist_f3530cac._.js:3127
[  167369ms] [ERROR] ./app/(root)/catalogue/page.tsx:15:7
Parsing ecmascript source code failed
  13 |         </section>
  14 |
> 15 |     </main>
     |       ^^^^
  16 |   )
  17 | }
  18 |

Expected corresponding JSX closing tag for <div> @ http://localhost:3000/_next/static/chunks/node_modules_next_dist_f3530cac._.js:3127
[  167448ms] [ERROR] ./app/(root)/catalogue/page.tsx:15:7
Parsing ecmascript source code failed
  13 |         </section>
  14 |
> 15 |     </main>
     |       ^^^^
  16 |   )
  17 | }
  18 |

Expected corresponding JSX closing tag for <div> @ http://localhost:3000/_next/static/chunks/node_modules_next_dist_f3530cac._.js:3127
[  167509ms] [ERROR] ./app/(root)/catalogue/page.tsx:15:7
Parsing ecmascript source code failed
  13 |         </section>
  14 |
> 15 |     </main>
     |       ^^^^
  16 |   )
  17 | }
  18 |

Expected corresponding JSX closing tag for <div> @ http://localhost:3000/_next/static/chunks/node_modules_next_dist_f3530cac._.js:3127
[  167588ms] [ERROR] ./app/(root)/catalogue/page.tsx:15:7
Parsing ecmascript source code failed
  13 |         </section>
  14 |
> 15 |     </main>
     |       ^^^^
  16 |   )
  17 | }
  18 |

Expected corresponding JSX closing tag for <div> @ http://localhost:3000/_next/static/chunks/node_modules_next_dist_f3530cac._.js:3127
[  167666ms] [ERROR] ./app/(root)/catalogue/page.tsx:15:7
Parsing ecmascript source code failed
  13 |         </section>
  14 |
> 15 |     </main>
     |       ^^^^
  16 |   )
  17 | }
  18 |

Expected corresponding JSX closing tag for <div> @ http://localhost:3000/_next/static/chunks/node_modules_next_dist_f3530cac._.js:3127
[  167746ms] [ERROR] ./app/(root)/catalogue/page.tsx:15:7
Parsing ecmascript source code failed
  13 |         </section>
  14 |
> 15 |     </main>
     |       ^^^^
  16 |   )
  17 | }
  18 |

Expected corresponding JSX closing tag for <div> @ http://localhost:3000/_next/static/chunks/node_modules_next_dist_f3530cac._.js:3127
[  167820ms] [ERROR] ./app/(root)/catalogue/page.tsx:15:7
Parsing ecmascript source code failed
  13 |         </section>
  14 |
> 15 |     </main>
     |       ^^^^
  16 |   )
  17 | }
  18 |

Expected corresponding JSX closing tag for <div> @ http://localhost:3000/_next/static/chunks/node_modules_next_dist_f3530cac._.js:3127
[  167897ms] [ERROR] ./app/(root)/catalogue/page.tsx:15:7
Parsing ecmascript source code failed
  13 |         </section>
  14 |
> 15 |     </main>
     |       ^^^^
  16 |   )
  17 | }
  18 |

Expected corresponding JSX closing tag for <div> @ http://localhost:3000/_next/static/chunks/node_modules_next_dist_f3530cac._.js:3127
[  167976ms] [ERROR] ./app/(root)/catalogue/page.tsx:15:7
Parsing ecmascript source code failed
  13 |         </section>
  14 |
> 15 |     </main>
     |       ^^^^
  16 |   )
  17 | }
  18 |

Expected corresponding JSX closing tag for <div> @ http://localhost:3000/_next/static/chunks/node_modules_next_dist_f3530cac._.js:3127
[  168052ms] [ERROR] ./app/(root)/catalogue/page.tsx:15:7
Parsing ecmascript source code failed
  13 |         </section>
  14 |
> 15 |     </main>
     |       ^^^^
  16 |   )
  17 | }
  18 |

Expected corresponding JSX closing tag for <div> @ http://localhost:3000/_next/static/chunks/node_modules_next_dist_f3530cac._.js:3127
[  168130ms] [ERROR] ./app/(root)/catalogue/page.tsx:15:7
Parsing ecmascript source code failed
  13 |         </section>
  14 |
> 15 |     </main>
     |       ^^^^
  16 |   )
  17 | }
  18 |

Expected corresponding JSX closing tag for <div> @ http://localhost:3000/_next/static/chunks/node_modules_next_dist_f3530cac._.js:3127
[  168207ms] [ERROR] ./app/(root)/catalogue/page.tsx:15:7
Parsing ecmascript source code failed
  13 |         </section>
  14 |
> 15 |     </main>
     |       ^^^^
  16 |   )
  17 | }
  18 |

Expected corresponding JSX closing tag for <div> @ http://localhost:3000/_next/static/chunks/node_modules_next_dist_f3530cac._.js:3127
[  168303ms] [ERROR] ./app/(root)/catalogue/page.tsx:15:7
Parsing ecmascript source code failed
  13 |         </section>
  14 |
> 15 |     </main>
     |       ^^^^
  16 |   )
  17 | }
  18 |

Expected corresponding JSX closing tag for <div> @ http://localhost:3000/_next/static/chunks/node_modules_next_dist_f3530cac._.js:3127
[  168377ms] [ERROR] ./app/(root)/catalogue/page.tsx:15:7
Parsing ecmascript source code failed
  13 |         </section>
  14 |
> 15 |     </main>
     |       ^^^^
  16 |   )
  17 | }
  18 |

Expected corresponding JSX closing tag for <div> @ http://localhost:3000/_next/static/chunks/node_modules_next_dist_f3530cac._.js:3127
[  168439ms] [ERROR] ./app/(root)/catalogue/page.tsx:15:7
Parsing ecmascript source code failed
  13 |         </section>
  14 |
> 15 |     </main>
     |       ^^^^
  16 |   )
  17 | }
  18 |

Expected corresponding JSX closing tag for <div> @ http://localhost:3000/_next/static/chunks/node_modules_next_dist_f3530cac._.js:3127
[  168517ms] [ERROR] ./app/(root)/catalogue/page.tsx:15:7
Parsing ecmascript source code failed
  13 |         </section>
  14 |
> 15 |     </main>
     |       ^^^^
  16 |   )
  17 | }
  18 |

Expected corresponding JSX closing tag for <div> @ http://localhost:3000/_next/static/chunks/node_modules_next_dist_f3530cac._.js:3127
[  168591ms] [ERROR] ./app/(root)/catalogue/page.tsx:15:7
Parsing ecmascript source code failed
  13 |         </section>
  14 |
> 15 |     </main>
     |       ^^^^
  16 |   )
  17 | }
  18 |

Expected corresponding JSX closing tag for <div> @ http://localhost:3000/_next/static/chunks/node_modules_next_dist_f3530cac._.js:3127
[  168656ms] [ERROR] ./app/(root)/catalogue/page.tsx:15:7
Parsing ecmascript source code failed
  13 |         </section>
  14 |
> 15 |     </main>
     |       ^^^^
  16 |   )
  17 | }
  18 |

Expected corresponding JSX closing tag for <div> @ http://localhost:3000/_next/static/chunks/node_modules_next_dist_f3530cac._.js:3127
[  168733ms] [ERROR] ./app/(root)/catalogue/page.tsx:15:7
Parsing ecmascript source code failed
  13 |         </section>
  14 |
> 15 |     </main>
     |       ^^^^
  16 |   )
  17 | }
  18 |

Expected corresponding JSX closing tag for <div> @ http://localhost:3000/_next/static/chunks/node_modules_next_dist_f3530cac._.js:3127
[  168812ms] [ERROR] ./app/(root)/catalogue/page.tsx:15:7
Parsing ecmascript source code failed
  13 |         </section>
  14 |
> 15 |     </main>
     |       ^^^^
  16 |   )
  17 | }
  18 |

Expected corresponding JSX closing tag for <div> @ http://localhost:3000/_next/static/chunks/node_modules_next_dist_f3530cac._.js:3127
[  168891ms] [ERROR] ./app/(root)/catalogue/page.tsx:15:7
Parsing ecmascript source code failed
  13 |         </section>
  14 |
> 15 |     </main>
     |       ^^^^
  16 |   )
  17 | }
  18 |

Expected corresponding JSX closing tag for <div> @ http://localhost:3000/_next/static/chunks/node_modules_next_dist_f3530cac._.js:3127
[  168967ms] [ERROR] ./app/(root)/catalogue/page.tsx:15:7
Parsing ecmascript source code failed
  13 |         </section>
  14 |
> 15 |     </main>
     |       ^^^^
  16 |   )
  17 | }
  18 |

Expected corresponding JSX closing tag for <div> @ http://localhost:3000/_next/static/chunks/node_modules_next_dist_f3530cac._.js:3127
[  169044ms] [ERROR] ./app/(root)/catalogue/page.tsx:15:7
Parsing ecmascript source code failed
  13 |         </section>
  14 |
> 15 |     </main>
     |       ^^^^
  16 |   )
  17 | }
  18 |

Expected corresponding JSX closing tag for <div> @ http://localhost:3000/_next/static/chunks/node_modules_next_dist_f3530cac._.js:3127
[  169122ms] [ERROR] ./app/(root)/catalogue/page.tsx:15:7
Parsing ecmascript source code failed
  13 |         </section>
  14 |
> 15 |     </main>
     |       ^^^^
  16 |   )
  17 | }
  18 |

Expected corresponding JSX closing tag for <div> @ http://localhost:3000/_next/static/chunks/node_modules_next_dist_f3530cac._.js:3127
[  169200ms] [ERROR] ./app/(root)/catalogue/page.tsx:15:7
Parsing ecmascript source code failed
  13 |         </section>
  14 |
> 15 |     </main>
     |       ^^^^
  16 |   )
  17 | }
  18 |

Expected corresponding JSX closing tag for <div> @ http://localhost:3000/_next/static/chunks/node_modules_next_dist_f3530cac._.js:3127
[  169277ms] [ERROR] ./app/(root)/catalogue/page.tsx:15:7
Parsing ecmascript source code failed
  13 |         </section>
  14 |
> 15 |     </main>
     |       ^^^^
  16 |   )
  17 | }
  18 |

Expected corresponding JSX closing tag for <div> @ http://localhost:3000/_next/static/chunks/node_modules_next_dist_f3530cac._.js:3127
[  169340ms] [ERROR] ./app/(root)/catalogue/page.tsx:15:7
Parsing ecmascript source code failed
  13 |         </section>
  14 |
> 15 |     </main>
     |       ^^^^
  16 |   )
  17 | }
  18 |

Expected corresponding JSX closing tag for <div> @ http://localhost:3000/_next/static/chunks/node_modules_next_dist_f3530cac._.js:3127
[  169418ms] [ERROR] ./app/(root)/catalogue/page.tsx:15:7
Parsing ecmascript source code failed
  13 |         </section>
  14 |
> 15 |     </main>
     |       ^^^^
  16 |   )
  17 | }
  18 |

Expected corresponding JSX closing tag for <div> @ http://localhost:3000/_next/static/chunks/node_modules_next_dist_f3530cac._.js:3127
[  169497ms] [ERROR] ./app/(root)/catalogue/page.tsx:15:7
Parsing ecmascript source code failed
  13 |         </section>
  14 |
> 15 |     </main>
     |       ^^^^
  16 |   )
  17 | }
  18 |

Expected corresponding JSX closing tag for <div> @ http://localhost:3000/_next/static/chunks/node_modules_next_dist_f3530cac._.js:3127
[  169560ms] [ERROR] ./app/(root)/catalogue/page.tsx:15:7
Parsing ecmascript source code failed
  13 |         </section>
  14 |
> 15 |     </main>
     |       ^^^^
  16 |   )
  17 | }
  18 |

Expected corresponding JSX closing tag for <div> @ http://localhost:3000/_next/static/chunks/node_modules_next_dist_f3530cac._.js:3127
[  169639ms] [ERROR] ./app/(root)/catalogue/page.tsx:15:7
Parsing ecmascript source code failed
  13 |         </section>
  14 |
> 15 |     </main>
     |       ^^^^
  16 |   )
  17 | }
  18 |

Expected corresponding JSX closing tag for <div> @ http://localhost:3000/_next/static/chunks/node_modules_next_dist_f3530cac._.js:3127
[  169719ms] [ERROR] ./app/(root)/catalogue/page.tsx:15:7
Parsing ecmascript source code failed
  13 |         </section>
  14 |
> 15 |     </main>
     |       ^^^^
  16 |   )
  17 | }
  18 |

Expected corresponding JSX closing tag for <div> @ http://localhost:3000/_next/static/chunks/node_modules_next_dist_f3530cac._.js:3127
[  169811ms] [ERROR] ./app/(root)/catalogue/page.tsx:15:7
Parsing ecmascript source code failed
  13 |         </section>
  14 |
> 15 |     </main>
     |       ^^^^
  16 |   )
  17 | }
  18 |

Expected corresponding JSX closing tag for <div> @ http://localhost:3000/_next/static/chunks/node_modules_next_dist_f3530cac._.js:3127
[  169889ms] [ERROR] ./app/(root)/catalogue/page.tsx:15:7
Parsing ecmascript source code failed
  13 |         </section>
  14 |
> 15 |     </main>
     |       ^^^^
  16 |   )
  17 | }
  18 |

Expected corresponding JSX closing tag for <div> @ http://localhost:3000/_next/static/chunks/node_modules_next_dist_f3530cac._.js:3127
[  169969ms] [ERROR] ./app/(root)/catalogue/page.tsx:15:7
Parsing ecmascript source code failed
  13 |         </section>
  14 |
> 15 |     </main>
     |       ^^^^
  16 |   )
  17 | }
  18 |

Expected corresponding JSX closing tag for <div> @ http://localhost:3000/_next/static/chunks/node_modules_next_dist_f3530cac._.js:3127
[  170044ms] [ERROR] ./app/(root)/catalogue/page.tsx:15:7
Parsing ecmascript source code failed
  13 |         </section>
  14 |
> 15 |     </main>
     |       ^^^^
  16 |   )
  17 | }
  18 |

Expected corresponding JSX closing tag for <div> @ http://localhost:3000/_next/static/chunks/node_modules_next_dist_f3530cac._.js:3127
[  170123ms] [ERROR] ./app/(root)/catalogue/page.tsx:15:7
Parsing ecmascript source code failed
  13 |         </section>
  14 |
> 15 |     </main>
     |       ^^^^
  16 |   )
  17 | }
  18 |

Expected corresponding JSX closing tag for <div> @ http://localhost:3000/_next/static/chunks/node_modules_next_dist_f3530cac._.js:3127
[  170201ms] [ERROR] ./app/(root)/catalogue/page.tsx:15:7
Parsing ecmascript source code failed
  13 |         </section>
  14 |
> 15 |     </main>
     |       ^^^^
  16 |   )
  17 | }
  18 |

Expected corresponding JSX closing tag for <div> @ http://localhost:3000/_next/static/chunks/node_modules_next_dist_f3530cac._.js:3127
[  170277ms] [ERROR] ./app/(root)/catalogue/page.tsx:15:7
Parsing ecmascript source code failed
  13 |         </section>
  14 |
> 15 |     </main>
     |       ^^^^
  16 |   )
  17 | }
  18 |

Expected corresponding JSX closing tag for <div> @ http://localhost:3000/_next/static/chunks/node_modules_next_dist_f3530cac._.js:3127
[  170355ms] [ERROR] ./app/(root)/catalogue/page.tsx:15:7
Parsing ecmascript source code failed
  13 |         </section>
  14 |
> 15 |     </main>
     |       ^^^^
  16 |   )
  17 | }
  18 |

Expected corresponding JSX closing tag for <div> @ http://localhost:3000/_next/static/chunks/node_modules_next_dist_f3530cac._.js:3127
[  170417ms] [ERROR] ./app/(root)/catalogue/page.tsx:15:7
Parsing ecmascript source code failed
  13 |         </section>
  14 |
> 15 |     </main>
     |       ^^^^
  16 |   )
  17 | }
  18 |

Expected corresponding JSX closing tag for <div> @ http://localhost:3000/_next/static/chunks/node_modules_next_dist_f3530cac._.js:3127
[  170496ms] [ERROR] ./app/(root)/catalogue/page.tsx:15:7
Parsing ecmascript source code failed
  13 |         </section>
  14 |
> 15 |     </main>
     |       ^^^^
  16 |   )
  17 | }
  18 |

Expected corresponding JSX closing tag for <div> @ http://localhost:3000/_next/static/chunks/node_modules_next_dist_f3530cac._.js:3127
[  170571ms] [ERROR] ./app/(root)/catalogue/page.tsx:15:7
Parsing ecmascript source code failed
  13 |         </section>
  14 |
> 15 |     </main>
     |       ^^^^
  16 |   )
  17 | }
  18 |

Expected corresponding JSX closing tag for <div> @ http://localhost:3000/_next/static/chunks/node_modules_next_dist_f3530cac._.js:3127
[  170651ms] [ERROR] ./app/(root)/catalogue/page.tsx:15:7
Parsing ecmascript source code failed
  13 |         </section>
  14 |
> 15 |     </main>
     |       ^^^^
  16 |   )
  17 | }
  18 |

Expected corresponding JSX closing tag for <div> @ http://localhost:3000/_next/static/chunks/node_modules_next_dist_f3530cac._.js:3127
[  170726ms] [ERROR] ./app/(root)/catalogue/page.tsx:15:7
Parsing ecmascript source code failed
  13 |         </section>
  14 |
> 15 |     </main>
     |       ^^^^
  16 |   )
  17 | }
  18 |

Expected corresponding JSX closing tag for <div> @ http://localhost:3000/_next/static/chunks/node_modules_next_dist_f3530cac._.js:3127
[  170788ms] [ERROR] ./app/(root)/catalogue/page.tsx:15:7
Parsing ecmascript source code failed
  13 |         </section>
  14 |
> 15 |     </main>
     |       ^^^^
  16 |   )
  17 | }
  18 |

Expected corresponding JSX closing tag for <div> @ http://localhost:3000/_next/static/chunks/node_modules_next_dist_f3530cac._.js:3127
[  170865ms] [ERROR] ./app/(root)/catalogue/page.tsx:15:7
Parsing ecmascript source code failed
  13 |         </section>
  14 |
> 15 |     </main>
     |       ^^^^
  16 |   )
  17 | }
  18 |

Expected corresponding JSX closing tag for <div> @ http://localhost:3000/_next/static/chunks/node_modules_next_dist_f3530cac._.js:3127
[  170930ms] [ERROR] ./app/(root)/catalogue/page.tsx:15:7
Parsing ecmascript source code failed
  13 |         </section>
  14 |
> 15 |     </main>
     |       ^^^^
  16 |   )
  17 | }
  18 |

Expected corresponding JSX closing tag for <div> @ http://localhost:3000/_next/static/chunks/node_modules_next_dist_f3530cac._.js:3127
[  171006ms] [ERROR] ./app/(root)/catalogue/page.tsx:15:7
Parsing ecmascript source code failed
  13 |         </section>
  14 |
> 15 |     </main>
     |       ^^^^
  16 |   )
  17 | }
  18 |

Expected corresponding JSX closing tag for <div> @ http://localhost:3000/_next/static/chunks/node_modules_next_dist_f3530cac._.js:3127
[  171083ms] [ERROR] ./app/(root)/catalogue/page.tsx:15:7
Parsing ecmascript source code failed
  13 |         </section>
  14 |
> 15 |     </main>
     |       ^^^^
  16 |   )
  17 | }
  18 |

Expected corresponding JSX closing tag for <div> @ http://localhost:3000/_next/static/chunks/node_modules_next_dist_f3530cac._.js:3127
[  171162ms] [ERROR] ./app/(root)/catalogue/page.tsx:15:7
Parsing ecmascript source code failed
  13 |         </section>
  14 |
> 15 |     </main>
     |       ^^^^
  16 |   )
  17 | }
  18 |

Expected corresponding JSX closing tag for <div> @ http://localhost:3000/_next/static/chunks/node_modules_next_dist_f3530cac._.js:3127
[  171240ms] [ERROR] ./app/(root)/catalogue/page.tsx:15:7
Parsing ecmascript source code failed
  13 |         </section>
  14 |
> 15 |     </main>
     |       ^^^^
  16 |   )
  17 | }
  18 |

Expected corresponding JSX closing tag for <div> @ http://localhost:3000/_next/static/chunks/node_modules_next_dist_f3530cac._.js:3127
[  171332ms] [ERROR] ./app/(root)/catalogue/page.tsx:15:7
Parsing ecmascript source code failed
  13 |         </section>
  14 |
> 15 |     </main>
     |       ^^^^
  16 |   )
  17 | }
  18 |

Expected corresponding JSX closing tag for <div> @ http://localhost:3000/_next/static/chunks/node_modules_next_dist_f3530cac._.js:3127
[  171411ms] [ERROR] ./app/(root)/catalogue/page.tsx:15:7
Parsing ecmascript source code failed
  13 |         </section>
  14 |
> 15 |     </main>
     |       ^^^^
  16 |   )
  17 | }
  18 |

Expected corresponding JSX closing tag for <div> @ http://localhost:3000/_next/static/chunks/node_modules_next_dist_f3530cac._.js:3127
[  171487ms] [ERROR] ./app/(root)/catalogue/page.tsx:15:7
Parsing ecmascript source code failed
  13 |         </section>
  14 |
> 15 |     </main>
     |       ^^^^
  16 |   )
  17 | }
  18 |

Expected corresponding JSX closing tag for <div> @ http://localhost:3000/_next/static/chunks/node_modules_next_dist_f3530cac._.js:3127
[  171565ms] [ERROR] ./app/(root)/catalogue/page.tsx:15:7
Parsing ecmascript source code failed
  13 |         </section>
  14 |
> 15 |     </main>
     |       ^^^^
  16 |   )
  17 | }
  18 |

Expected corresponding JSX closing tag for <div> @ http://localhost:3000/_next/static/chunks/node_modules_next_dist_f3530cac._.js:3127
[  171645ms] [ERROR] ./app/(root)/catalogue/page.tsx:15:7
Parsing ecmascript source code failed
  13 |         </section>
  14 |
> 15 |     </main>
     |       ^^^^
  16 |   )
  17 | }
  18 |

Expected corresponding JSX closing tag for <div> @ http://localhost:3000/_next/static/chunks/node_modules_next_dist_f3530cac._.js:3127
[  171725ms] [ERROR] ./app/(root)/catalogue/page.tsx:15:7
Parsing ecmascript source code failed
  13 |         </section>
  14 |
> 15 |     </main>
     |       ^^^^
  16 |   )
  17 | }
  18 |

Expected corresponding JSX closing tag for <div> @ http://localhost:3000/_next/static/chunks/node_modules_next_dist_f3530cac._.js:3127
[  171804ms] [ERROR] ./app/(root)/catalogue/page.tsx:15:7
Parsing ecmascript source code failed
  13 |         </section>
  14 |
> 15 |     </main>
     |       ^^^^
  16 |   )
  17 | }
  18 |

Expected corresponding JSX closing tag for <div> @ http://localhost:3000/_next/static/chunks/node_modules_next_dist_f3530cac._.js:3127
[  171886ms] [ERROR] ./app/(root)/catalogue/page.tsx:15:7
Parsing ecmascript source code failed
  13 |         </section>
  14 |
> 15 |     </main>
     |       ^^^^
  16 |   )
  17 | }
  18 |

Expected corresponding JSX closing tag for <div> @ http://localhost:3000/_next/static/chunks/node_modules_next_dist_f3530cac._.js:3127
[  171988ms] [ERROR] ./app/(root)/catalogue/page.tsx:15:7
Parsing ecmascript source code failed
  13 |         </section>
  14 |
> 15 |     </main>
     |       ^^^^
  16 |   )
  17 | }
  18 |

Expected corresponding JSX closing tag for <div> @ http://localhost:3000/_next/static/chunks/node_modules_next_dist_f3530cac._.js:3127
[  172081ms] [ERROR] ./app/(root)/catalogue/page.tsx:15:7
Parsing ecmascript source code failed
  13 |         </section>
  14 |
> 15 |     </main>
     |       ^^^^
  16 |   )
  17 | }
  18 |

Expected corresponding JSX closing tag for <div> @ http://localhost:3000/_next/static/chunks/node_modules_next_dist_f3530cac._.js:3127
[  172158ms] [ERROR] ./app/(root)/catalogue/page.tsx:15:7
Parsing ecmascript source code failed
  13 |         </section>
  14 |
> 15 |     </main>
     |       ^^^^
  16 |   )
  17 | }
  18 |

Expected corresponding JSX closing tag for <div> @ http://localhost:3000/_next/static/chunks/node_modules_next_dist_f3530cac._.js:3127
[  172236ms] [ERROR] ./app/(root)/catalogue/page.tsx:15:7
Parsing ecmascript source code failed
  13 |         </section>
  14 |
> 15 |     </main>
     |       ^^^^
  16 |   )
  17 | }
  18 |

Expected corresponding JSX closing tag for <div> @ http://localhost:3000/_next/static/chunks/node_modules_next_dist_f3530cac._.js:3127
[  172327ms] [ERROR] ./app/(root)/catalogue/page.tsx:15:7
Parsing ecmascript source code failed
  13 |         </section>
  14 |
> 15 |     </main>
     |       ^^^^
  16 |   )
  17 | }
  18 |

Expected corresponding JSX closing tag for <div> @ http://localhost:3000/_next/static/chunks/node_modules_next_dist_f3530cac._.js:3127
[  172404ms] [ERROR] ./app/(root)/catalogue/page.tsx:15:7
Parsing ecmascript source code failed
  13 |         </section>
  14 |
> 15 |     </main>
     |       ^^^^
  16 |   )
  17 | }
  18 |

Expected corresponding JSX closing tag for <div> @ http://localhost:3000/_next/static/chunks/node_modules_next_dist_f3530cac._.js:3127
[  172483ms] [ERROR] ./app/(root)/catalogue/page.tsx:15:7
Parsing ecmascript source code failed
  13 |         </section>
  14 |
> 15 |     </main>
     |       ^^^^
  16 |   )
  17 | }
  18 |

Expected corresponding JSX closing tag for <div> @ http://localhost:3000/_next/static/chunks/node_modules_next_dist_f3530cac._.js:3127
[  172563ms] [ERROR] ./app/(root)/catalogue/page.tsx:15:7
Parsing ecmascript source code failed
  13 |         </section>
  14 |
> 15 |     </main>
     |       ^^^^
  16 |   )
  17 | }
  18 |

Expected corresponding JSX closing tag for <div> @ http://localhost:3000/_next/static/chunks/node_modules_next_dist_f3530cac._.js:3127
[  172655ms] [ERROR] ./app/(root)/catalogue/page.tsx:15:7
Parsing ecmascript source code failed
  13 |         </section>
  14 |
> 15 |     </main>
     |       ^^^^
  16 |   )
  17 | }
  18 |

Expected corresponding JSX closing tag for <div> @ http://localhost:3000/_next/static/chunks/node_modules_next_dist_f3530cac._.js:3127
[  172733ms] [ERROR] ./app/(root)/catalogue/page.tsx:15:7
Parsing ecmascript source code failed
  13 |         </section>
  14 |
> 15 |     </main>
     |       ^^^^
  16 |   )
  17 | }
  18 |

Expected corresponding JSX closing tag for <div> @ http://localhost:3000/_next/static/chunks/node_modules_next_dist_f3530cac._.js:3127
[  172825ms] [ERROR] ./app/(root)/catalogue/page.tsx:15:7
Parsing ecmascript source code failed
  13 |         </section>
  14 |
> 15 |     </main>
     |       ^^^^
  16 |   )
  17 | }
  18 |

Expected corresponding JSX closing tag for <div> @ http://localhost:3000/_next/static/chunks/node_modules_next_dist_f3530cac._.js:3127
[  172918ms] [ERROR] ./app/(root)/catalogue/page.tsx:15:7
Parsing ecmascript source code failed
  13 |         </section>
  14 |
> 15 |     </main>
     |       ^^^^
  16 |   )
  17 | }
  18 |

Expected corresponding JSX closing tag for <div> @ http://localhost:3000/_next/static/chunks/node_modules_next_dist_f3530cac._.js:3127
[  172995ms] [ERROR] ./app/(root)/catalogue/page.tsx:15:7
Parsing ecmascript source code failed
  13 |         </section>
  14 |
> 15 |     </main>
     |       ^^^^
  16 |   )
  17 | }
  18 |

Expected corresponding JSX closing tag for <div> @ http://localhost:3000/_next/static/chunks/node_modules_next_dist_f3530cac._.js:3127
[  173076ms] [ERROR] ./app/(root)/catalogue/page.tsx:15:7
Parsing ecmascript source code failed
  13 |         </section>
  14 |
> 15 |     </main>
     |       ^^^^
  16 |   )
  17 | }
  18 |

Expected corresponding JSX closing tag for <div> @ http://localhost:3000/_next/static/chunks/node_modules_next_dist_f3530cac._.js:3127
[  173165ms] [ERROR] ./app/(root)/catalogue/page.tsx:15:7
Parsing ecmascript source code failed
  13 |         </section>
  14 |
> 15 |     </main>
     |       ^^^^
  16 |   )
  17 | }
  18 |

Expected corresponding JSX closing tag for <div> @ http://localhost:3000/_next/static/chunks/node_modules_next_dist_f3530cac._.js:3127
[  173243ms] [ERROR] ./app/(root)/catalogue/page.tsx:15:7
Parsing ecmascript source code failed
  13 |         </section>
  14 |
> 15 |     </main>
     |       ^^^^
  16 |   )
  17 | }
  18 |

Expected corresponding JSX closing tag for <div> @ http://localhost:3000/_next/static/chunks/node_modules_next_dist_f3530cac._.js:3127
[  173335ms] [ERROR] ./app/(root)/catalogue/page.tsx:15:7
Parsing ecmascript source code failed
  13 |         </section>
  14 |
> 15 |     </main>
     |       ^^^^
  16 |   )
  17 | }
  18 |

Expected corresponding JSX closing tag for <div> @ http://localhost:3000/_next/static/chunks/node_modules_next_dist_f3530cac._.js:3127
[  173413ms] [ERROR] ./app/(root)/catalogue/page.tsx:15:7
Parsing ecmascript source code failed
  13 |         </section>
  14 |
> 15 |     </main>
     |       ^^^^
  16 |   )
  17 | }
  18 |

Expected corresponding JSX closing tag for <div> @ http://localhost:3000/_next/static/chunks/node_modules_next_dist_f3530cac._.js:3127
[  173493ms] [ERROR] ./app/(root)/catalogue/page.tsx:15:7
Parsing ecmascript source code failed
  13 |         </section>
  14 |
> 15 |     </main>
     |       ^^^^
  16 |   )
  17 | }
  18 |

Expected corresponding JSX closing tag for <div> @ http://localhost:3000/_next/static/chunks/node_modules_next_dist_f3530cac._.js:3127
[  173567ms] [ERROR] ./app/(root)/catalogue/page.tsx:15:7
Parsing ecmascript source code failed
  13 |         </section>
  14 |
> 15 |     </main>
     |       ^^^^
  16 |   )
  17 | }
  18 |

Expected corresponding JSX closing tag for <div> @ http://localhost:3000/_next/static/chunks/node_modules_next_dist_f3530cac._.js:3127
[  173645ms] [ERROR] ./app/(root)/catalogue/page.tsx:15:7
Parsing ecmascript source code failed
  13 |         </section>
  14 |
> 15 |     </main>
     |       ^^^^
  16 |   )
  17 | }
  18 |

Expected corresponding JSX closing tag for <div> @ http://localhost:3000/_next/static/chunks/node_modules_next_dist_f3530cac._.js:3127
[  173721ms] [ERROR] ./app/(root)/catalogue/page.tsx:15:7
Parsing ecmascript source code failed
  13 |         </section>
  14 |
> 15 |     </main>
     |       ^^^^
  16 |   )
  17 | }
  18 |

Expected corresponding JSX closing tag for <div> @ http://localhost:3000/_next/static/chunks/node_modules_next_dist_f3530cac._.js:3127
[  173798ms] [ERROR] ./app/(root)/catalogue/page.tsx:15:7
Parsing ecmascript source code failed
  13 |         </section>
  14 |
> 15 |     </main>
     |       ^^^^
  16 |   )
  17 | }
  18 |

Expected corresponding JSX closing tag for <div> @ http://localhost:3000/_next/static/chunks/node_modules_next_dist_f3530cac._.js:3127
[  173877ms] [ERROR] ./app/(root)/catalogue/page.tsx:15:7
Parsing ecmascript source code failed
  13 |         </section>
  14 |
> 15 |     </main>
     |       ^^^^
  16 |   )
  17 | }
  18 |

Expected corresponding JSX closing tag for <div> @ http://localhost:3000/_next/static/chunks/node_modules_next_dist_f3530cac._.js:3127
[  173957ms] [ERROR] ./app/(root)/catalogue/page.tsx:15:7
Parsing ecmascript source code failed
  13 |         </section>
  14 |
> 15 |     </main>
     |       ^^^^
  16 |   )
  17 | }
  18 |

Expected corresponding JSX closing tag for <div> @ http://localhost:3000/_next/static/chunks/node_modules_next_dist_f3530cac._.js:3127
[  174033ms] [ERROR] ./app/(root)/catalogue/page.tsx:15:7
Parsing ecmascript source code failed
  13 |         </section>
  14 |
> 15 |     </main>
     |       ^^^^
  16 |   )
  17 | }
  18 |

Expected corresponding JSX closing tag for <div> @ http://localhost:3000/_next/static/chunks/node_modules_next_dist_f3530cac._.js:3127
[  174111ms] [ERROR] ./app/(root)/catalogue/page.tsx:15:7
Parsing ecmascript source code failed
  13 |         </section>
  14 |
> 15 |     </main>
     |       ^^^^
  16 |   )
  17 | }
  18 |

Expected corresponding JSX closing tag for <div> @ http://localhost:3000/_next/static/chunks/node_modules_next_dist_f3530cac._.js:3127
[  174189ms] [ERROR] ./app/(root)/catalogue/page.tsx:15:7
Parsing ecmascript source code failed
  13 |         </section>
  14 |
> 15 |     </main>
     |       ^^^^
  16 |   )
  17 | }
  18 |

Expected corresponding JSX closing tag for <div> @ http://localhost:3000/_next/static/chunks/node_modules_next_dist_f3530cac._.js:3127
[  174277ms] [ERROR] ./app/(root)/catalogue/page.tsx:15:7
Parsing ecmascript source code failed
  13 |         </section>
  14 |
> 15 |     </main>
     |       ^^^^
  16 |   )
  17 | }
  18 |

Expected corresponding JSX closing tag for <div> @ http://localhost:3000/_next/static/chunks/node_modules_next_dist_f3530cac._.js:3127
[  174338ms] [ERROR] ./app/(root)/catalogue/page.tsx:15:7
Parsing ecmascript source code failed
  13 |         </section>
  14 |
> 15 |     </main>
     |       ^^^^
  16 |   )
  17 | }
  18 |

Expected corresponding JSX closing tag for <div> @ http://localhost:3000/_next/static/chunks/node_modules_next_dist_f3530cac._.js:3127
[  174400ms] [ERROR] ./app/(root)/catalogue/page.tsx:15:7
Parsing ecmascript source code failed
  13 |         </section>
  14 |
> 15 |     </main>
     |       ^^^^
  16 |   )
  17 | }
  18 |

Expected corresponding JSX closing tag for <div> @ http://localhost:3000/_next/static/chunks/node_modules_next_dist_f3530cac._.js:3127
[  174463ms] [ERROR] ./app/(root)/catalogue/page.tsx:15:7
Parsing ecmascript source code failed
  13 |         </section>
  14 |
> 15 |     </main>
     |       ^^^^
  16 |   )
  17 | }
  18 |

Expected corresponding JSX closing tag for <div> @ http://localhost:3000/_next/static/chunks/node_modules_next_dist_f3530cac._.js:3127
[  174524ms] [ERROR] ./app/(root)/catalogue/page.tsx:15:7
Parsing ecmascript source code failed
  13 |         </section>
  14 |
> 15 |     </main>
     |       ^^^^
  16 |   )
  17 | }
  18 |

Expected corresponding JSX closing tag for <div> @ http://localhost:3000/_next/static/chunks/node_modules_next_dist_f3530cac._.js:3127
[  174590ms] [ERROR] ./app/(root)/catalogue/page.tsx:15:7
Parsing ecmascript source code failed
  13 |         </section>
  14 |
> 15 |     </main>
     |       ^^^^
  16 |   )
  17 | }
  18 |

Expected corresponding JSX closing tag for <div> @ http://localhost:3000/_next/static/chunks/node_modules_next_dist_f3530cac._.js:3127
[  174665ms] [ERROR] ./app/(root)/catalogue/page.tsx:15:7
Parsing ecmascript source code failed
  13 |         </section>
  14 |
> 15 |     </main>
     |       ^^^^
  16 |   )
  17 | }
  18 |

Expected corresponding JSX closing tag for <div> @ http://localhost:3000/_next/static/chunks/node_modules_next_dist_f3530cac._.js:3127
[  174743ms] [ERROR] ./app/(root)/catalogue/page.tsx:15:7
Parsing ecmascript source code failed
  13 |         </section>
  14 |
> 15 |     </main>
     |       ^^^^
  16 |   )
  17 | }
  18 |

Expected corresponding JSX closing tag for <div> @ http://localhost:3000/_next/static/chunks/node_modules_next_dist_f3530cac._.js:3127
[  174819ms] [ERROR] ./app/(root)/catalogue/page.tsx:15:7
Parsing ecmascript source code failed
  13 |         </section>
  14 |
> 15 |     </main>
     |       ^^^^
  16 |   )
  17 | }
  18 |

Expected corresponding JSX closing tag for <div> @ http://localhost:3000/_next/static/chunks/node_modules_next_dist_f3530cac._.js:3127
[  174883ms] [ERROR] ./app/(root)/catalogue/page.tsx:15:7
Parsing ecmascript source code failed
  13 |         </section>
  14 |
> 15 |     </main>
     |       ^^^^
  16 |   )
  17 | }
  18 |

Expected corresponding JSX closing tag for <div> @ http://localhost:3000/_next/static/chunks/node_modules_next_dist_f3530cac._.js:3127
[  174961ms] [ERROR] ./app/(root)/catalogue/page.tsx:15:7
Parsing ecmascript source code failed
  13 |         </section>
  14 |
> 15 |     </main>
     |       ^^^^
  16 |   )
  17 | }
  18 |

Expected corresponding JSX closing tag for <div> @ http://localhost:3000/_next/static/chunks/node_modules_next_dist_f3530cac._.js:3127
[  175039ms] [ERROR] ./app/(root)/catalogue/page.tsx:15:7
Parsing ecmascript source code failed
  13 |         </section>
  14 |
> 15 |     </main>
     |       ^^^^
  16 |   )
  17 | }
  18 |

Expected corresponding JSX closing tag for <div> @ http://localhost:3000/_next/static/chunks/node_modules_next_dist_f3530cac._.js:3127
[  175132ms] [ERROR] ./app/(root)/catalogue/page.tsx:15:7
Parsing ecmascript source code failed
  13 |         </section>
  14 |
> 15 |     </main>
     |       ^^^^
  16 |   )
  17 | }
  18 |

Expected corresponding JSX closing tag for <div> @ http://localhost:3000/_next/static/chunks/node_modules_next_dist_f3530cac._.js:3127
[  175226ms] [ERROR] ./app/(root)/catalogue/page.tsx:15:7
Parsing ecmascript source code failed
  13 |         </section>
  14 |
> 15 |     </main>
     |       ^^^^
  16 |   )
  17 | }
  18 |

Expected corresponding JSX closing tag for <div> @ http://localhost:3000/_next/static/chunks/node_modules_next_dist_f3530cac._.js:3127
[  175313ms] [ERROR] ./app/(root)/catalogue/page.tsx:15:7
Parsing ecmascript source code failed
  13 |         </section>
  14 |
> 15 |     </main>
     |       ^^^^
  16 |   )
  17 | }
  18 |

Expected corresponding JSX closing tag for <div> @ http://localhost:3000/_next/static/chunks/node_modules_next_dist_f3530cac._.js:3127
[  175392ms] [ERROR] ./app/(root)/catalogue/page.tsx:15:7
Parsing ecmascript source code failed
  13 |         </section>
  14 |
> 15 |     </main>
     |       ^^^^
  16 |   )
  17 | }
  18 |

Expected corresponding JSX closing tag for <div> @ http://localhost:3000/_next/static/chunks/node_modules_next_dist_f3530cac._.js:3127
[  175472ms] [ERROR] ./app/(root)/catalogue/page.tsx:15:7
Parsing ecmascript source code failed
  13 |         </section>
  14 |
> 15 |     </main>
     |       ^^^^
  16 |   )
  17 | }
  18 |

Expected corresponding JSX closing tag for <div> @ http://localhost:3000/_next/static/chunks/node_modules_next_dist_f3530cac._.js:3127
[  175549ms] [ERROR] ./app/(root)/catalogue/page.tsx:15:7
Parsing ecmascript source code failed
  13 |         </section>
  14 |
> 15 |     </main>
     |       ^^^^
  16 |   )
  17 | }
  18 |

Expected corresponding JSX closing tag for <div> @ http://localhost:3000/_next/static/chunks/node_modules_next_dist_f3530cac._.js:3127
[  175625ms] [ERROR] ./app/(root)/catalogue/page.tsx:15:7
Parsing ecmascript source code failed
  13 |         </section>
  14 |
> 15 |     </main>
     |       ^^^^
  16 |   )
  17 | }
  18 |

Expected corresponding JSX closing tag for <div> @ http://localhost:3000/_next/static/chunks/node_modules_next_dist_f3530cac._.js:3127
[  175702ms] [ERROR] ./app/(root)/catalogue/page.tsx:15:7
Parsing ecmascript source code failed
  13 |         </section>
  14 |
> 15 |     </main>
     |       ^^^^
  16 |   )
  17 | }
  18 |

Expected corresponding JSX closing tag for <div> @ http://localhost:3000/_next/static/chunks/node_modules_next_dist_f3530cac._.js:3127
[  175766ms] [ERROR] ./app/(root)/catalogue/page.tsx:15:7
Parsing ecmascript source code failed
  13 |         </section>
  14 |
> 15 |     </main>
     |       ^^^^
  16 |   )
  17 | }
  18 |

Expected corresponding JSX closing tag for <div> @ http://localhost:3000/_next/static/chunks/node_modules_next_dist_f3530cac._.js:3127
[  175845ms] [ERROR] ./app/(root)/catalogue/page.tsx:15:7
Parsing ecmascript source code failed
  13 |         </section>
  14 |
> 15 |     </main>
     |       ^^^^
  16 |   )
  17 | }
  18 |

Expected corresponding JSX closing tag for <div> @ http://localhost:3000/_next/static/chunks/node_modules_next_dist_f3530cac._.js:3127
[  175924ms] [ERROR] ./app/(root)/catalogue/page.tsx:15:7
Parsing ecmascript source code failed
  13 |         </section>
  14 |
> 15 |     </main>
     |       ^^^^
  16 |   )
  17 | }
  18 |

Expected corresponding JSX closing tag for <div> @ http://localhost:3000/_next/static/chunks/node_modules_next_dist_f3530cac._.js:3127
[  176001ms] [ERROR] ./app/(root)/catalogue/page.tsx:15:7
Parsing ecmascript source code failed
  13 |         </section>
  14 |
> 15 |     </main>
     |       ^^^^
  16 |   )
  17 | }
  18 |

Expected corresponding JSX closing tag for <div> @ http://localhost:3000/_next/static/chunks/node_modules_next_dist_f3530cac._.js:3127
[  176096ms] [ERROR] ./app/(root)/catalogue/page.tsx:15:7
Parsing ecmascript source code failed
  13 |         </section>
  14 |
> 15 |     </main>
     |       ^^^^
  16 |   )
  17 | }
  18 |

Expected corresponding JSX closing tag for <div> @ http://localhost:3000/_next/static/chunks/node_modules_next_dist_f3530cac._.js:3127
[  176170ms] [ERROR] ./app/(root)/catalogue/page.tsx:15:7
Parsing ecmascript source code failed
  13 |         </section>
  14 |
> 15 |     </main>
     |       ^^^^
  16 |   )
  17 | }
  18 |

Expected corresponding JSX closing tag for <div> @ http://localhost:3000/_next/static/chunks/node_modules_next_dist_f3530cac._.js:3127
[  176249ms] [ERROR] ./app/(root)/catalogue/page.tsx:15:7
Parsing ecmascript source code failed
  13 |         </section>
  14 |
> 15 |     </main>
     |       ^^^^
  16 |   )
  17 | }
  18 |

Expected corresponding JSX closing tag for <div> @ http://localhost:3000/_next/static/chunks/node_modules_next_dist_f3530cac._.js:3127
[  176326ms] [ERROR] ./app/(root)/catalogue/page.tsx:15:7
Parsing ecmascript source code failed
  13 |         </section>
  14 |
> 15 |     </main>
     |       ^^^^
  16 |   )
  17 | }
  18 |

Expected corresponding JSX closing tag for <div> @ http://localhost:3000/_next/static/chunks/node_modules_next_dist_f3530cac._.js:3127
[  176402ms] [ERROR] ./app/(root)/catalogue/page.tsx:15:7
Parsing ecmascript source code failed
  13 |         </section>
  14 |
> 15 |     </main>
     |       ^^^^
  16 |   )
  17 | }
  18 |

Expected corresponding JSX closing tag for <div> @ http://localhost:3000/_next/static/chunks/node_modules_next_dist_f3530cac._.js:3127
[  176496ms] [ERROR] ./app/(root)/catalogue/page.tsx:15:7
Parsing ecmascript source code failed
  13 |         </section>
  14 |
> 15 |     </main>
     |       ^^^^
  16 |   )
  17 | }
  18 |

Expected corresponding JSX closing tag for <div> @ http://localhost:3000/_next/static/chunks/node_modules_next_dist_f3530cac._.js:3127
[  176575ms] [ERROR] ./app/(root)/catalogue/page.tsx:15:7
Parsing ecmascript source code failed
  13 |         </section>
  14 |
> 15 |     </main>
     |       ^^^^
  16 |   )
  17 | }
  18 |

Expected corresponding JSX closing tag for <div> @ http://localhost:3000/_next/static/chunks/node_modules_next_dist_f3530cac._.js:3127
[  176669ms] [ERROR] ./app/(root)/catalogue/page.tsx:15:7
Parsing ecmascript source code failed
  13 |         </section>
  14 |
> 15 |     </main>
     |       ^^^^
  16 |   )
  17 | }
  18 |

Expected corresponding JSX closing tag for <div> @ http://localhost:3000/_next/static/chunks/node_modules_next_dist_f3530cac._.js:3127
[  176748ms] [ERROR] ./app/(root)/catalogue/page.tsx:15:7
Parsing ecmascript source code failed
  13 |         </section>
  14 |
> 15 |     </main>
     |       ^^^^
  16 |   )
  17 | }
  18 |

Expected corresponding JSX closing tag for <div> @ http://localhost:3000/_next/static/chunks/node_modules_next_dist_f3530cac._.js:3127
[  176824ms] [ERROR] ./app/(root)/catalogue/page.tsx:15:7
Parsing ecmascript source code failed
  13 |         </section>
  14 |
> 15 |     </main>
     |       ^^^^
  16 |   )
  17 | }
  18 |

Expected corresponding JSX closing tag for <div> @ http://localhost:3000/_next/static/chunks/node_modules_next_dist_f3530cac._.js:3127
[  176901ms] [ERROR] ./app/(root)/catalogue/page.tsx:15:7
Parsing ecmascript source code failed
  13 |         </section>
  14 |
> 15 |     </main>
     |       ^^^^
  16 |   )
  17 | }
  18 |

Expected corresponding JSX closing tag for <div> @ http://localhost:3000/_next/static/chunks/node_modules_next_dist_f3530cac._.js:3127
[  176976ms] [ERROR] ./app/(root)/catalogue/page.tsx:15:7
Parsing ecmascript source code failed
  13 |         </section>
  14 |
> 15 |     </main>
     |       ^^^^
  16 |   )
  17 | }
  18 |

Expected corresponding JSX closing tag for <div> @ http://localhost:3000/_next/static/chunks/node_modules_next_dist_f3530cac._.js:3127
[  177058ms] [ERROR] ./app/(root)/catalogue/page.tsx:15:7
Parsing ecmascript source code failed
  13 |         </section>
  14 |
> 15 |     </main>
     |       ^^^^
  16 |   )
  17 | }
  18 |

Expected corresponding JSX closing tag for <div> @ http://localhost:3000/_next/static/chunks/node_modules_next_dist_f3530cac._.js:3127
[  177136ms] [ERROR] ./app/(root)/catalogue/page.tsx:15:7
Parsing ecmascript source code failed
  13 |         </section>
  14 |
> 15 |     </main>
     |       ^^^^
  16 |   )
  17 | }
  18 |

Expected corresponding JSX closing tag for <div> @ http://localhost:3000/_next/static/chunks/node_modules_next_dist_f3530cac._.js:3127
[  177214ms] [ERROR] ./app/(root)/catalogue/page.tsx:15:7
Parsing ecmascript source code failed
  13 |         </section>
  14 |
> 15 |     </main>
     |       ^^^^
  16 |   )
  17 | }
  18 |

Expected corresponding JSX closing tag for <div> @ http://localhost:3000/_next/static/chunks/node_modules_next_dist_f3530cac._.js:3127
[  177290ms] [ERROR] ./app/(root)/catalogue/page.tsx:15:7
Parsing ecmascript source code failed
  13 |         </section>
  14 |
> 15 |     </main>
     |       ^^^^
  16 |   )
  17 | }
  18 |

Expected corresponding JSX closing tag for <div> @ http://localhost:3000/_next/static/chunks/node_modules_next_dist_f3530cac._.js:3127
[  177350ms] [ERROR] ./app/(root)/catalogue/page.tsx:15:7
Parsing ecmascript source code failed
  13 |         </section>
  14 |
> 15 |     </main>
     |       ^^^^
  16 |   )
  17 | }
  18 |

Expected corresponding JSX closing tag for <div> @ http://localhost:3000/_next/static/chunks/node_modules_next_dist_f3530cac._.js:3127
[  177416ms] [ERROR] ./app/(root)/catalogue/page.tsx:15:7
Parsing ecmascript source code failed
  13 |         </section>
  14 |
> 15 |     </main>
     |       ^^^^
  16 |   )
  17 | }
  18 |

Expected corresponding JSX closing tag for <div> @ http://localhost:3000/_next/static/chunks/node_modules_next_dist_f3530cac._.js:3127
[  177494ms] [ERROR] ./app/(root)/catalogue/page.tsx:15:7
Parsing ecmascript source code failed
  13 |         </section>
  14 |
> 15 |     </main>
     |       ^^^^
  16 |   )
  17 | }
  18 |

Expected corresponding JSX closing tag for <div> @ http://localhost:3000/_next/static/chunks/node_modules_next_dist_f3530cac._.js:3127
[  177574ms] [ERROR] ./app/(root)/catalogue/page.tsx:15:7
Parsing ecmascript source code failed
  13 |         </section>
  14 |
> 15 |     </main>
     |       ^^^^
  16 |   )
  17 | }
  18 |

Expected corresponding JSX closing tag for <div> @ http://localhost:3000/_next/static/chunks/node_modules_next_dist_f3530cac._.js:3127
[  177652ms] [ERROR] ./app/(root)/catalogue/page.tsx:15:7
Parsing ecmascript source code failed
  13 |         </section>
  14 |
> 15 |     </main>
     |       ^^^^
  16 |   )
  17 | }
  18 |

Expected corresponding JSX closing tag for <div> @ http://localhost:3000/_next/static/chunks/node_modules_next_dist_f3530cac._.js:3127
[  177728ms] [ERROR] ./app/(root)/catalogue/page.tsx:15:7
Parsing ecmascript source code failed
  13 |         </section>
  14 |
> 15 |     </main>
     |       ^^^^
  16 |   )
  17 | }
  18 |

Expected corresponding JSX closing tag for <div> @ http://localhost:3000/_next/static/chunks/node_modules_next_dist_f3530cac._.js:3127
[  177807ms] [ERROR] ./app/(root)/catalogue/page.tsx:15:7
Parsing ecmascript source code failed
  13 |         </section>
  14 |
> 15 |     </main>
     |       ^^^^
  16 |   )
  17 | }
  18 |

Expected corresponding JSX closing tag for <div> @ http://localhost:3000/_next/static/chunks/node_modules_next_dist_f3530cac._.js:3127
[  177897ms] [ERROR] ./app/(root)/catalogue/page.tsx:15:7
Parsing ecmascript source code failed
  13 |         </section>
  14 |
> 15 |     </main>
     |       ^^^^
  16 |   )
  17 | }
  18 |

Expected corresponding JSX closing tag for <div> @ http://localhost:3000/_next/static/chunks/node_modules_next_dist_f3530cac._.js:3127
[  177961ms] [ERROR] ./app/(root)/catalogue/page.tsx:15:7
Parsing ecmascript source code failed
  13 |         </section>
  14 |
> 15 |     </main>
     |       ^^^^
  16 |   )
  17 | }
  18 |

Expected corresponding JSX closing tag for <div> @ http://localhost:3000/_next/static/chunks/node_modules_next_dist_f3530cac._.js:3127
[  178038ms] [ERROR] ./app/(root)/catalogue/page.tsx:15:7
Parsing ecmascript source code failed
  13 |         </section>
  14 |
> 15 |     </main>
     |       ^^^^
  16 |   )
  17 | }
  18 |

Expected corresponding JSX closing tag for <div> @ http://localhost:3000/_next/static/chunks/node_modules_next_dist_f3530cac._.js:3127
[  178116ms] [ERROR] ./app/(root)/catalogue/page.tsx:15:7
Parsing ecmascript source code failed
  13 |         </section>
  14 |
> 15 |     </main>
     |       ^^^^
  16 |   )
  17 | }
  18 |

Expected corresponding JSX closing tag for <div> @ http://localhost:3000/_next/static/chunks/node_modules_next_dist_f3530cac._.js:3127
[  178193ms] [ERROR] ./app/(root)/catalogue/page.tsx:15:7
Parsing ecmascript source code failed
  13 |         </section>
  14 |
> 15 |     </main>
     |       ^^^^
  16 |   )
  17 | }
  18 |

Expected corresponding JSX closing tag for <div> @ http://localhost:3000/_next/static/chunks/node_modules_next_dist_f3530cac._.js:3127
[  178272ms] [ERROR] ./app/(root)/catalogue/page.tsx:15:7
Parsing ecmascript source code failed
  13 |         </section>
  14 |
> 15 |     </main>
     |       ^^^^
  16 |   )
  17 | }
  18 |

Expected corresponding JSX closing tag for <div> @ http://localhost:3000/_next/static/chunks/node_modules_next_dist_f3530cac._.js:3127
[  178347ms] [ERROR] ./app/(root)/catalogue/page.tsx:15:7
Parsing ecmascript source code failed
  13 |         </section>
  14 |
> 15 |     </main>
     |       ^^^^
  16 |   )
  17 | }
  18 |

Expected corresponding JSX closing tag for <div> @ http://localhost:3000/_next/static/chunks/node_modules_next_dist_f3530cac._.js:3127
[  178424ms] [ERROR] ./app/(root)/catalogue/page.tsx:15:7
Parsing ecmascript source code failed
  13 |         </section>
  14 |
> 15 |     </main>
     |       ^^^^
  16 |   )
  17 | }
  18 |

Expected corresponding JSX closing tag for <div> @ http://localhost:3000/_next/static/chunks/node_modules_next_dist_f3530cac._.js:3127
[  178505ms] [ERROR] ./app/(root)/catalogue/page.tsx:15:7
Parsing ecmascript source code failed
  13 |         </section>
  14 |
> 15 |     </main>
     |       ^^^^
  16 |   )
  17 | }
  18 |

Expected corresponding JSX closing tag for <div> @ http://localhost:3000/_next/static/chunks/node_modules_next_dist_f3530cac._.js:3127
[  178585ms] [ERROR] ./app/(root)/catalogue/page.tsx:15:7
Parsing ecmascript source code failed
  13 |         </section>
  14 |
> 15 |     </main>
     |       ^^^^
  16 |   )
  17 | }
  18 |

Expected corresponding JSX closing tag for <div> @ http://localhost:3000/_next/static/chunks/node_modules_next_dist_f3530cac._.js:3127
[  178658ms] [ERROR] ./app/(root)/catalogue/page.tsx:15:7
Parsing ecmascript source code failed
  13 |         </section>
  14 |
> 15 |     </main>
     |       ^^^^
  16 |   )
  17 | }
  18 |

Expected corresponding JSX closing tag for <div> @ http://localhost:3000/_next/static/chunks/node_modules_next_dist_f3530cac._.js:3127
[  178735ms] [ERROR] ./app/(root)/catalogue/page.tsx:15:7
Parsing ecmascript source code failed
  13 |         </section>
  14 |
> 15 |     </main>
     |       ^^^^
  16 |   )
  17 | }
  18 |

Expected corresponding JSX closing tag for <div> @ http://localhost:3000/_next/static/chunks/node_modules_next_dist_f3530cac._.js:3127
[  178812ms] [ERROR] ./app/(root)/catalogue/page.tsx:15:7
Parsing ecmascript source code failed
  13 |         </section>
  14 |
> 15 |     </main>
     |       ^^^^
  16 |   )
  17 | }
  18 |

Expected corresponding JSX closing tag for <div> @ http://localhost:3000/_next/static/chunks/node_modules_next_dist_f3530cac._.js:3127
[  178887ms] [ERROR] ./app/(root)/catalogue/page.tsx:15:7
Parsing ecmascript source code failed
  13 |         </section>
  14 |
> 15 |     </main>
     |       ^^^^
  16 |   )
  17 | }
  18 |

Expected corresponding JSX closing tag for <div> @ http://localhost:3000/_next/static/chunks/node_modules_next_dist_f3530cac._.js:3127
[  178962ms] [ERROR] ./app/(root)/catalogue/page.tsx:15:7
Parsing ecmascript source code failed
  13 |         </section>
  14 |
> 15 |     </main>
     |       ^^^^
  16 |   )
  17 | }
  18 |

Expected corresponding JSX closing tag for <div> @ http://localhost:3000/_next/static/chunks/node_modules_next_dist_f3530cac._.js:3127
[  179045ms] [ERROR] ./app/(root)/catalogue/page.tsx:15:7
Parsing ecmascript source code failed
  13 |         </section>
  14 |
> 15 |     </main>
     |       ^^^^
  16 |   )
  17 | }
  18 |

Expected corresponding JSX closing tag for <div> @ http://localhost:3000/_next/static/chunks/node_modules_next_dist_f3530cac._.js:3127
[  179120ms] [ERROR] ./app/(root)/catalogue/page.tsx:15:7
Parsing ecmascript source code failed
  13 |         </section>
  14 |
> 15 |     </main>
     |       ^^^^
  16 |   )
  17 | }
  18 |

Expected corresponding JSX closing tag for <div> @ http://localhost:3000/_next/static/chunks/node_modules_next_dist_f3530cac._.js:3127
[  179198ms] [ERROR] ./app/(root)/catalogue/page.tsx:15:7
Parsing ecmascript source code failed
  13 |         </section>
  14 |
> 15 |     </main>
     |       ^^^^
  16 |   )
  17 | }
  18 |

Expected corresponding JSX closing tag for <div> @ http://localhost:3000/_next/static/chunks/node_modules_next_dist_f3530cac._.js:3127
[  179278ms] [ERROR] ./app/(root)/catalogue/page.tsx:15:7
Parsing ecmascript source code failed
  13 |         </section>
  14 |
> 15 |     </main>
     |       ^^^^
  16 |   )
  17 | }
  18 |

Expected corresponding JSX closing tag for <div> @ http://localhost:3000/_next/static/chunks/node_modules_next_dist_f3530cac._.js:3127
[  179356ms] [ERROR] ./app/(root)/catalogue/page.tsx:15:7
Parsing ecmascript source code failed
  13 |         </section>
  14 |
> 15 |     </main>
     |       ^^^^
  16 |   )
  17 | }
  18 |

Expected corresponding JSX closing tag for <div> @ http://localhost:3000/_next/static/chunks/node_modules_next_dist_f3530cac._.js:3127
[  179434ms] [ERROR] ./app/(root)/catalogue/page.tsx:15:7
Parsing ecmascript source code failed
  13 |         </section>
  14 |
> 15 |     </main>
     |       ^^^^
  16 |   )
  17 | }
  18 |

Expected corresponding JSX closing tag for <div> @ http://localhost:3000/_next/static/chunks/node_modules_next_dist_f3530cac._.js:3127
[  179513ms] [ERROR] ./app/(root)/catalogue/page.tsx:15:7
Parsing ecmascript source code failed
  13 |         </section>
  14 |
> 15 |     </main>
     |       ^^^^
  16 |   )
  17 | }
  18 |

Expected corresponding JSX closing tag for <div> @ http://localhost:3000/_next/static/chunks/node_modules_next_dist_f3530cac._.js:3127
[  179592ms] [ERROR] ./app/(root)/catalogue/page.tsx:15:7
Parsing ecmascript source code failed
  13 |         </section>
  14 |
> 15 |     </main>
     |       ^^^^
  16 |   )
  17 | }
  18 |

Expected corresponding JSX closing tag for <div> @ http://localhost:3000/_next/static/chunks/node_modules_next_dist_f3530cac._.js:3127
[  179670ms] [ERROR] ./app/(root)/catalogue/page.tsx:15:7
Parsing ecmascript source code failed
  13 |         </section>
  14 |
> 15 |     </main>
     |       ^^^^
  16 |   )
  17 | }
  18 |

Expected corresponding JSX closing tag for <div> @ http://localhost:3000/_next/static/chunks/node_modules_next_dist_f3530cac._.js:3127
[  179750ms] [ERROR] ./app/(root)/catalogue/page.tsx:15:7
Parsing ecmascript source code failed
  13 |         </section>
  14 |
> 15 |     </main>
     |       ^^^^
  16 |   )
  17 | }
  18 |

Expected corresponding JSX closing tag for <div> @ http://localhost:3000/_next/static/chunks/node_modules_next_dist_f3530cac._.js:3127
[  179841ms] [ERROR] ./app/(root)/catalogue/page.tsx:15:7
Parsing ecmascript source code failed
  13 |         </section>
  14 |
> 15 |     </main>
     |       ^^^^
  16 |   )
  17 | }
  18 |

Expected corresponding JSX closing tag for <div> @ http://localhost:3000/_next/static/chunks/node_modules_next_dist_f3530cac._.js:3127
[  179919ms] [ERROR] ./app/(root)/catalogue/page.tsx:15:7
Parsing ecmascript source code failed
  13 |         </section>
  14 |
> 15 |     </main>
     |       ^^^^
  16 |   )
  17 | }
  18 |

Expected corresponding JSX closing tag for <div> @ http://localhost:3000/_next/static/chunks/node_modules_next_dist_f3530cac._.js:3127
[  179999ms] [ERROR] ./app/(root)/catalogue/page.tsx:15:7
Parsing ecmascript source code failed
  13 |         </section>
  14 |
> 15 |     </main>
     |       ^^^^
  16 |   )
  17 | }
  18 |

Expected corresponding JSX closing tag for <div> @ http://localhost:3000/_next/static/chunks/node_modules_next_dist_f3530cac._.js:3127
[  180079ms] [ERROR] ./app/(root)/catalogue/page.tsx:15:7
Parsing ecmascript source code failed
  13 |         </section>
  14 |
> 15 |     </main>
     |       ^^^^
  16 |   )
  17 | }
  18 |

Expected corresponding JSX closing tag for <div> @ http://localhost:3000/_next/static/chunks/node_modules_next_dist_f3530cac._.js:3127
[  180153ms] [ERROR] ./app/(root)/catalogue/page.tsx:15:7
Parsing ecmascript source code failed
  13 |         </section>
  14 |
> 15 |     </main>
     |       ^^^^
  16 |   )
  17 | }
  18 |

Expected corresponding JSX closing tag for <div> @ http://localhost:3000/_next/static/chunks/node_modules_next_dist_f3530cac._.js:3127
[  180229ms] [ERROR] ./app/(root)/catalogue/page.tsx:15:7
Parsing ecmascript source code failed
  13 |         </section>
  14 |
> 15 |     </main>
     |       ^^^^
  16 |   )
  17 | }
  18 |

Expected corresponding JSX closing tag for <div> @ http://localhost:3000/_next/static/chunks/node_modules_next_dist_f3530cac._.js:3127
[  180308ms] [ERROR] ./app/(root)/catalogue/page.tsx:15:7
Parsing ecmascript source code failed
  13 |         </section>
  14 |
> 15 |     </main>
     |       ^^^^
  16 |   )
  17 | }
  18 |

Expected corresponding JSX closing tag for <div> @ http://localhost:3000/_next/static/chunks/node_modules_next_dist_f3530cac._.js:3127
[  180387ms] [ERROR] ./app/(root)/catalogue/page.tsx:15:7
Parsing ecmascript source code failed
  13 |         </section>
  14 |
> 15 |     </main>
     |       ^^^^
  16 |   )
  17 | }
  18 |

Expected corresponding JSX closing tag for <div> @ http://localhost:3000/_next/static/chunks/node_modules_next_dist_f3530cac._.js:3127
[  180461ms] [ERROR] ./app/(root)/catalogue/page.tsx:15:7
Parsing ecmascript source code failed
  13 |         </section>
  14 |
> 15 |     </main>
     |       ^^^^
  16 |   )
  17 | }
  18 |

Expected corresponding JSX closing tag for <div> @ http://localhost:3000/_next/static/chunks/node_modules_next_dist_f3530cac._.js:3127
[  180543ms] [ERROR] ./app/(root)/catalogue/page.tsx:15:7
Parsing ecmascript source code failed
  13 |         </section>
  14 |
> 15 |     </main>
     |       ^^^^
  16 |   )
  17 | }
  18 |

Expected corresponding JSX closing tag for <div> @ http://localhost:3000/_next/static/chunks/node_modules_next_dist_f3530cac._.js:3127
[  180675ms] [ERROR] ./app/(root)/catalogue/page.tsx:15:7
Parsing ecmascript source code failed
  13 |         </section>
  14 |
> 15 |     </main>
     |       ^^^^
  16 |   )
  17 | }
  18 |

Expected corresponding JSX closing tag for <div> @ http://localhost:3000/_next/static/chunks/node_modules_next_dist_f3530cac._.js:3127
[  180701ms] [LOG] [Fast Refresh] rebuilding @ http://localhost:3000/_next/static/chunks/node_modules_next_dist_f3530cac._.js:2297
[  180780ms] [ERROR] ./app/(root)/catalogue/page.tsx:15:7
Parsing ecmascript source code failed
  13 |         </section>
  14 |
> 15 |     </main>
     |       ^^^^
  16 |   )
  17 | }
  18 |

Expected corresponding JSX closing tag for <div> @ http://localhost:3000/_next/static/chunks/node_modules_next_dist_f3530cac._.js:3127
[  180852ms] [ERROR] ./app/(root)/catalogue/page.tsx:15:7
Parsing ecmascript source code failed
  13 |         </section>
  14 |
> 15 |     </main>
     |       ^^^^
  16 |   )
  17 | }
  18 |

Expected corresponding JSX closing tag for <div> @ http://localhost:3000/_next/static/chunks/node_modules_next_dist_f3530cac._.js:3127
[  180933ms] [ERROR] ./app/(root)/catalogue/page.tsx:15:7
Parsing ecmascript source code failed
  13 |         </section>
  14 |
> 15 |     </main>
     |       ^^^^
  16 |   )
  17 | }
  18 |

Expected corresponding JSX closing tag for <div> @ http://localhost:3000/_next/static/chunks/node_modules_next_dist_f3530cac._.js:3127
[  181009ms] [ERROR] ./app/(root)/catalogue/page.tsx:15:7
Parsing ecmascript source code failed
  13 |         </section>
  14 |
> 15 |     </main>
     |       ^^^^
  16 |   )
  17 | }
  18 |

Expected corresponding JSX closing tag for <div> @ http://localhost:3000/_next/static/chunks/node_modules_next_dist_f3530cac._.js:3127
[  181074ms] [ERROR] ./app/(root)/catalogue/page.tsx:15:7
Parsing ecmascript source code failed
  13 |         </section>
  14 |
> 15 |     </main>
     |       ^^^^
  16 |   )
  17 | }
  18 |

Expected corresponding JSX closing tag for <div> @ http://localhost:3000/_next/static/chunks/node_modules_next_dist_f3530cac._.js:3127
[  181149ms] [ERROR] ./app/(root)/catalogue/page.tsx:15:7
Parsing ecmascript source code failed
  13 |         </section>
  14 |
> 15 |     </main>
     |       ^^^^
  16 |   )
  17 | }
  18 |

Expected corresponding JSX closing tag for <div> @ http://localhost:3000/_next/static/chunks/node_modules_next_dist_f3530cac._.js:3127
[  181212ms] [ERROR] ./app/(root)/catalogue/page.tsx:15:7
Parsing ecmascript source code failed
  13 |         </section>
  14 |
> 15 |     </main>
     |       ^^^^
  16 |   )
  17 | }
  18 |

Expected corresponding JSX closing tag for <div> @ http://localhost:3000/_next/static/chunks/node_modules_next_dist_f3530cac._.js:3127
[  181293ms] [ERROR] ./app/(root)/catalogue/page.tsx:15:7
Parsing ecmascript source code failed
  13 |         </section>
  14 |
> 15 |     </main>
     |       ^^^^
  16 |   )
  17 | }
  18 |

Expected corresponding JSX closing tag for <div> @ http://localhost:3000/_next/static/chunks/node_modules_next_dist_f3530cac._.js:3127
[  181369ms] [ERROR] ./app/(root)/catalogue/page.tsx:15:7
Parsing ecmascript source code failed
  13 |         </section>
  14 |
> 15 |     </main>
     |       ^^^^
  16 |   )
  17 | }
  18 |

Expected corresponding JSX closing tag for <div> @ http://localhost:3000/_next/static/chunks/node_modules_next_dist_f3530cac._.js:3127
[  181437ms] [ERROR] ./app/(root)/catalogue/page.tsx:15:7
Parsing ecmascript source code failed
  13 |         </section>
  14 |
> 15 |     </main>
     |       ^^^^
  16 |   )
  17 | }
  18 |

Expected corresponding JSX closing tag for <div> @ http://localhost:3000/_next/static/chunks/node_modules_next_dist_f3530cac._.js:3127
[  181515ms] [ERROR] ./app/(root)/catalogue/page.tsx:15:7
Parsing ecmascript source code failed
  13 |         </section>
  14 |
> 15 |     </main>
     |       ^^^^
  16 |   )
  17 | }
  18 |

Expected corresponding JSX closing tag for <div> @ http://localhost:3000/_next/static/chunks/node_modules_next_dist_f3530cac._.js:3127
[  181609ms] [ERROR] ./app/(root)/catalogue/page.tsx:15:7
Parsing ecmascript source code failed
  13 |         </section>
  14 |
> 15 |     </main>
     |       ^^^^
  16 |   )
  17 | }
  18 |

Expected corresponding JSX closing tag for <div> @ http://localhost:3000/_next/static/chunks/node_modules_next_dist_f3530cac._.js:3127
[  181703ms] [ERROR] ./app/(root)/catalogue/page.tsx:15:7
Parsing ecmascript source code failed
  13 |         </section>
  14 |
> 15 |     </main>
     |       ^^^^
  16 |   )
  17 | }
  18 |

Expected corresponding JSX closing tag for <div> @ http://localhost:3000/_next/static/chunks/node_modules_next_dist_f3530cac._.js:3127
[  181812ms] [ERROR] ./app/(root)/catalogue/page.tsx:15:7
Parsing ecmascript source code failed
  13 |         </section>
  14 |
> 15 |     </main>
     |       ^^^^
  16 |   )
  17 | }
  18 |

Expected corresponding JSX closing tag for <div> @ http://localhost:3000/_next/static/chunks/node_modules_next_dist_f3530cac._.js:3127
[  181887ms] [ERROR] ./app/(root)/catalogue/page.tsx:15:7
Parsing ecmascript source code failed
  13 |         </section>
  14 |
> 15 |     </main>
     |       ^^^^
  16 |   )
  17 | }
  18 |

Expected corresponding JSX closing tag for <div> @ http://localhost:3000/_next/static/chunks/node_modules_next_dist_f3530cac._.js:3127
[  181965ms] [ERROR] ./app/(root)/catalogue/page.tsx:15:7
Parsing ecmascript source code failed
  13 |         </section>
  14 |
> 15 |     </main>
     |       ^^^^
  16 |   )
  17 | }
  18 |

Expected corresponding JSX closing tag for <div> @ http://localhost:3000/_next/static/chunks/node_modules_next_dist_f3530cac._.js:3127
[  182042ms] [ERROR] ./app/(root)/catalogue/page.tsx:15:7
Parsing ecmascript source code failed
  13 |         </section>
  14 |
> 15 |     </main>
     |       ^^^^
  16 |   )
  17 | }
  18 |

Expected corresponding JSX closing tag for <div> @ http://localhost:3000/_next/static/chunks/node_modules_next_dist_f3530cac._.js:3127
[  182119ms] [ERROR] ./app/(root)/catalogue/page.tsx:15:7
Parsing ecmascript source code failed
  13 |         </section>
  14 |
> 15 |     </main>
     |       ^^^^
  16 |   )
  17 | }
  18 |

Expected corresponding JSX closing tag for <div> @ http://localhost:3000/_next/static/chunks/node_modules_next_dist_f3530cac._.js:3127
[  182197ms] [ERROR] ./app/(root)/catalogue/page.tsx:15:7
Parsing ecmascript source code failed
  13 |         </section>
  14 |
> 15 |     </main>
     |       ^^^^
  16 |   )
  17 | }
  18 |

Expected corresponding JSX closing tag for <div> @ http://localhost:3000/_next/static/chunks/node_modules_next_dist_f3530cac._.js:3127
[  182274ms] [ERROR] ./app/(root)/catalogue/page.tsx:15:7
Parsing ecmascript source code failed
  13 |         </section>
  14 |
> 15 |     </main>
     |       ^^^^
  16 |   )
  17 | }
  18 |

Expected corresponding JSX closing tag for <div> @ http://localhost:3000/_next/static/chunks/node_modules_next_dist_f3530cac._.js:3127
[  182349ms] [ERROR] ./app/(root)/catalogue/page.tsx:15:7
Parsing ecmascript source code failed
  13 |         </section>
  14 |
> 15 |     </main>
     |       ^^^^
  16 |   )
  17 | }
  18 |

Expected corresponding JSX closing tag for <div> @ http://localhost:3000/_next/static/chunks/node_modules_next_dist_f3530cac._.js:3127
[  182427ms] [ERROR] ./app/(root)/catalogue/page.tsx:15:7
Parsing ecmascript source code failed
  13 |         </section>
  14 |
> 15 |     </main>
     |       ^^^^
  16 |   )
  17 | }
  18 |

Expected corresponding JSX closing tag for <div> @ http://localhost:3000/_next/static/chunks/node_modules_next_dist_f3530cac._.js:3127
[  182504ms] [ERROR] ./app/(root)/catalogue/page.tsx:15:7
Parsing ecmascript source code failed
  13 |         </section>
  14 |
> 15 |     </main>
     |       ^^^^
  16 |   )
  17 | }
  18 |

Expected corresponding JSX closing tag for <div> @ http://localhost:3000/_next/static/chunks/node_modules_next_dist_f3530cac._.js:3127
[  182583ms] [ERROR] ./app/(root)/catalogue/page.tsx:15:7
Parsing ecmascript source code failed
  13 |         </section>
  14 |
> 15 |     </main>
     |       ^^^^
  16 |   )
  17 | }
  18 |

Expected corresponding JSX closing tag for <div> @ http://localhost:3000/_next/static/chunks/node_modules_next_dist_f3530cac._.js:3127
[  182659ms] [ERROR] ./app/(root)/catalogue/page.tsx:15:7
Parsing ecmascript source code failed
  13 |         </section>
  14 |
> 15 |     </main>
     |       ^^^^
  16 |   )
  17 | }
  18 |

Expected corresponding JSX closing tag for <div> @ http://localhost:3000/_next/static/chunks/node_modules_next_dist_f3530cac._.js:3127
[  182736ms] [ERROR] ./app/(root)/catalogue/page.tsx:15:7
Parsing ecmascript source code failed
  13 |         </section>
  14 |
> 15 |     </main>
     |       ^^^^
  16 |   )
  17 | }
  18 |

Expected corresponding JSX closing tag for <div> @ http://localhost:3000/_next/static/chunks/node_modules_next_dist_f3530cac._.js:3127
[  182815ms] [ERROR] ./app/(root)/catalogue/page.tsx:15:7
Parsing ecmascript source code failed
  13 |         </section>
  14 |
> 15 |     </main>
     |       ^^^^
  16 |   )
  17 | }
  18 |

Expected corresponding JSX closing tag for <div> @ http://localhost:3000/_next/static/chunks/node_modules_next_dist_f3530cac._.js:3127
[  182906ms] [ERROR] ./app/(root)/catalogue/page.tsx:15:7
Parsing ecmascript source code failed
  13 |         </section>
  14 |
> 15 |     </main>
     |       ^^^^
  16 |   )
  17 | }
  18 |

Expected corresponding JSX closing tag for <div> @ http://localhost:3000/_next/static/chunks/node_modules_next_dist_f3530cac._.js:3127
[  182984ms] [ERROR] ./app/(root)/catalogue/page.tsx:15:7
Parsing ecmascript source code failed
  13 |         </section>
  14 |
> 15 |     </main>
     |       ^^^^
  16 |   )
  17 | }
  18 |

Expected corresponding JSX closing tag for <div> @ http://localhost:3000/_next/static/chunks/node_modules_next_dist_f3530cac._.js:3127
[  183067ms] [ERROR] ./app/(root)/catalogue/page.tsx:15:7
Parsing ecmascript source code failed
  13 |         </section>
  14 |
> 15 |     </main>
     |       ^^^^
  16 |   )
  17 | }
  18 |

Expected corresponding JSX closing tag for <div> @ http://localhost:3000/_next/static/chunks/node_modules_next_dist_f3530cac._.js:3127
[  183141ms] [ERROR] ./app/(root)/catalogue/page.tsx:15:7
Parsing ecmascript source code failed
  13 |         </section>
  14 |
> 15 |     </main>
     |       ^^^^
  16 |   )
  17 | }
  18 |

Expected corresponding JSX closing tag for <div> @ http://localhost:3000/_next/static/chunks/node_modules_next_dist_f3530cac._.js:3127
[  183222ms] [ERROR] ./app/(root)/catalogue/page.tsx:15:7
Parsing ecmascript source code failed
  13 |         </section>
  14 |
> 15 |     </main>
     |       ^^^^
  16 |   )
  17 | }
  18 |

Expected corresponding JSX closing tag for <div> @ http://localhost:3000/_next/static/chunks/node_modules_next_dist_f3530cac._.js:3127
[  183315ms] [ERROR] ./app/(root)/catalogue/page.tsx:15:7
Parsing ecmascript source code failed
  13 |         </section>
  14 |
> 15 |     </main>
     |       ^^^^
  16 |   )
  17 | }
  18 |

Expected corresponding JSX closing tag for <div> @ http://localhost:3000/_next/static/chunks/node_modules_next_dist_f3530cac._.js:3127
[  183391ms] [ERROR] ./app/(root)/catalogue/page.tsx:15:7
Parsing ecmascript source code failed
  13 |         </section>
  14 |
> 15 |     </main>
     |       ^^^^
  16 |   )
  17 | }
  18 |

Expected corresponding JSX closing tag for <div> @ http://localhost:3000/_next/static/chunks/node_modules_next_dist_f3530cac._.js:3127
[  183456ms] [ERROR] ./app/(root)/catalogue/page.tsx:15:7
Parsing ecmascript source code failed
  13 |         </section>
  14 |
> 15 |     </main>
     |       ^^^^
  16 |   )
  17 | }
  18 |

Expected corresponding JSX closing tag for <div> @ http://localhost:3000/_next/static/chunks/node_modules_next_dist_f3530cac._.js:3127
[  183534ms] [ERROR] ./app/(root)/catalogue/page.tsx:15:7
Parsing ecmascript source code failed
  13 |         </section>
  14 |
> 15 |     </main>
     |       ^^^^
  16 |   )
  17 | }
  18 |

Expected corresponding JSX closing tag for <div> @ http://localhost:3000/_next/static/chunks/node_modules_next_dist_f3530cac._.js:3127
[  183613ms] [ERROR] ./app/(root)/catalogue/page.tsx:15:7
Parsing ecmascript source code failed
  13 |         </section>
  14 |
> 15 |     </main>
     |       ^^^^
  16 |   )
  17 | }
  18 |

Expected corresponding JSX closing tag for <div> @ http://localhost:3000/_next/static/chunks/node_modules_next_dist_f3530cac._.js:3127
[  183692ms] [ERROR] ./app/(root)/catalogue/page.tsx:15:7
Parsing ecmascript source code failed
  13 |         </section>
  14 |
> 15 |     </main>
     |       ^^^^
  16 |   )
  17 | }
  18 |

Expected corresponding JSX closing tag for <div> @ http://localhost:3000/_next/static/chunks/node_modules_next_dist_f3530cac._.js:3127
[  183769ms] [ERROR] ./app/(root)/catalogue/page.tsx:15:7
Parsing ecmascript source code failed
  13 |         </section>
  14 |
> 15 |     </main>
     |       ^^^^
  16 |   )
  17 | }
  18 |

Expected corresponding JSX closing tag for <div> @ http://localhost:3000/_next/static/chunks/node_modules_next_dist_f3530cac._.js:3127
[  183850ms] [ERROR] ./app/(root)/catalogue/page.tsx:15:7
Parsing ecmascript source code failed
  13 |         </section>
  14 |
> 15 |     </main>
     |       ^^^^
  16 |   )
  17 | }
  18 |

Expected corresponding JSX closing tag for <div> @ http://localhost:3000/_next/static/chunks/node_modules_next_dist_f3530cac._.js:3127
[  183925ms] [ERROR] ./app/(root)/catalogue/page.tsx:15:7
Parsing ecmascript source code failed
  13 |         </section>
  14 |
> 15 |     </main>
     |       ^^^^
  16 |   )
  17 | }
  18 |

Expected corresponding JSX closing tag for <div> @ http://localhost:3000/_next/static/chunks/node_modules_next_dist_f3530cac._.js:3127
[  184021ms] [ERROR] ./app/(root)/catalogue/page.tsx:15:7
Parsing ecmascript source code failed
  13 |         </section>
  14 |
> 15 |     </main>
     |       ^^^^
  16 |   )
  17 | }
  18 |

Expected corresponding JSX closing tag for <div> @ http://localhost:3000/_next/static/chunks/node_modules_next_dist_f3530cac._.js:3127
[  184095ms] [ERROR] ./app/(root)/catalogue/page.tsx:15:7
Parsing ecmascript source code failed
  13 |         </section>
  14 |
> 15 |     </main>
     |       ^^^^
  16 |   )
  17 | }
  18 |

Expected corresponding JSX closing tag for <div> @ http://localhost:3000/_next/static/chunks/node_modules_next_dist_f3530cac._.js:3127
[  184172ms] [ERROR] ./app/(root)/catalogue/page.tsx:15:7
Parsing ecmascript source code failed
  13 |         </section>
  14 |
> 15 |     </main>
     |       ^^^^
  16 |   )
  17 | }
  18 |

Expected corresponding JSX closing tag for <div> @ http://localhost:3000/_next/static/chunks/node_modules_next_dist_f3530cac._.js:3127
[  184247ms] [ERROR] ./app/(root)/catalogue/page.tsx:15:7
Parsing ecmascript source code failed
  13 |         </section>
  14 |
> 15 |     </main>
     |       ^^^^
  16 |   )
  17 | }
  18 |

Expected corresponding JSX closing tag for <div> @ http://localhost:3000/_next/static/chunks/node_modules_next_dist_f3530cac._.js:3127
[  184329ms] [ERROR] ./app/(root)/catalogue/page.tsx:15:7
Parsing ecmascript source code failed
  13 |         </section>
  14 |
> 15 |     </main>
     |       ^^^^
  16 |   )
  17 | }
  18 |

Expected corresponding JSX closing tag for <div> @ http://localhost:3000/_next/static/chunks/node_modules_next_dist_f3530cac._.js:3127
[  184406ms] [ERROR] ./app/(root)/catalogue/page.tsx:15:7
Parsing ecmascript source code failed
  13 |         </section>
  14 |
> 15 |     </main>
     |       ^^^^
  16 |   )
  17 | }
  18 |

Expected corresponding JSX closing tag for <div> @ http://localhost:3000/_next/static/chunks/node_modules_next_dist_f3530cac._.js:3127
[  184481ms] [ERROR] ./app/(root)/catalogue/page.tsx:15:7
Parsing ecmascript source code failed
  13 |         </section>
  14 |
> 15 |     </main>
     |       ^^^^
  16 |   )
  17 | }
  18 |

Expected corresponding JSX closing tag for <div> @ http://localhost:3000/_next/static/chunks/node_modules_next_dist_f3530cac._.js:3127
[  184559ms] [ERROR] ./app/(root)/catalogue/page.tsx:15:7
Parsing ecmascript source code failed
  13 |         </section>
  14 |
> 15 |     </main>
     |       ^^^^
  16 |   )
  17 | }
  18 |

Expected corresponding JSX closing tag for <div> @ http://localhost:3000/_next/static/chunks/node_modules_next_dist_f3530cac._.js:3127
[  184620ms] [ERROR] ./app/(root)/catalogue/page.tsx:15:7
Parsing ecmascript source code failed
  13 |         </section>
  14 |
> 15 |     </main>
     |       ^^^^
  16 |   )
  17 | }
  18 |

Expected corresponding JSX closing tag for <div> @ http://localhost:3000/_next/static/chunks/node_modules_next_dist_f3530cac._.js:3127
[  184701ms] [ERROR] ./app/(root)/catalogue/page.tsx:15:7
Parsing ecmascript source code failed
  13 |         </section>
  14 |
> 15 |     </main>
     |       ^^^^
  16 |   )
  17 | }
  18 |

Expected corresponding JSX closing tag for <div> @ http://localhost:3000/_next/static/chunks/node_modules_next_dist_f3530cac._.js:3127
[  184780ms] [ERROR] ./app/(root)/catalogue/page.tsx:15:7
Parsing ecmascript source code failed
  13 |         </section>
  14 |
> 15 |     </main>
     |       ^^^^
  16 |   )
  17 | }
  18 |

Expected corresponding JSX closing tag for <div> @ http://localhost:3000/_next/static/chunks/node_modules_next_dist_f3530cac._.js:3127
[  184855ms] [ERROR] ./app/(root)/catalogue/page.tsx:15:7
Parsing ecmascript source code failed
  13 |         </section>
  14 |
> 15 |     </main>
     |       ^^^^
  16 |   )
  17 | }
  18 |

Expected corresponding JSX closing tag for <div> @ http://localhost:3000/_next/static/chunks/node_modules_next_dist_f3530cac._.js:3127
[  184937ms] [ERROR] ./app/(root)/catalogue/page.tsx:15:7
Parsing ecmascript source code failed
  13 |         </section>
  14 |
> 15 |     </main>
     |       ^^^^
  16 |   )
  17 | }
  18 |

Expected corresponding JSX closing tag for <div> @ http://localhost:3000/_next/static/chunks/node_modules_next_dist_f3530cac._.js:3127
[  185012ms] [ERROR] ./app/(root)/catalogue/page.tsx:15:7
Parsing ecmascript source code failed
  13 |         </section>
  14 |
> 15 |     </main>
     |       ^^^^
  16 |   )
  17 | }
  18 |

Expected corresponding JSX closing tag for <div> @ http://localhost:3000/_next/static/chunks/node_modules_next_dist_f3530cac._.js:3127
[  185089ms] [ERROR] ./app/(root)/catalogue/page.tsx:15:7
Parsing ecmascript source code failed
  13 |         </section>
  14 |
> 15 |     </main>
     |       ^^^^
  16 |   )
  17 | }
  18 |

Expected corresponding JSX closing tag for <div> @ http://localhost:3000/_next/static/chunks/node_modules_next_dist_f3530cac._.js:3127
[  185170ms] [ERROR] ./app/(root)/catalogue/page.tsx:15:7
Parsing ecmascript source code failed
  13 |         </section>
  14 |
> 15 |     </main>
     |       ^^^^
  16 |   )
  17 | }
  18 |

Expected corresponding JSX closing tag for <div> @ http://localhost:3000/_next/static/chunks/node_modules_next_dist_f3530cac._.js:3127
[  185244ms] [ERROR] ./app/(root)/catalogue/page.tsx:15:7
Parsing ecmascript source code failed
  13 |         </section>
  14 |
> 15 |     </main>
     |       ^^^^
  16 |   )
  17 | }
  18 |

Expected corresponding JSX closing tag for <div> @ http://localhost:3000/_next/static/chunks/node_modules_next_dist_f3530cac._.js:3127
[  185323ms] [ERROR] ./app/(root)/catalogue/page.tsx:15:7
Parsing ecmascript source code failed
  13 |         </section>
  14 |
> 15 |     </main>
     |       ^^^^
  16 |   )
  17 | }
  18 |

Expected corresponding JSX closing tag for <div> @ http://localhost:3000/_next/static/chunks/node_modules_next_dist_f3530cac._.js:3127
[  185401ms] [ERROR] ./app/(root)/catalogue/page.tsx:15:7
Parsing ecmascript source code failed
  13 |         </section>
  14 |
> 15 |     </main>
     |       ^^^^
  16 |   )
  17 | }
  18 |

Expected corresponding JSX closing tag for <div> @ http://localhost:3000/_next/static/chunks/node_modules_next_dist_f3530cac._.js:3127
[  185479ms] [ERROR] ./app/(root)/catalogue/page.tsx:15:7
Parsing ecmascript source code failed
  13 |         </section>
  14 |
> 15 |     </main>
     |       ^^^^
  16 |   )
  17 | }
  18 |

Expected corresponding JSX closing tag for <div> @ http://localhost:3000/_next/static/chunks/node_modules_next_dist_f3530cac._.js:3127
[  185559ms] [ERROR] ./app/(root)/catalogue/page.tsx:15:7
Parsing ecmascript source code failed
  13 |         </section>
  14 |
> 15 |     </main>
     |       ^^^^
  16 |   )
  17 | }
  18 |

Expected corresponding JSX closing tag for <div> @ http://localhost:3000/_next/static/chunks/node_modules_next_dist_f3530cac._.js:3127
[  185638ms] [ERROR] ./app/(root)/catalogue/page.tsx:15:7
Parsing ecmascript source code failed
  13 |         </section>
  14 |
> 15 |     </main>
     |       ^^^^
  16 |   )
  17 | }
  18 |

Expected corresponding JSX closing tag for <div> @ http://localhost:3000/_next/static/chunks/node_modules_next_dist_f3530cac._.js:3127
[  185715ms] [ERROR] ./app/(root)/catalogue/page.tsx:15:7
Parsing ecmascript source code failed
  13 |         </section>
  14 |
> 15 |     </main>
     |       ^^^^
  16 |   )
  17 | }
  18 |

Expected corresponding JSX closing tag for <div> @ http://localhost:3000/_next/static/chunks/node_modules_next_dist_f3530cac._.js:3127
[  185796ms] [ERROR] ./app/(root)/catalogue/page.tsx:15:7
Parsing ecmascript source code failed
  13 |         </section>
  14 |
> 15 |     </main>
     |       ^^^^
  16 |   )
  17 | }
  18 |

Expected corresponding JSX closing tag for <div> @ http://localhost:3000/_next/static/chunks/node_modules_next_dist_f3530cac._.js:3127
[  185871ms] [ERROR] ./app/(root)/catalogue/page.tsx:15:7
Parsing ecmascript source code failed
  13 |         </section>
  14 |
> 15 |     </main>
     |       ^^^^
  16 |   )
  17 | }
  18 |

Expected corresponding JSX closing tag for <div> @ http://localhost:3000/_next/static/chunks/node_modules_next_dist_f3530cac._.js:3127
[  185935ms] [ERROR] ./app/(root)/catalogue/page.tsx:15:7
Parsing ecmascript source code failed
  13 |         </section>
  14 |
> 15 |     </main>
     |       ^^^^
  16 |   )
  17 | }
  18 |

Expected corresponding JSX closing tag for <div> @ http://localhost:3000/_next/static/chunks/node_modules_next_dist_f3530cac._.js:3127
[  186010ms] [ERROR] ./app/(root)/catalogue/page.tsx:15:7
Parsing ecmascript source code failed
  13 |         </section>
  14 |
> 15 |     </main>
     |       ^^^^
  16 |   )
  17 | }
  18 |

Expected corresponding JSX closing tag for <div> @ http://localhost:3000/_next/static/chunks/node_modules_next_dist_f3530cac._.js:3127
[  186089ms] [ERROR] ./app/(root)/catalogue/page.tsx:15:7
Parsing ecmascript source code failed
  13 |         </section>
  14 |
> 15 |     </main>
     |       ^^^^
  16 |   )
  17 | }
  18 |

Expected corresponding JSX closing tag for <div> @ http://localhost:3000/_next/static/chunks/node_modules_next_dist_f3530cac._.js:3127
[  186164ms] [ERROR] ./app/(root)/catalogue/page.tsx:15:7
Parsing ecmascript source code failed
  13 |         </section>
  14 |
> 15 |     </main>
     |       ^^^^
  16 |   )
  17 | }
  18 |

Expected corresponding JSX closing tag for <div> @ http://localhost:3000/_next/static/chunks/node_modules_next_dist_f3530cac._.js:3127
[  186226ms] [ERROR] ./app/(root)/catalogue/page.tsx:15:7
Parsing ecmascript source code failed
  13 |         </section>
  14 |
> 15 |     </main>
     |       ^^^^
  16 |   )
  17 | }
  18 |

Expected corresponding JSX closing tag for <div> @ http://localhost:3000/_next/static/chunks/node_modules_next_dist_f3530cac._.js:3127
[  186305ms] [ERROR] ./app/(root)/catalogue/page.tsx:15:7
Parsing ecmascript source code failed
  13 |         </section>
  14 |
> 15 |     </main>
     |       ^^^^
  16 |   )
  17 | }
  18 |

Expected corresponding JSX closing tag for <div> @ http://localhost:3000/_next/static/chunks/node_modules_next_dist_f3530cac._.js:3127
[  186387ms] [ERROR] ./app/(root)/catalogue/page.tsx:15:7
Parsing ecmascript source code failed
  13 |         </section>
  14 |
> 15 |     </main>
     |       ^^^^
  16 |   )
  17 | }
  18 |

Expected corresponding JSX closing tag for <div> @ http://localhost:3000/_next/static/chunks/node_modules_next_dist_f3530cac._.js:3127
[  186477ms] [ERROR] ./app/(root)/catalogue/page.tsx:15:7
Parsing ecmascript source code failed
  13 |         </section>
  14 |
> 15 |     </main>
     |       ^^^^
  16 |   )
  17 | }
  18 |

Expected corresponding JSX closing tag for <div> @ http://localhost:3000/_next/static/chunks/node_modules_next_dist_f3530cac._.js:3127
[  186554ms] [ERROR] ./app/(root)/catalogue/page.tsx:15:7
Parsing ecmascript source code failed
  13 |         </section>
  14 |
> 15 |     </main>
     |       ^^^^
  16 |   )
  17 | }
  18 |

Expected corresponding JSX closing tag for <div> @ http://localhost:3000/_next/static/chunks/node_modules_next_dist_f3530cac._.js:3127
[  186649ms] [ERROR] ./app/(root)/catalogue/page.tsx:15:7
Parsing ecmascript source code failed
  13 |         </section>
  14 |
> 15 |     </main>
     |       ^^^^
  16 |   )
  17 | }
  18 |

Expected corresponding JSX closing tag for <div> @ http://localhost:3000/_next/static/chunks/node_modules_next_dist_f3530cac._.js:3127
[  186725ms] [ERROR] ./app/(root)/catalogue/page.tsx:15:7
Parsing ecmascript source code failed
  13 |         </section>
  14 |
> 15 |     </main>
     |       ^^^^
  16 |   )
  17 | }
  18 |

Expected corresponding JSX closing tag for <div> @ http://localhost:3000/_next/static/chunks/node_modules_next_dist_f3530cac._.js:3127
[  186804ms] [ERROR] ./app/(root)/catalogue/page.tsx:15:7
Parsing ecmascript source code failed
  13 |         </section>
  14 |
> 15 |     </main>
     |       ^^^^
  16 |   )
  17 | }
  18 |

Expected corresponding JSX closing tag for <div> @ http://localhost:3000/_next/static/chunks/node_modules_next_dist_f3530cac._.js:3127
[  186882ms] [ERROR] ./app/(root)/catalogue/page.tsx:15:7
Parsing ecmascript source code failed
  13 |         </section>
  14 |
> 15 |     </main>
     |       ^^^^
  16 |   )
  17 | }
  18 |

Expected corresponding JSX closing tag for <div> @ http://localhost:3000/_next/static/chunks/node_modules_next_dist_f3530cac._.js:3127
[  186961ms] [ERROR] ./app/(root)/catalogue/page.tsx:15:7
Parsing ecmascript source code failed
  13 |         </section>
  14 |
> 15 |     </main>
     |       ^^^^
  16 |   )
  17 | }
  18 |

Expected corresponding JSX closing tag for <div> @ http://localhost:3000/_next/static/chunks/node_modules_next_dist_f3530cac._.js:3127
[  187036ms] [ERROR] ./app/(root)/catalogue/page.tsx:15:7
Parsing ecmascript source code failed
  13 |         </section>
  14 |
> 15 |     </main>
     |       ^^^^
  16 |   )
  17 | }
  18 |

Expected corresponding JSX closing tag for <div> @ http://localhost:3000/_next/static/chunks/node_modules_next_dist_f3530cac._.js:3127
[  187112ms] [ERROR] ./app/(root)/catalogue/page.tsx:15:7
Parsing ecmascript source code failed
  13 |         </section>
  14 |
> 15 |     </main>
     |       ^^^^
  16 |   )
  17 | }
  18 |

Expected corresponding JSX closing tag for <div> @ http://localhost:3000/_next/static/chunks/node_modules_next_dist_f3530cac._.js:3127
[  187193ms] [ERROR] ./app/(root)/catalogue/page.tsx:15:7
Parsing ecmascript source code failed
  13 |         </section>
  14 |
> 15 |     </main>
     |       ^^^^
  16 |   )
  17 | }
  18 |

Expected corresponding JSX closing tag for <div> @ http://localhost:3000/_next/static/chunks/node_modules_next_dist_f3530cac._.js:3127
[  187270ms] [ERROR] ./app/(root)/catalogue/page.tsx:15:7
Parsing ecmascript source code failed
  13 |         </section>
  14 |
> 15 |     </main>
     |       ^^^^
  16 |   )
  17 | }
  18 |

Expected corresponding JSX closing tag for <div> @ http://localhost:3000/_next/static/chunks/node_modules_next_dist_f3530cac._.js:3127
[  187347ms] [ERROR] ./app/(root)/catalogue/page.tsx:15:7
Parsing ecmascript source code failed
  13 |         </section>
  14 |
> 15 |     </main>
     |       ^^^^
  16 |   )
  17 | }
  18 |

Expected corresponding JSX closing tag for <div> @ http://localhost:3000/_next/static/chunks/node_modules_next_dist_f3530cac._.js:3127
[  187424ms] [ERROR] ./app/(root)/catalogue/page.tsx:15:7
Parsing ecmascript source code failed
  13 |         </section>
  14 |
> 15 |     </main>
     |       ^^^^
  16 |   )
  17 | }
  18 |

Expected corresponding JSX closing tag for <div> @ http://localhost:3000/_next/static/chunks/node_modules_next_dist_f3530cac._.js:3127
[  187503ms] [ERROR] ./app/(root)/catalogue/page.tsx:15:7
Parsing ecmascript source code failed
  13 |         </section>
  14 |
> 15 |     </main>
     |       ^^^^
  16 |   )
  17 | }
  18 |

Expected corresponding JSX closing tag for <div> @ http://localhost:3000/_next/static/chunks/node_modules_next_dist_f3530cac._.js:3127
[  187579ms] [ERROR] ./app/(root)/catalogue/page.tsx:15:7
Parsing ecmascript source code failed
  13 |         </section>
  14 |
> 15 |     </main>
     |       ^^^^
  16 |   )
  17 | }
  18 |

Expected corresponding JSX closing tag for <div> @ http://localhost:3000/_next/static/chunks/node_modules_next_dist_f3530cac._.js:3127
[  187654ms] [ERROR] ./app/(root)/catalogue/page.tsx:15:7
Parsing ecmascript source code failed
  13 |         </section>
  14 |
> 15 |     </main>
     |       ^^^^
  16 |   )
  17 | }
  18 |

Expected corresponding JSX closing tag for <div> @ http://localhost:3000/_next/static/chunks/node_modules_next_dist_f3530cac._.js:3127
[  187732ms] [ERROR] ./app/(root)/catalogue/page.tsx:15:7
Parsing ecmascript source code failed
  13 |         </section>
  14 |
> 15 |     </main>
     |       ^^^^
  16 |   )
  17 | }
  18 |

Expected corresponding JSX closing tag for <div> @ http://localhost:3000/_next/static/chunks/node_modules_next_dist_f3530cac._.js:3127
[  187808ms] [ERROR] ./app/(root)/catalogue/page.tsx:15:7
Parsing ecmascript source code failed
  13 |         </section>
  14 |
> 15 |     </main>
     |       ^^^^
  16 |   )
  17 | }
  18 |

Expected corresponding JSX closing tag for <div> @ http://localhost:3000/_next/static/chunks/node_modules_next_dist_f3530cac._.js:3127
[  187886ms] [ERROR] ./app/(root)/catalogue/page.tsx:15:7
Parsing ecmascript source code failed
  13 |         </section>
  14 |
> 15 |     </main>
     |       ^^^^
  16 |   )
  17 | }
  18 |

Expected corresponding JSX closing tag for <div> @ http://localhost:3000/_next/static/chunks/node_modules_next_dist_f3530cac._.js:3127
[  187964ms] [ERROR] ./app/(root)/catalogue/page.tsx:15:7
Parsing ecmascript source code failed
  13 |         </section>
  14 |
> 15 |     </main>
     |       ^^^^
  16 |   )
  17 | }
  18 |

Expected corresponding JSX closing tag for <div> @ http://localhost:3000/_next/static/chunks/node_modules_next_dist_f3530cac._.js:3127
[  188043ms] [ERROR] ./app/(root)/catalogue/page.tsx:15:7
Parsing ecmascript source code failed
  13 |         </section>
  14 |
> 15 |     </main>
     |       ^^^^
  16 |   )
  17 | }
  18 |

Expected corresponding JSX closing tag for <div> @ http://localhost:3000/_next/static/chunks/node_modules_next_dist_f3530cac._.js:3127
[  188119ms] [ERROR] ./app/(root)/catalogue/page.tsx:15:7
Parsing ecmascript source code failed
  13 |         </section>
  14 |
> 15 |     </main>
     |       ^^^^
  16 |   )
  17 | }
  18 |

Expected corresponding JSX closing tag for <div> @ http://localhost:3000/_next/static/chunks/node_modules_next_dist_f3530cac._.js:3127
[  188182ms] [ERROR] ./app/(root)/catalogue/page.tsx:15:7
Parsing ecmascript source code failed
  13 |         </section>
  14 |
> 15 |     </main>
     |       ^^^^
  16 |   )
  17 | }
  18 |

Expected corresponding JSX closing tag for <div> @ http://localhost:3000/_next/static/chunks/node_modules_next_dist_f3530cac._.js:3127
[  188259ms] [ERROR] ./app/(root)/catalogue/page.tsx:15:7
Parsing ecmascript source code failed
  13 |         </section>
  14 |
> 15 |     </main>
     |       ^^^^
  16 |   )
  17 | }
  18 |

Expected corresponding JSX closing tag for <div> @ http://localhost:3000/_next/static/chunks/node_modules_next_dist_f3530cac._.js:3127
[  188337ms] [ERROR] ./app/(root)/catalogue/page.tsx:15:7
Parsing ecmascript source code failed
  13 |         </section>
  14 |
> 15 |     </main>
     |       ^^^^
  16 |   )
  17 | }
  18 |

Expected corresponding JSX closing tag for <div> @ http://localhost:3000/_next/static/chunks/node_modules_next_dist_f3530cac._.js:3127
[  188416ms] [ERROR] ./app/(root)/catalogue/page.tsx:15:7
Parsing ecmascript source code failed
  13 |         </section>
  14 |
> 15 |     </main>
     |       ^^^^
  16 |   )
  17 | }
  18 |

Expected corresponding JSX closing tag for <div> @ http://localhost:3000/_next/static/chunks/node_modules_next_dist_f3530cac._.js:3127
[  188491ms] [ERROR] ./app/(root)/catalogue/page.tsx:15:7
Parsing ecmascript source code failed
  13 |         </section>
  14 |
> 15 |     </main>
     |       ^^^^
  16 |   )
  17 | }
  18 |

Expected corresponding JSX closing tag for <div> @ http://localhost:3000/_next/static/chunks/node_modules_next_dist_f3530cac._.js:3127
[  188573ms] [ERROR] ./app/(root)/catalogue/page.tsx:15:7
Parsing ecmascript source code failed
  13 |         </section>
  14 |
> 15 |     </main>
     |       ^^^^
  16 |   )
  17 | }
  18 |

Expected corresponding JSX closing tag for <div> @ http://localhost:3000/_next/static/chunks/node_modules_next_dist_f3530cac._.js:3127
[  188652ms] [ERROR] ./app/(root)/catalogue/page.tsx:15:7
Parsing ecmascript source code failed
  13 |         </section>
  14 |
> 15 |     </main>
     |       ^^^^
  16 |   )
  17 | }
  18 |

Expected corresponding JSX closing tag for <div> @ http://localhost:3000/_next/static/chunks/node_modules_next_dist_f3530cac._.js:3127
[  188727ms] [ERROR] ./app/(root)/catalogue/page.tsx:15:7
Parsing ecmascript source code failed
  13 |         </section>
  14 |
> 15 |     </main>
     |       ^^^^
  16 |   )
  17 | }
  18 |

Expected corresponding JSX closing tag for <div> @ http://localhost:3000/_next/static/chunks/node_modules_next_dist_f3530cac._.js:3127
[  188806ms] [ERROR] ./app/(root)/catalogue/page.tsx:15:7
Parsing ecmascript source code failed
  13 |         </section>
  14 |
> 15 |     </main>
     |       ^^^^
  16 |   )
  17 | }
  18 |

Expected corresponding JSX closing tag for <div> @ http://localhost:3000/_next/static/chunks/node_modules_next_dist_f3530cac._.js:3127
[  188884ms] [ERROR] ./app/(root)/catalogue/page.tsx:15:7
Parsing ecmascript source code failed
  13 |         </section>
  14 |
> 15 |     </main>
     |       ^^^^
  16 |   )
  17 | }
  18 |

Expected corresponding JSX closing tag for <div> @ http://localhost:3000/_next/static/chunks/node_modules_next_dist_f3530cac._.js:3127
[  188961ms] [ERROR] ./app/(root)/catalogue/page.tsx:15:7
Parsing ecmascript source code failed
  13 |         </section>
  14 |
> 15 |     </main>
     |       ^^^^
  16 |   )
  17 | }
  18 |

Expected corresponding JSX closing tag for <div> @ http://localhost:3000/_next/static/chunks/node_modules_next_dist_f3530cac._.js:3127
[  189041ms] [ERROR] ./app/(root)/catalogue/page.tsx:15:7
Parsing ecmascript source code failed
  13 |         </section>
  14 |
> 15 |     </main>
     |       ^^^^
  16 |   )
  17 | }
  18 |

Expected corresponding JSX closing tag for <div> @ http://localhost:3000/_next/static/chunks/node_modules_next_dist_f3530cac._.js:3127
[  189120ms] [ERROR] ./app/(root)/catalogue/page.tsx:15:7
Parsing ecmascript source code failed
  13 |         </section>
  14 |
> 15 |     </main>
     |       ^^^^
  16 |   )
  17 | }
  18 |

Expected corresponding JSX closing tag for <div> @ http://localhost:3000/_next/static/chunks/node_modules_next_dist_f3530cac._.js:3127
[  189195ms] [ERROR] ./app/(root)/catalogue/page.tsx:15:7
Parsing ecmascript source code failed
  13 |         </section>
  14 |
> 15 |     </main>
     |       ^^^^
  16 |   )
  17 | }
  18 |

Expected corresponding JSX closing tag for <div> @ http://localhost:3000/_next/static/chunks/node_modules_next_dist_f3530cac._.js:3127
[  189273ms] [ERROR] ./app/(root)/catalogue/page.tsx:15:7
Parsing ecmascript source code failed
  13 |         </section>
  14 |
> 15 |     </main>
     |       ^^^^
  16 |   )
  17 | }
  18 |

Expected corresponding JSX closing tag for <div> @ http://localhost:3000/_next/static/chunks/node_modules_next_dist_f3530cac._.js:3127
[  189349ms] [ERROR] ./app/(root)/catalogue/page.tsx:15:7
Parsing ecmascript source code failed
  13 |         </section>
  14 |
> 15 |     </main>
     |       ^^^^
  16 |   )
  17 | }
  18 |

Expected corresponding JSX closing tag for <div> @ http://localhost:3000/_next/static/chunks/node_modules_next_dist_f3530cac._.js:3127
[  189414ms] [ERROR] ./app/(root)/catalogue/page.tsx:15:7
Parsing ecmascript source code failed
  13 |         </section>
  14 |
> 15 |     </main>
     |       ^^^^
  16 |   )
  17 | }
  18 |

Expected corresponding JSX closing tag for <div> @ http://localhost:3000/_next/static/chunks/node_modules_next_dist_f3530cac._.js:3127
[  189493ms] [ERROR] ./app/(root)/catalogue/page.tsx:15:7
Parsing ecmascript source code failed
  13 |         </section>
  14 |
> 15 |     </main>
     |       ^^^^
  16 |   )
  17 | }
  18 |

Expected corresponding JSX closing tag for <div> @ http://localhost:3000/_next/static/chunks/node_modules_next_dist_f3530cac._.js:3127
[  189568ms] [ERROR] ./app/(root)/catalogue/page.tsx:15:7
Parsing ecmascript source code failed
  13 |         </section>
  14 |
> 15 |     </main>
     |       ^^^^
  16 |   )
  17 | }
  18 |

Expected corresponding JSX closing tag for <div> @ http://localhost:3000/_next/static/chunks/node_modules_next_dist_f3530cac._.js:3127
[  189646ms] [ERROR] ./app/(root)/catalogue/page.tsx:15:7
Parsing ecmascript source code failed
  13 |         </section>
  14 |
> 15 |     </main>
     |       ^^^^
  16 |   )
  17 | }
  18 |

Expected corresponding JSX closing tag for <div> @ http://localhost:3000/_next/static/chunks/node_modules_next_dist_f3530cac._.js:3127
[  189723ms] [ERROR] ./app/(root)/catalogue/page.tsx:15:7
Parsing ecmascript source code failed
  13 |         </section>
  14 |
> 15 |     </main>
     |       ^^^^
  16 |   )
  17 | }
  18 |

Expected corresponding JSX closing tag for <div> @ http://localhost:3000/_next/static/chunks/node_modules_next_dist_f3530cac._.js:3127
[  189784ms] [ERROR] ./app/(root)/catalogue/page.tsx:15:7
Parsing ecmascript source code failed
  13 |         </section>
  14 |
> 15 |     </main>
     |       ^^^^
  16 |   )
  17 | }
  18 |

Expected corresponding JSX closing tag for <div> @ http://localhost:3000/_next/static/chunks/node_modules_next_dist_f3530cac._.js:3127
[  189865ms] [ERROR] ./app/(root)/catalogue/page.tsx:15:7
Parsing ecmascript source code failed
  13 |         </section>
  14 |
> 15 |     </main>
     |       ^^^^
  16 |   )
  17 | }
  18 |

Expected corresponding JSX closing tag for <div> @ http://localhost:3000/_next/static/chunks/node_modules_next_dist_f3530cac._.js:3127
[  189941ms] [ERROR] ./app/(root)/catalogue/page.tsx:15:7
Parsing ecmascript source code failed
  13 |         </section>
  14 |
> 15 |     </main>
     |       ^^^^
  16 |   )
  17 | }
  18 |

Expected corresponding JSX closing tag for <div> @ http://localhost:3000/_next/static/chunks/node_modules_next_dist_f3530cac._.js:3127
[  190017ms] [ERROR] ./app/(root)/catalogue/page.tsx:15:7
Parsing ecmascript source code failed
  13 |         </section>
  14 |
> 15 |     </main>
     |       ^^^^
  16 |   )
  17 | }
  18 |

Expected corresponding JSX closing tag for <div> @ http://localhost:3000/_next/static/chunks/node_modules_next_dist_f3530cac._.js:3127
[  190092ms] [ERROR] ./app/(root)/catalogue/page.tsx:15:7
Parsing ecmascript source code failed
  13 |         </section>
  14 |
> 15 |     </main>
     |       ^^^^
  16 |   )
  17 | }
  18 |

Expected corresponding JSX closing tag for <div> @ http://localhost:3000/_next/static/chunks/node_modules_next_dist_f3530cac._.js:3127
[  190158ms] [ERROR] ./app/(root)/catalogue/page.tsx:15:7
Parsing ecmascript source code failed
  13 |         </section>
  14 |
> 15 |     </main>
     |       ^^^^
  16 |   )
  17 | }
  18 |

Expected corresponding JSX closing tag for <div> @ http://localhost:3000/_next/static/chunks/node_modules_next_dist_f3530cac._.js:3127
[  190234ms] [ERROR] ./app/(root)/catalogue/page.tsx:15:7
Parsing ecmascript source code failed
  13 |         </section>
  14 |
> 15 |     </main>
     |       ^^^^
  16 |   )
  17 | }
  18 |

Expected corresponding JSX closing tag for <div> @ http://localhost:3000/_next/static/chunks/node_modules_next_dist_f3530cac._.js:3127
[  190314ms] [ERROR] ./app/(root)/catalogue/page.tsx:15:7
Parsing ecmascript source code failed
  13 |         </section>
  14 |
> 15 |     </main>
     |       ^^^^
  16 |   )
  17 | }
  18 |

Expected corresponding JSX closing tag for <div> @ http://localhost:3000/_next/static/chunks/node_modules_next_dist_f3530cac._.js:3127
[  190391ms] [ERROR] ./app/(root)/catalogue/page.tsx:15:7
Parsing ecmascript source code failed
  13 |         </section>
  14 |
> 15 |     </main>
     |       ^^^^
  16 |   )
  17 | }
  18 |

Expected corresponding JSX closing tag for <div> @ http://localhost:3000/_next/static/chunks/node_modules_next_dist_f3530cac._.js:3127
[  190453ms] [ERROR] ./app/(root)/catalogue/page.tsx:15:7
Parsing ecmascript source code failed
  13 |         </section>
  14 |
> 15 |     </main>
     |       ^^^^
  16 |   )
  17 | }
  18 |

Expected corresponding JSX closing tag for <div> @ http://localhost:3000/_next/static/chunks/node_modules_next_dist_f3530cac._.js:3127
[  190518ms] [ERROR] ./app/(root)/catalogue/page.tsx:15:7
Parsing ecmascript source code failed
  13 |         </section>
  14 |
> 15 |     </main>
     |       ^^^^
  16 |   )
  17 | }
  18 |

Expected corresponding JSX closing tag for <div> @ http://localhost:3000/_next/static/chunks/node_modules_next_dist_f3530cac._.js:3127
[  190596ms] [ERROR] ./app/(root)/catalogue/page.tsx:15:7
Parsing ecmascript source code failed
  13 |         </section>
  14 |
> 15 |     </main>
     |       ^^^^
  16 |   )
  17 | }
  18 |

Expected corresponding JSX closing tag for <div> @ http://localhost:3000/_next/static/chunks/node_modules_next_dist_f3530cac._.js:3127
[  190672ms] [ERROR] ./app/(root)/catalogue/page.tsx:15:7
Parsing ecmascript source code failed
  13 |         </section>
  14 |
> 15 |     </main>
     |       ^^^^
  16 |   )
  17 | }
  18 |

Expected corresponding JSX closing tag for <div> @ http://localhost:3000/_next/static/chunks/node_modules_next_dist_f3530cac._.js:3127
[  190751ms] [ERROR] ./app/(root)/catalogue/page.tsx:15:7
Parsing ecmascript source code failed
  13 |         </section>
  14 |
> 15 |     </main>
     |       ^^^^
  16 |   )
  17 | }
  18 |

Expected corresponding JSX closing tag for <div> @ http://localhost:3000/_next/static/chunks/node_modules_next_dist_f3530cac._.js:3127
[  190829ms] [ERROR] ./app/(root)/catalogue/page.tsx:15:7
Parsing ecmascript source code failed
  13 |         </section>
  14 |
> 15 |     </main>
     |       ^^^^
  16 |   )
  17 | }
  18 |

Expected corresponding JSX closing tag for <div> @ http://localhost:3000/_next/static/chunks/node_modules_next_dist_f3530cac._.js:3127
[  190905ms] [ERROR] ./app/(root)/catalogue/page.tsx:15:7
Parsing ecmascript source code failed
  13 |         </section>
  14 |
> 15 |     </main>
     |       ^^^^
  16 |   )
  17 | }
  18 |

Expected corresponding JSX closing tag for <div> @ http://localhost:3000/_next/static/chunks/node_modules_next_dist_f3530cac._.js:3127
[  190983ms] [ERROR] ./app/(root)/catalogue/page.tsx:15:7
Parsing ecmascript source code failed
  13 |         </section>
  14 |
> 15 |     </main>
     |       ^^^^
  16 |   )
  17 | }
  18 |

Expected corresponding JSX closing tag for <div> @ http://localhost:3000/_next/static/chunks/node_modules_next_dist_f3530cac._.js:3127
[  191050ms] [ERROR] ./app/(root)/catalogue/page.tsx:15:7
Parsing ecmascript source code failed
  13 |         </section>
  14 |
> 15 |     </main>
     |       ^^^^
  16 |   )
  17 | }
  18 |

Expected corresponding JSX closing tag for <div> @ http://localhost:3000/_next/static/chunks/node_modules_next_dist_f3530cac._.js:3127
[  191126ms] [ERROR] ./app/(root)/catalogue/page.tsx:15:7
Parsing ecmascript source code failed
  13 |         </section>
  14 |
> 15 |     </main>
     |       ^^^^
  16 |   )
  17 | }
  18 |

Expected corresponding JSX closing tag for <div> @ http://localhost:3000/_next/static/chunks/node_modules_next_dist_f3530cac._.js:3127
[  191202ms] [ERROR] ./app/(root)/catalogue/page.tsx:15:7
Parsing ecmascript source code failed
  13 |         </section>
  14 |
> 15 |     </main>
     |       ^^^^
  16 |   )
  17 | }
  18 |

Expected corresponding JSX closing tag for <div> @ http://localhost:3000/_next/static/chunks/node_modules_next_dist_f3530cac._.js:3127
[  191283ms] [ERROR] ./app/(root)/catalogue/page.tsx:15:7
Parsing ecmascript source code failed
  13 |         </section>
  14 |
> 15 |     </main>
     |       ^^^^
  16 |   )
  17 | }
  18 |

Expected corresponding JSX closing tag for <div> @ http://localhost:3000/_next/static/chunks/node_modules_next_dist_f3530cac._.js:3127
[  191359ms] [ERROR] ./app/(root)/catalogue/page.tsx:15:7
Parsing ecmascript source code failed
  13 |         </section>
  14 |
> 15 |     </main>
     |       ^^^^
  16 |   )
  17 | }
  18 |

Expected corresponding JSX closing tag for <div> @ http://localhost:3000/_next/static/chunks/node_modules_next_dist_f3530cac._.js:3127
[  191436ms] [ERROR] ./app/(root)/catalogue/page.tsx:15:7
Parsing ecmascript source code failed
  13 |         </section>
  14 |
> 15 |     </main>
     |       ^^^^
  16 |   )
  17 | }
  18 |

Expected corresponding JSX closing tag for <div> @ http://localhost:3000/_next/static/chunks/node_modules_next_dist_f3530cac._.js:3127
[  191518ms] [ERROR] ./app/(root)/catalogue/page.tsx:15:7
Parsing ecmascript source code failed
  13 |         </section>
  14 |
> 15 |     </main>
     |       ^^^^
  16 |   )
  17 | }
  18 |

Expected corresponding JSX closing tag for <div> @ http://localhost:3000/_next/static/chunks/node_modules_next_dist_f3530cac._.js:3127
[  191594ms] [ERROR] ./app/(root)/catalogue/page.tsx:15:7
Parsing ecmascript source code failed
  13 |         </section>
  14 |
> 15 |     </main>
     |       ^^^^
  16 |   )
  17 | }
  18 |

Expected corresponding JSX closing tag for <div> @ http://localhost:3000/_next/static/chunks/node_modules_next_dist_f3530cac._.js:3127
[  191679ms] [ERROR] ./app/(root)/catalogue/page.tsx:15:7
Parsing ecmascript source code failed
  13 |         </section>
  14 |
> 15 |     </main>
     |       ^^^^
  16 |   )
  17 | }
  18 |

Expected corresponding JSX closing tag for <div> @ http://localhost:3000/_next/static/chunks/node_modules_next_dist_f3530cac._.js:3127
[  191749ms] [ERROR] ./app/(root)/catalogue/page.tsx:15:7
Parsing ecmascript source code failed
  13 |         </section>
  14 |
> 15 |     </main>
     |       ^^^^
  16 |   )
  17 | }
  18 |

Expected corresponding JSX closing tag for <div> @ http://localhost:3000/_next/static/chunks/node_modules_next_dist_f3530cac._.js:3127
[  191826ms] [ERROR] ./app/(root)/catalogue/page.tsx:15:7
Parsing ecmascript source code failed
  13 |         </section>
  14 |
> 15 |     </main>
     |       ^^^^
  16 |   )
  17 | }
  18 |

Expected corresponding JSX closing tag for <div> @ http://localhost:3000/_next/static/chunks/node_modules_next_dist_f3530cac._.js:3127
[  191905ms] [ERROR] ./app/(root)/catalogue/page.tsx:15:7
Parsing ecmascript source code failed
  13 |         </section>
  14 |
> 15 |     </main>
     |       ^^^^
  16 |   )
  17 | }
  18 |

Expected corresponding JSX closing tag for <div> @ http://localhost:3000/_next/static/chunks/node_modules_next_dist_f3530cac._.js:3127
[  191982ms] [ERROR] ./app/(root)/catalogue/page.tsx:15:7
Parsing ecmascript source code failed
  13 |         </section>
  14 |
> 15 |     </main>
     |       ^^^^
  16 |   )
  17 | }
  18 |

Expected corresponding JSX closing tag for <div> @ http://localhost:3000/_next/static/chunks/node_modules_next_dist_f3530cac._.js:3127
[  192060ms] [ERROR] ./app/(root)/catalogue/page.tsx:15:7
Parsing ecmascript source code failed
  13 |         </section>
  14 |
> 15 |     </main>
     |       ^^^^
  16 |   )
  17 | }
  18 |

Expected corresponding JSX closing tag for <div> @ http://localhost:3000/_next/static/chunks/node_modules_next_dist_f3530cac._.js:3127
[  192138ms] [ERROR] ./app/(root)/catalogue/page.tsx:15:7
Parsing ecmascript source code failed
  13 |         </section>
  14 |
> 15 |     </main>
     |       ^^^^
  16 |   )
  17 | }
  18 |

Expected corresponding JSX closing tag for <div> @ http://localhost:3000/_next/static/chunks/node_modules_next_dist_f3530cac._.js:3127
[  192214ms] [ERROR] ./app/(root)/catalogue/page.tsx:15:7
Parsing ecmascript source code failed
  13 |         </section>
  14 |
> 15 |     </main>
     |       ^^^^
  16 |   )
  17 | }
  18 |

Expected corresponding JSX closing tag for <div> @ http://localhost:3000/_next/static/chunks/node_modules_next_dist_f3530cac._.js:3127
[  192292ms] [ERROR] ./app/(root)/catalogue/page.tsx:15:7
Parsing ecmascript source code failed
  13 |         </section>
  14 |
> 15 |     </main>
     |       ^^^^
  16 |   )
  17 | }
  18 |

Expected corresponding JSX closing tag for <div> @ http://localhost:3000/_next/static/chunks/node_modules_next_dist_f3530cac._.js:3127
[  192370ms] [ERROR] ./app/(root)/catalogue/page.tsx:15:7
Parsing ecmascript source code failed
  13 |         </section>
  14 |
> 15 |     </main>
     |       ^^^^
  16 |   )
  17 | }
  18 |

Expected corresponding JSX closing tag for <div> @ http://localhost:3000/_next/static/chunks/node_modules_next_dist_f3530cac._.js:3127
[  192449ms] [ERROR] ./app/(root)/catalogue/page.tsx:15:7
Parsing ecmascript source code failed
  13 |         </section>
  14 |
> 15 |     </main>
     |       ^^^^
  16 |   )
  17 | }
  18 |

Expected corresponding JSX closing tag for <div> @ http://localhost:3000/_next/static/chunks/node_modules_next_dist_f3530cac._.js:3127
[  192525ms] [ERROR] ./app/(root)/catalogue/page.tsx:15:7
Parsing ecmascript source code failed
  13 |         </section>
  14 |
> 15 |     </main>
     |       ^^^^
  16 |   )
  17 | }
  18 |

Expected corresponding JSX closing tag for <div> @ http://localhost:3000/_next/static/chunks/node_modules_next_dist_f3530cac._.js:3127
[  192589ms] [ERROR] ./app/(root)/catalogue/page.tsx:15:7
Parsing ecmascript source code failed
  13 |         </section>
  14 |
> 15 |     </main>
     |       ^^^^
  16 |   )
  17 | }
  18 |

Expected corresponding JSX closing tag for <div> @ http://localhost:3000/_next/static/chunks/node_modules_next_dist_f3530cac._.js:3127
[  192668ms] [ERROR] ./app/(root)/catalogue/page.tsx:15:7
Parsing ecmascript source code failed
  13 |         </section>
  14 |
> 15 |     </main>
     |       ^^^^
  16 |   )
  17 | }
  18 |

Expected corresponding JSX closing tag for <div> @ http://localhost:3000/_next/static/chunks/node_modules_next_dist_f3530cac._.js:3127
[  192744ms] [ERROR] ./app/(root)/catalogue/page.tsx:15:7
Parsing ecmascript source code failed
  13 |         </section>
  14 |
> 15 |     </main>
     |       ^^^^
  16 |   )
  17 | }
  18 |

Expected corresponding JSX closing tag for <div> @ http://localhost:3000/_next/static/chunks/node_modules_next_dist_f3530cac._.js:3127
[  192823ms] [ERROR] ./app/(root)/catalogue/page.tsx:15:7
Parsing ecmascript source code failed
  13 |         </section>
  14 |
> 15 |     </main>
     |       ^^^^
  16 |   )
  17 | }
  18 |

Expected corresponding JSX closing tag for <div> @ http://localhost:3000/_next/static/chunks/node_modules_next_dist_f3530cac._.js:3127
[  192885ms] [ERROR] ./app/(root)/catalogue/page.tsx:15:7
Parsing ecmascript source code failed
  13 |         </section>
  14 |
> 15 |     </main>
     |       ^^^^
  16 |   )
  17 | }
  18 |

Expected corresponding JSX closing tag for <div> @ http://localhost:3000/_next/static/chunks/node_modules_next_dist_f3530cac._.js:3127
[  192964ms] [ERROR] ./app/(root)/catalogue/page.tsx:15:7
Parsing ecmascript source code failed
  13 |         </section>
  14 |
> 15 |     </main>
     |       ^^^^
  16 |   )
  17 | }
  18 |

Expected corresponding JSX closing tag for <div> @ http://localhost:3000/_next/static/chunks/node_modules_next_dist_f3530cac._.js:3127
[  193042ms] [ERROR] ./app/(root)/catalogue/page.tsx:15:7
Parsing ecmascript source code failed
  13 |         </section>
  14 |
> 15 |     </main>
     |       ^^^^
  16 |   )
  17 | }
  18 |

Expected corresponding JSX closing tag for <div> @ http://localhost:3000/_next/static/chunks/node_modules_next_dist_f3530cac._.js:3127
[  193120ms] [ERROR] ./app/(root)/catalogue/page.tsx:15:7
Parsing ecmascript source code failed
  13 |         </section>
  14 |
> 15 |     </main>
     |       ^^^^
  16 |   )
  17 | }
  18 |

Expected corresponding JSX closing tag for <div> @ http://localhost:3000/_next/static/chunks/node_modules_next_dist_f3530cac._.js:3127
[  193199ms] [ERROR] ./app/(root)/catalogue/page.tsx:15:7
Parsing ecmascript source code failed
  13 |         </section>
  14 |
> 15 |     </main>
     |       ^^^^
  16 |   )
  17 | }
  18 |

Expected corresponding JSX closing tag for <div> @ http://localhost:3000/_next/static/chunks/node_modules_next_dist_f3530cac._.js:3127
[  193288ms] [ERROR] ./app/(root)/catalogue/page.tsx:15:7
Parsing ecmascript source code failed
  13 |         </section>
  14 |
> 15 |     </main>
     |       ^^^^
  16 |   )
  17 | }
  18 |

Expected corresponding JSX closing tag for <div> @ http://localhost:3000/_next/static/chunks/node_modules_next_dist_f3530cac._.js:3127
[  193372ms] [ERROR] ./app/(root)/catalogue/page.tsx:15:7
Parsing ecmascript source code failed
  13 |         </section>
  14 |
> 15 |     </main>
     |       ^^^^
  16 |   )
  17 | }
  18 |

Expected corresponding JSX closing tag for <div> @ http://localhost:3000/_next/static/chunks/node_modules_next_dist_f3530cac._.js:3127
[  193448ms] [ERROR] ./app/(root)/catalogue/page.tsx:15:7
Parsing ecmascript source code failed
  13 |         </section>
  14 |
> 15 |     </main>
     |       ^^^^
  16 |   )
  17 | }
  18 |

Expected corresponding JSX closing tag for <div> @ http://localhost:3000/_next/static/chunks/node_modules_next_dist_f3530cac._.js:3127
[  193526ms] [ERROR] ./app/(root)/catalogue/page.tsx:15:7
Parsing ecmascript source code failed
  13 |         </section>
  14 |
> 15 |     </main>
     |       ^^^^
  16 |   )
  17 | }
  18 |

Expected corresponding JSX closing tag for <div> @ http://localhost:3000/_next/static/chunks/node_modules_next_dist_f3530cac._.js:3127
[  193587ms] [ERROR] ./app/(root)/catalogue/page.tsx:15:7
Parsing ecmascript source code failed
  13 |         </section>
  14 |
> 15 |     </main>
     |       ^^^^
  16 |   )
  17 | }
  18 |

Expected corresponding JSX closing tag for <div> @ http://localhost:3000/_next/static/chunks/node_modules_next_dist_f3530cac._.js:3127
[  193651ms] [ERROR] ./app/(root)/catalogue/page.tsx:15:7
Parsing ecmascript source code failed
  13 |         </section>
  14 |
> 15 |     </main>
     |       ^^^^
  16 |   )
  17 | }
  18 |

Expected corresponding JSX closing tag for <div> @ http://localhost:3000/_next/static/chunks/node_modules_next_dist_f3530cac._.js:3127
[  193727ms] [ERROR] ./app/(root)/catalogue/page.tsx:15:7
Parsing ecmascript source code failed
  13 |         </section>
  14 |
> 15 |     </main>
     |       ^^^^
  16 |   )
  17 | }
  18 |

Expected corresponding JSX closing tag for <div> @ http://localhost:3000/_next/static/chunks/node_modules_next_dist_f3530cac._.js:3127
[  193793ms] [ERROR] ./app/(root)/catalogue/page.tsx:15:7
Parsing ecmascript source code failed
  13 |         </section>
  14 |
> 15 |     </main>
     |       ^^^^
  16 |   )
  17 | }
  18 |

Expected corresponding JSX closing tag for <div> @ http://localhost:3000/_next/static/chunks/node_modules_next_dist_f3530cac._.js:3127
[  193871ms] [ERROR] ./app/(root)/catalogue/page.tsx:15:7
Parsing ecmascript source code failed
  13 |         </section>
  14 |
> 15 |     </main>
     |       ^^^^
  16 |   )
  17 | }
  18 |

Expected corresponding JSX closing tag for <div> @ http://localhost:3000/_next/static/chunks/node_modules_next_dist_f3530cac._.js:3127
[  193951ms] [ERROR] ./app/(root)/catalogue/page.tsx:15:7
Parsing ecmascript source code failed
  13 |         </section>
  14 |
> 15 |     </main>
     |       ^^^^
  16 |   )
  17 | }
  18 |

Expected corresponding JSX closing tag for <div> @ http://localhost:3000/_next/static/chunks/node_modules_next_dist_f3530cac._.js:3127
[  194026ms] [ERROR] ./app/(root)/catalogue/page.tsx:15:7
Parsing ecmascript source code failed
  13 |         </section>
  14 |
> 15 |     </main>
     |       ^^^^
  16 |   )
  17 | }
  18 |

Expected corresponding JSX closing tag for <div> @ http://localhost:3000/_next/static/chunks/node_modules_next_dist_f3530cac._.js:3127
[  194106ms] [ERROR] ./app/(root)/catalogue/page.tsx:15:7
Parsing ecmascript source code failed
  13 |         </section>
  14 |
> 15 |     </main>
     |       ^^^^
  16 |   )
  17 | }
  18 |

Expected corresponding JSX closing tag for <div> @ http://localhost:3000/_next/static/chunks/node_modules_next_dist_f3530cac._.js:3127
[  194183ms] [ERROR] ./app/(root)/catalogue/page.tsx:15:7
Parsing ecmascript source code failed
  13 |         </section>
  14 |
> 15 |     </main>
     |       ^^^^
  16 |   )
  17 | }
  18 |

Expected corresponding JSX closing tag for <div> @ http://localhost:3000/_next/static/chunks/node_modules_next_dist_f3530cac._.js:3127
[  194260ms] [ERROR] ./app/(root)/catalogue/page.tsx:15:7
Parsing ecmascript source code failed
  13 |         </section>
  14 |
> 15 |     </main>
     |       ^^^^
  16 |   )
  17 | }
  18 |

Expected corresponding JSX closing tag for <div> @ http://localhost:3000/_next/static/chunks/node_modules_next_dist_f3530cac._.js:3127
[  194338ms] [ERROR] ./app/(root)/catalogue/page.tsx:15:7
Parsing ecmascript source code failed
  13 |         </section>
  14 |
> 15 |     </main>
     |       ^^^^
  16 |   )
  17 | }
  18 |

Expected corresponding JSX closing tag for <div> @ http://localhost:3000/_next/static/chunks/node_modules_next_dist_f3530cac._.js:3127
[  194417ms] [ERROR] ./app/(root)/catalogue/page.tsx:15:7
Parsing ecmascript source code failed
  13 |         </section>
  14 |
> 15 |     </main>
     |       ^^^^
  16 |   )
  17 | }
  18 |

Expected corresponding JSX closing tag for <div> @ http://localhost:3000/_next/static/chunks/node_modules_next_dist_f3530cac._.js:3127
[  194495ms] [ERROR] ./app/(root)/catalogue/page.tsx:15:7
Parsing ecmascript source code failed
  13 |         </section>
  14 |
> 15 |     </main>
     |       ^^^^
  16 |   )
  17 | }
  18 |

Expected corresponding JSX closing tag for <div> @ http://localhost:3000/_next/static/chunks/node_modules_next_dist_f3530cac._.js:3127
[  194575ms] [ERROR] ./app/(root)/catalogue/page.tsx:15:7
Parsing ecmascript source code failed
  13 |         </section>
  14 |
> 15 |     </main>
     |       ^^^^
  16 |   )
  17 | }
  18 |

Expected corresponding JSX closing tag for <div> @ http://localhost:3000/_next/static/chunks/node_modules_next_dist_f3530cac._.js:3127
[  194652ms] [ERROR] ./app/(root)/catalogue/page.tsx:15:7
Parsing ecmascript source code failed
  13 |         </section>
  14 |
> 15 |     </main>
     |       ^^^^
  16 |   )
  17 | }
  18 |

Expected corresponding JSX closing tag for <div> @ http://localhost:3000/_next/static/chunks/node_modules_next_dist_f3530cac._.js:3127
[  194730ms] [ERROR] ./app/(root)/catalogue/page.tsx:15:7
Parsing ecmascript source code failed
  13 |         </section>
  14 |
> 15 |     </main>
     |       ^^^^
  16 |   )
  17 | }
  18 |

Expected corresponding JSX closing tag for <div> @ http://localhost:3000/_next/static/chunks/node_modules_next_dist_f3530cac._.js:3127
[  194807ms] [ERROR] ./app/(root)/catalogue/page.tsx:15:7
Parsing ecmascript source code failed
  13 |         </section>
  14 |
> 15 |     </main>
     |       ^^^^
  16 |   )
  17 | }
  18 |

Expected corresponding JSX closing tag for <div> @ http://localhost:3000/_next/static/chunks/node_modules_next_dist_f3530cac._.js:3127
[  194885ms] [ERROR] ./app/(root)/catalogue/page.tsx:15:7
Parsing ecmascript source code failed
  13 |         </section>
  14 |
> 15 |     </main>
     |       ^^^^
  16 |   )
  17 | }
  18 |

Expected corresponding JSX closing tag for <div> @ http://localhost:3000/_next/static/chunks/node_modules_next_dist_f3530cac._.js:3127
[  194964ms] [ERROR] ./app/(root)/catalogue/page.tsx:15:7
Parsing ecmascript source code failed
  13 |         </section>
  14 |
> 15 |     </main>
     |       ^^^^
  16 |   )
  17 | }
  18 |

Expected corresponding JSX closing tag for <div> @ http://localhost:3000/_next/static/chunks/node_modules_next_dist_f3530cac._.js:3127
[  195038ms] [ERROR] ./app/(root)/catalogue/page.tsx:15:7
Parsing ecmascript source code failed
  13 |         </section>
  14 |
> 15 |     </main>
     |       ^^^^
  16 |   )
  17 | }
  18 |

Expected corresponding JSX closing tag for <div> @ http://localhost:3000/_next/static/chunks/node_modules_next_dist_f3530cac._.js:3127
[  195118ms] [ERROR] ./app/(root)/catalogue/page.tsx:15:7
Parsing ecmascript source code failed
  13 |         </section>
  14 |
> 15 |     </main>
     |       ^^^^
  16 |   )
  17 | }
  18 |

Expected corresponding JSX closing tag for <div> @ http://localhost:3000/_next/static/chunks/node_modules_next_dist_f3530cac._.js:3127
[  195191ms] [ERROR] ./app/(root)/catalogue/page.tsx:15:7
Parsing ecmascript source code failed
  13 |         </section>
  14 |
> 15 |     </main>
     |       ^^^^
  16 |   )
  17 | }
  18 |

Expected corresponding JSX closing tag for <div> @ http://localhost:3000/_next/static/chunks/node_modules_next_dist_f3530cac._.js:3127
[  195270ms] [ERROR] ./app/(root)/catalogue/page.tsx:15:7
Parsing ecmascript source code failed
  13 |         </section>
  14 |
> 15 |     </main>
     |       ^^^^
  16 |   )
  17 | }
  18 |

Expected corresponding JSX closing tag for <div> @ http://localhost:3000/_next/static/chunks/node_modules_next_dist_f3530cac._.js:3127
[  195347ms] [ERROR] ./app/(root)/catalogue/page.tsx:15:7
Parsing ecmascript source code failed
  13 |         </section>
  14 |
> 15 |     </main>
     |       ^^^^
  16 |   )
  17 | }
  18 |

Expected corresponding JSX closing tag for <div> @ http://localhost:3000/_next/static/chunks/node_modules_next_dist_f3530cac._.js:3127
[  195426ms] [ERROR] ./app/(root)/catalogue/page.tsx:15:7
Parsing ecmascript source code failed
  13 |         </section>
  14 |
> 15 |     </main>
     |       ^^^^
  16 |   )
  17 | }
  18 |

Expected corresponding JSX closing tag for <div> @ http://localhost:3000/_next/static/chunks/node_modules_next_dist_f3530cac._.js:3127
[  195502ms] [ERROR] ./app/(root)/catalogue/page.tsx:15:7
Parsing ecmascript source code failed
  13 |         </section>
  14 |
> 15 |     </main>
     |       ^^^^
  16 |   )
  17 | }
  18 |

Expected corresponding JSX closing tag for <div> @ http://localhost:3000/_next/static/chunks/node_modules_next_dist_f3530cac._.js:3127
[  195580ms] [ERROR] ./app/(root)/catalogue/page.tsx:15:7
Parsing ecmascript source code failed
  13 |         </section>
  14 |
> 15 |     </main>
     |       ^^^^
  16 |   )
  17 | }
  18 |

Expected corresponding JSX closing tag for <div> @ http://localhost:3000/_next/static/chunks/node_modules_next_dist_f3530cac._.js:3127
[  195661ms] [ERROR] ./app/(root)/catalogue/page.tsx:15:7
Parsing ecmascript source code failed
  13 |         </section>
  14 |
> 15 |     </main>
     |       ^^^^
  16 |   )
  17 | }
  18 |

Expected corresponding JSX closing tag for <div> @ http://localhost:3000/_next/static/chunks/node_modules_next_dist_f3530cac._.js:3127
[  195750ms] [ERROR] ./app/(root)/catalogue/page.tsx:15:7
Parsing ecmascript source code failed
  13 |         </section>
  14 |
> 15 |     </main>
     |       ^^^^
  16 |   )
  17 | }
  18 |

Expected corresponding JSX closing tag for <div> @ http://localhost:3000/_next/static/chunks/node_modules_next_dist_f3530cac._.js:3127
[  195827ms] [ERROR] ./app/(root)/catalogue/page.tsx:15:7
Parsing ecmascript source code failed
  13 |         </section>
  14 |
> 15 |     </main>
     |       ^^^^
  16 |   )
  17 | }
  18 |

Expected corresponding JSX closing tag for <div> @ http://localhost:3000/_next/static/chunks/node_modules_next_dist_f3530cac._.js:3127
[  195907ms] [ERROR] ./app/(root)/catalogue/page.tsx:15:7
Parsing ecmascript source code failed
  13 |         </section>
  14 |
> 15 |     </main>
     |       ^^^^
  16 |   )
  17 | }
  18 |

Expected corresponding JSX closing tag for <div> @ http://localhost:3000/_next/static/chunks/node_modules_next_dist_f3530cac._.js:3127
[  195985ms] [ERROR] ./app/(root)/catalogue/page.tsx:15:7
Parsing ecmascript source code failed
  13 |         </section>
  14 |
> 15 |     </main>
     |       ^^^^
  16 |   )
  17 | }
  18 |

Expected corresponding JSX closing tag for <div> @ http://localhost:3000/_next/static/chunks/node_modules_next_dist_f3530cac._.js:3127
[  196064ms] [ERROR] ./app/(root)/catalogue/page.tsx:15:7
Parsing ecmascript source code failed
  13 |         </section>
  14 |
> 15 |     </main>
     |       ^^^^
  16 |   )
  17 | }
  18 |

Expected corresponding JSX closing tag for <div> @ http://localhost:3000/_next/static/chunks/node_modules_next_dist_f3530cac._.js:3127
[  196140ms] [ERROR] ./app/(root)/catalogue/page.tsx:15:7
Parsing ecmascript source code failed
  13 |         </section>
  14 |
> 15 |     </main>
     |       ^^^^
  16 |   )
  17 | }
  18 |

Expected corresponding JSX closing tag for <div> @ http://localhost:3000/_next/static/chunks/node_modules_next_dist_f3530cac._.js:3127
[  196205ms] [ERROR] ./app/(root)/catalogue/page.tsx:15:7
Parsing ecmascript source code failed
  13 |         </section>
  14 |
> 15 |     </main>
     |       ^^^^
  16 |   )
  17 | }
  18 |

Expected corresponding JSX closing tag for <div> @ http://localhost:3000/_next/static/chunks/node_modules_next_dist_f3530cac._.js:3127
[  196282ms] [ERROR] ./app/(root)/catalogue/page.tsx:15:7
Parsing ecmascript source code failed
  13 |         </section>
  14 |
> 15 |     </main>
     |       ^^^^
  16 |   )
  17 | }
  18 |

Expected corresponding JSX closing tag for <div> @ http://localhost:3000/_next/static/chunks/node_modules_next_dist_f3530cac._.js:3127
[  196362ms] [ERROR] ./app/(root)/catalogue/page.tsx:15:7
Parsing ecmascript source code failed
  13 |         </section>
  14 |
> 15 |     </main>
     |       ^^^^
  16 |   )
  17 | }
  18 |

Expected corresponding JSX closing tag for <div> @ http://localhost:3000/_next/static/chunks/node_modules_next_dist_f3530cac._.js:3127
[  196453ms] [ERROR] ./app/(root)/catalogue/page.tsx:15:7
Parsing ecmascript source code failed
  13 |         </section>
  14 |
> 15 |     </main>
     |       ^^^^
  16 |   )
  17 | }
  18 |

Expected corresponding JSX closing tag for <div> @ http://localhost:3000/_next/static/chunks/node_modules_next_dist_f3530cac._.js:3127
[  196530ms] [ERROR] ./app/(root)/catalogue/page.tsx:15:7
Parsing ecmascript source code failed
  13 |         </section>
  14 |
> 15 |     </main>
     |       ^^^^
  16 |   )
  17 | }
  18 |

Expected corresponding JSX closing tag for <div> @ http://localhost:3000/_next/static/chunks/node_modules_next_dist_f3530cac._.js:3127
[  196606ms] [ERROR] ./app/(root)/catalogue/page.tsx:15:7
Parsing ecmascript source code failed
  13 |         </section>
  14 |
> 15 |     </main>
     |       ^^^^
  16 |   )
  17 | }
  18 |

Expected corresponding JSX closing tag for <div> @ http://localhost:3000/_next/static/chunks/node_modules_next_dist_f3530cac._.js:3127
[  196669ms] [ERROR] ./app/(root)/catalogue/page.tsx:15:7
Parsing ecmascript source code failed
  13 |         </section>
  14 |
> 15 |     </main>
     |       ^^^^
  16 |   )
  17 | }
  18 |

Expected corresponding JSX closing tag for <div> @ http://localhost:3000/_next/static/chunks/node_modules_next_dist_f3530cac._.js:3127
[  196731ms] [ERROR] ./app/(root)/catalogue/page.tsx:15:7
Parsing ecmascript source code failed
  13 |         </section>
  14 |
> 15 |     </main>
     |       ^^^^
  16 |   )
  17 | }
  18 |

Expected corresponding JSX closing tag for <div> @ http://localhost:3000/_next/static/chunks/node_modules_next_dist_f3530cac._.js:3127
[  196808ms] [ERROR] ./app/(root)/catalogue/page.tsx:15:7
Parsing ecmascript source code failed
  13 |         </section>
  14 |
> 15 |     </main>
     |       ^^^^
  16 |   )
  17 | }
  18 |

Expected corresponding JSX closing tag for <div> @ http://localhost:3000/_next/static/chunks/node_modules_next_dist_f3530cac._.js:3127
[  196872ms] [ERROR] ./app/(root)/catalogue/page.tsx:15:7
Parsing ecmascript source code failed
  13 |         </section>
  14 |
> 15 |     </main>
     |       ^^^^
  16 |   )
  17 | }
  18 |

Expected corresponding JSX closing tag for <div> @ http://localhost:3000/_next/static/chunks/node_modules_next_dist_f3530cac._.js:3127
[  196950ms] [ERROR] ./app/(root)/catalogue/page.tsx:15:7
Parsing ecmascript source code failed
  13 |         </section>
  14 |
> 15 |     </main>
     |       ^^^^
  16 |   )
  17 | }
  18 |

Expected corresponding JSX closing tag for <div> @ http://localhost:3000/_next/static/chunks/node_modules_next_dist_f3530cac._.js:3127
[  197027ms] [ERROR] ./app/(root)/catalogue/page.tsx:15:7
Parsing ecmascript source code failed
  13 |         </section>
  14 |
> 15 |     </main>
     |       ^^^^
  16 |   )
  17 | }
  18 |

Expected corresponding JSX closing tag for <div> @ http://localhost:3000/_next/static/chunks/node_modules_next_dist_f3530cac._.js:3127
[  197106ms] [ERROR] ./app/(root)/catalogue/page.tsx:15:7
Parsing ecmascript source code failed
  13 |         </section>
  14 |
> 15 |     </main>
     |       ^^^^
  16 |   )
  17 | }
  18 |

Expected corresponding JSX closing tag for <div> @ http://localhost:3000/_next/static/chunks/node_modules_next_dist_f3530cac._.js:3127
[  197179ms] [ERROR] ./app/(root)/catalogue/page.tsx:15:7
Parsing ecmascript source code failed
  13 |         </section>
  14 |
> 15 |     </main>
     |       ^^^^
  16 |   )
  17 | }
  18 |

Expected corresponding JSX closing tag for <div> @ http://localhost:3000/_next/static/chunks/node_modules_next_dist_f3530cac._.js:3127
[  197243ms] [ERROR] ./app/(root)/catalogue/page.tsx:15:7
Parsing ecmascript source code failed
  13 |         </section>
  14 |
> 15 |     </main>
     |       ^^^^
  16 |   )
  17 | }
  18 |

Expected corresponding JSX closing tag for <div> @ http://localhost:3000/_next/static/chunks/node_modules_next_dist_f3530cac._.js:3127
[  197322ms] [ERROR] ./app/(root)/catalogue/page.tsx:15:7
Parsing ecmascript source code failed
  13 |         </section>
  14 |
> 15 |     </main>
     |       ^^^^
  16 |   )
  17 | }
  18 |

Expected corresponding JSX closing tag for <div> @ http://localhost:3000/_next/static/chunks/node_modules_next_dist_f3530cac._.js:3127
[  197398ms] [ERROR] ./app/(root)/catalogue/page.tsx:15:7
Parsing ecmascript source code failed
  13 |         </section>
  14 |
> 15 |     </main>
     |       ^^^^
  16 |   )
  17 | }
  18 |

Expected corresponding JSX closing tag for <div> @ http://localhost:3000/_next/static/chunks/node_modules_next_dist_f3530cac._.js:3127
[  197476ms] [ERROR] ./app/(root)/catalogue/page.tsx:15:7
Parsing ecmascript source code failed
  13 |         </section>
  14 |
> 15 |     </main>
     |       ^^^^
  16 |   )
  17 | }
  18 |

Expected corresponding JSX closing tag for <div> @ http://localhost:3000/_next/static/chunks/node_modules_next_dist_f3530cac._.js:3127
[  197552ms] [ERROR] ./app/(root)/catalogue/page.tsx:15:7
Parsing ecmascript source code failed
  13 |         </section>
  14 |
> 15 |     </main>
     |       ^^^^
  16 |   )
  17 | }
  18 |

Expected corresponding JSX closing tag for <div> @ http://localhost:3000/_next/static/chunks/node_modules_next_dist_f3530cac._.js:3127
[  197615ms] [ERROR] ./app/(root)/catalogue/page.tsx:15:7
Parsing ecmascript source code failed
  13 |         </section>
  14 |
> 15 |     </main>
     |       ^^^^
  16 |   )
  17 | }
  18 |

Expected corresponding JSX closing tag for <div> @ http://localhost:3000/_next/static/chunks/node_modules_next_dist_f3530cac._.js:3127
[  197695ms] [ERROR] ./app/(root)/catalogue/page.tsx:15:7
Parsing ecmascript source code failed
  13 |         </section>
  14 |
> 15 |     </main>
     |       ^^^^
  16 |   )
  17 | }
  18 |

Expected corresponding JSX closing tag for <div> @ http://localhost:3000/_next/static/chunks/node_modules_next_dist_f3530cac._.js:3127
[  197772ms] [ERROR] ./app/(root)/catalogue/page.tsx:15:7
Parsing ecmascript source code failed
  13 |         </section>
  14 |
> 15 |     </main>
     |       ^^^^
  16 |   )
  17 | }
  18 |

Expected corresponding JSX closing tag for <div> @ http://localhost:3000/_next/static/chunks/node_modules_next_dist_f3530cac._.js:3127
[  197853ms] [ERROR] ./app/(root)/catalogue/page.tsx:15:7
Parsing ecmascript source code failed
  13 |         </section>
  14 |
> 15 |     </main>
     |       ^^^^
  16 |   )
  17 | }
  18 |

Expected corresponding JSX closing tag for <div> @ http://localhost:3000/_next/static/chunks/node_modules_next_dist_f3530cac._.js:3127
[  197928ms] [ERROR] ./app/(root)/catalogue/page.tsx:15:7
Parsing ecmascript source code failed
  13 |         </section>
  14 |
> 15 |     </main>
     |       ^^^^
  16 |   )
  17 | }
  18 |

Expected corresponding JSX closing tag for <div> @ http://localhost:3000/_next/static/chunks/node_modules_next_dist_f3530cac._.js:3127
[  198006ms] [ERROR] ./app/(root)/catalogue/page.tsx:15:7
Parsing ecmascript source code failed
  13 |         </section>
  14 |
> 15 |     </main>
     |       ^^^^
  16 |   )
  17 | }
  18 |

Expected corresponding JSX closing tag for <div> @ http://localhost:3000/_next/static/chunks/node_modules_next_dist_f3530cac._.js:3127
[  198083ms] [ERROR] ./app/(root)/catalogue/page.tsx:15:7
Parsing ecmascript source code failed
  13 |         </section>
  14 |
> 15 |     </main>
     |       ^^^^
  16 |   )
  17 | }
  18 |

Expected corresponding JSX closing tag for <div> @ http://localhost:3000/_next/static/chunks/node_modules_next_dist_f3530cac._.js:3127
[  198163ms] [ERROR] ./app/(root)/catalogue/page.tsx:15:7
Parsing ecmascript source code failed
  13 |         </section>
  14 |
> 15 |     </main>
     |       ^^^^
  16 |   )
  17 | }
  18 |

Expected corresponding JSX closing tag for <div> @ http://localhost:3000/_next/static/chunks/node_modules_next_dist_f3530cac._.js:3127
[  198240ms] [ERROR] ./app/(root)/catalogue/page.tsx:15:7
Parsing ecmascript source code failed
  13 |         </section>
  14 |
> 15 |     </main>
     |       ^^^^
  16 |   )
  17 | }
  18 |

Expected corresponding JSX closing tag for <div> @ http://localhost:3000/_next/static/chunks/node_modules_next_dist_f3530cac._.js:3127
[  198319ms] [ERROR] ./app/(root)/catalogue/page.tsx:15:7
Parsing ecmascript source code failed
  13 |         </section>
  14 |
> 15 |     </main>
     |       ^^^^
  16 |   )
  17 | }
  18 |

Expected corresponding JSX closing tag for <div> @ http://localhost:3000/_next/static/chunks/node_modules_next_dist_f3530cac._.js:3127
[  198414ms] [ERROR] ./app/(root)/catalogue/page.tsx:15:7
Parsing ecmascript source code failed
  13 |         </section>
  14 |
> 15 |     </main>
     |       ^^^^
  16 |   )
  17 | }
  18 |

Expected corresponding JSX closing tag for <div> @ http://localhost:3000/_next/static/chunks/node_modules_next_dist_f3530cac._.js:3127
[  198488ms] [ERROR] ./app/(root)/catalogue/page.tsx:15:7
Parsing ecmascript source code failed
  13 |         </section>
  14 |
> 15 |     </main>
     |       ^^^^
  16 |   )
  17 | }
  18 |

Expected corresponding JSX closing tag for <div> @ http://localhost:3000/_next/static/chunks/node_modules_next_dist_f3530cac._.js:3127
[  198563ms] [ERROR] ./app/(root)/catalogue/page.tsx:15:7
Parsing ecmascript source code failed
  13 |         </section>
  14 |
> 15 |     </main>
     |       ^^^^
  16 |   )
  17 | }
  18 |

Expected corresponding JSX closing tag for <div> @ http://localhost:3000/_next/static/chunks/node_modules_next_dist_f3530cac._.js:3127
[  198640ms] [ERROR] ./app/(root)/catalogue/page.tsx:15:7
Parsing ecmascript source code failed
  13 |         </section>
  14 |
> 15 |     </main>
     |       ^^^^
  16 |   )
  17 | }
  18 |

Expected corresponding JSX closing tag for <div> @ http://localhost:3000/_next/static/chunks/node_modules_next_dist_f3530cac._.js:3127
[  198719ms] [ERROR] ./app/(root)/catalogue/page.tsx:15:7
Parsing ecmascript source code failed
  13 |         </section>
  14 |
> 15 |     </main>
     |       ^^^^
  16 |   )
  17 | }
  18 |

Expected corresponding JSX closing tag for <div> @ http://localhost:3000/_next/static/chunks/node_modules_next_dist_f3530cac._.js:3127
[  198798ms] [ERROR] ./app/(root)/catalogue/page.tsx:15:7
Parsing ecmascript source code failed
  13 |         </section>
  14 |
> 15 |     </main>
     |       ^^^^
  16 |   )
  17 | }
  18 |

Expected corresponding JSX closing tag for <div> @ http://localhost:3000/_next/static/chunks/node_modules_next_dist_f3530cac._.js:3127
[  198875ms] [ERROR] ./app/(root)/catalogue/page.tsx:15:7
Parsing ecmascript source code failed
  13 |         </section>
  14 |
> 15 |     </main>
     |       ^^^^
  16 |   )
  17 | }
  18 |

Expected corresponding JSX closing tag for <div> @ http://localhost:3000/_next/static/chunks/node_modules_next_dist_f3530cac._.js:3127
[  198953ms] [ERROR] ./app/(root)/catalogue/page.tsx:15:7
Parsing ecmascript source code failed
  13 |         </section>
  14 |
> 15 |     </main>
     |       ^^^^
  16 |   )
  17 | }
  18 |

Expected corresponding JSX closing tag for <div> @ http://localhost:3000/_next/static/chunks/node_modules_next_dist_f3530cac._.js:3127
[  199033ms] [ERROR] ./app/(root)/catalogue/page.tsx:15:7
Parsing ecmascript source code failed
  13 |         </section>
  14 |
> 15 |     </main>
     |       ^^^^
  16 |   )
  17 | }
  18 |

Expected corresponding JSX closing tag for <div> @ http://localhost:3000/_next/static/chunks/node_modules_next_dist_f3530cac._.js:3127
[  199111ms] [ERROR] ./app/(root)/catalogue/page.tsx:15:7
Parsing ecmascript source code failed
  13 |         </section>
  14 |
> 15 |     </main>
     |       ^^^^
  16 |   )
  17 | }
  18 |

Expected corresponding JSX closing tag for <div> @ http://localhost:3000/_next/static/chunks/node_modules_next_dist_f3530cac._.js:3127
[  199189ms] [ERROR] ./app/(root)/catalogue/page.tsx:15:7
Parsing ecmascript source code failed
  13 |         </section>
  14 |
> 15 |     </main>
     |       ^^^^
  16 |   )
  17 | }
  18 |

Expected corresponding JSX closing tag for <div> @ http://localhost:3000/_next/static/chunks/node_modules_next_dist_f3530cac._.js:3127
[  199281ms] [ERROR] ./app/(root)/catalogue/page.tsx:15:7
Parsing ecmascript source code failed
  13 |         </section>
  14 |
> 15 |     </main>
     |       ^^^^
  16 |   )
  17 | }
  18 |

Expected corresponding JSX closing tag for <div> @ http://localhost:3000/_next/static/chunks/node_modules_next_dist_f3530cac._.js:3127
[  199357ms] [ERROR] ./app/(root)/catalogue/page.tsx:15:7
Parsing ecmascript source code failed
  13 |         </section>
  14 |
> 15 |     </main>
     |       ^^^^
  16 |   )
  17 | }
  18 |

Expected corresponding JSX closing tag for <div> @ http://localhost:3000/_next/static/chunks/node_modules_next_dist_f3530cac._.js:3127
[  199436ms] [ERROR] ./app/(root)/catalogue/page.tsx:15:7
Parsing ecmascript source code failed
  13 |         </section>
  14 |
> 15 |     </main>
     |       ^^^^
  16 |   )
  17 | }
  18 |

Expected corresponding JSX closing tag for <div> @ http://localhost:3000/_next/static/chunks/node_modules_next_dist_f3530cac._.js:3127
[  199513ms] [ERROR] ./app/(root)/catalogue/page.tsx:15:7
Parsing ecmascript source code failed
  13 |         </section>
  14 |
> 15 |     </main>
     |       ^^^^
  16 |   )
  17 | }
  18 |

Expected corresponding JSX closing tag for <div> @ http://localhost:3000/_next/static/chunks/node_modules_next_dist_f3530cac._.js:3127
[  199591ms] [ERROR] ./app/(root)/catalogue/page.tsx:15:7
Parsing ecmascript source code failed
  13 |         </section>
  14 |
> 15 |     </main>
     |       ^^^^
  16 |   )
  17 | }
  18 |

Expected corresponding JSX closing tag for <div> @ http://localhost:3000/_next/static/chunks/node_modules_next_dist_f3530cac._.js:3127
[  199671ms] [ERROR] ./app/(root)/catalogue/page.tsx:15:7
Parsing ecmascript source code failed
  13 |         </section>
  14 |
> 15 |     </main>
     |       ^^^^
  16 |   )
  17 | }
  18 |

Expected corresponding JSX closing tag for <div> @ http://localhost:3000/_next/static/chunks/node_modules_next_dist_f3530cac._.js:3127
[  199748ms] [ERROR] ./app/(root)/catalogue/page.tsx:15:7
Parsing ecmascript source code failed
  13 |         </section>
  14 |
> 15 |     </main>
     |       ^^^^
  16 |   )
  17 | }
  18 |

Expected corresponding JSX closing tag for <div> @ http://localhost:3000/_next/static/chunks/node_modules_next_dist_f3530cac._.js:3127
[  199825ms] [ERROR] ./app/(root)/catalogue/page.tsx:15:7
Parsing ecmascript source code failed
  13 |         </section>
  14 |
> 15 |     </main>
     |       ^^^^
  16 |   )
  17 | }
  18 |

Expected corresponding JSX closing tag for <div> @ http://localhost:3000/_next/static/chunks/node_modules_next_dist_f3530cac._.js:3127
[  199904ms] [ERROR] ./app/(root)/catalogue/page.tsx:15:7
Parsing ecmascript source code failed
  13 |         </section>
  14 |
> 15 |     </main>
     |       ^^^^
  16 |   )
  17 | }
  18 |

Expected corresponding JSX closing tag for <div> @ http://localhost:3000/_next/static/chunks/node_modules_next_dist_f3530cac._.js:3127
[  199982ms] [ERROR] ./app/(root)/catalogue/page.tsx:15:7
Parsing ecmascript source code failed
  13 |         </section>
  14 |
> 15 |     </main>
     |       ^^^^
  16 |   )
  17 | }
  18 |

Expected corresponding JSX closing tag for <div> @ http://localhost:3000/_next/static/chunks/node_modules_next_dist_f3530cac._.js:3127
[  200046ms] [ERROR] ./app/(root)/catalogue/page.tsx:15:7
Parsing ecmascript source code failed
  13 |         </section>
  14 |
> 15 |     </main>
     |       ^^^^
  16 |   )
  17 | }
  18 |

Expected corresponding JSX closing tag for <div> @ http://localhost:3000/_next/static/chunks/node_modules_next_dist_f3530cac._.js:3127
[  200141ms] [ERROR] ./app/(root)/catalogue/page.tsx:15:7
Parsing ecmascript source code failed
  13 |         </section>
  14 |
> 15 |     </main>
     |       ^^^^
  16 |   )
  17 | }
  18 |

Expected corresponding JSX closing tag for <div> @ http://localhost:3000/_next/static/chunks/node_modules_next_dist_f3530cac._.js:3127
[  200219ms] [ERROR] ./app/(root)/catalogue/page.tsx:15:7
Parsing ecmascript source code failed
  13 |         </section>
  14 |
> 15 |     </main>
     |       ^^^^
  16 |   )
  17 | }
  18 |

Expected corresponding JSX closing tag for <div> @ http://localhost:3000/_next/static/chunks/node_modules_next_dist_f3530cac._.js:3127
[  200298ms] [ERROR] ./app/(root)/catalogue/page.tsx:15:7
Parsing ecmascript source code failed
  13 |         </section>
  14 |
> 15 |     </main>
     |       ^^^^
  16 |   )
  17 | }
  18 |

Expected corresponding JSX closing tag for <div> @ http://localhost:3000/_next/static/chunks/node_modules_next_dist_f3530cac._.js:3127
[  200376ms] [ERROR] ./app/(root)/catalogue/page.tsx:15:7
Parsing ecmascript source code failed
  13 |         </section>
  14 |
> 15 |     </main>
     |       ^^^^
  16 |   )
  17 | }
  18 |

Expected corresponding JSX closing tag for <div> @ http://localhost:3000/_next/static/chunks/node_modules_next_dist_f3530cac._.js:3127
[  200457ms] [ERROR] ./app/(root)/catalogue/page.tsx:15:7
Parsing ecmascript source code failed
  13 |         </section>
  14 |
> 15 |     </main>
     |       ^^^^
  16 |   )
  17 | }
  18 |

Expected corresponding JSX closing tag for <div> @ http://localhost:3000/_next/static/chunks/node_modules_next_dist_f3530cac._.js:3127
[  200533ms] [ERROR] ./app/(root)/catalogue/page.tsx:15:7
Parsing ecmascript source code failed
  13 |         </section>
  14 |
> 15 |     </main>
     |       ^^^^
  16 |   )
  17 | }
  18 |

Expected corresponding JSX closing tag for <div> @ http://localhost:3000/_next/static/chunks/node_modules_next_dist_f3530cac._.js:3127
[  200612ms] [ERROR] ./app/(root)/catalogue/page.tsx:15:7
Parsing ecmascript source code failed
  13 |         </section>
  14 |
> 15 |     </main>
     |       ^^^^
  16 |   )
  17 | }
  18 |

Expected corresponding JSX closing tag for <div> @ http://localhost:3000/_next/static/chunks/node_modules_next_dist_f3530cac._.js:3127
[  200688ms] [ERROR] ./app/(root)/catalogue/page.tsx:15:7
Parsing ecmascript source code failed
  13 |         </section>
  14 |
> 15 |     </main>
     |       ^^^^
  16 |   )
  17 | }
  18 |

Expected corresponding JSX closing tag for <div> @ http://localhost:3000/_next/static/chunks/node_modules_next_dist_f3530cac._.js:3127
[  200766ms] [ERROR] ./app/(root)/catalogue/page.tsx:15:7
Parsing ecmascript source code failed
  13 |         </section>
  14 |
> 15 |     </main>
     |       ^^^^
  16 |   )
  17 | }
  18 |

Expected corresponding JSX closing tag for <div> @ http://localhost:3000/_next/static/chunks/node_modules_next_dist_f3530cac._.js:3127
[  200845ms] [ERROR] ./app/(root)/catalogue/page.tsx:15:7
Parsing ecmascript source code failed
  13 |         </section>
  14 |
> 15 |     </main>
     |       ^^^^
  16 |   )
  17 | }
  18 |

Expected corresponding JSX closing tag for <div> @ http://localhost:3000/_next/static/chunks/node_modules_next_dist_f3530cac._.js:3127
[  200922ms] [ERROR] ./app/(root)/catalogue/page.tsx:15:7
Parsing ecmascript source code failed
  13 |         </section>
  14 |
> 15 |     </main>
     |       ^^^^
  16 |   )
  17 | }
  18 |

Expected corresponding JSX closing tag for <div> @ http://localhost:3000/_next/static/chunks/node_modules_next_dist_f3530cac._.js:3127
[  201014ms] [ERROR] ./app/(root)/catalogue/page.tsx:15:7
Parsing ecmascript source code failed
  13 |         </section>
  14 |
> 15 |     </main>
     |       ^^^^
  16 |   )
  17 | }
  18 |

Expected corresponding JSX closing tag for <div> @ http://localhost:3000/_next/static/chunks/node_modules_next_dist_f3530cac._.js:3127
[  201093ms] [ERROR] ./app/(root)/catalogue/page.tsx:15:7
Parsing ecmascript source code failed
  13 |         </section>
  14 |
> 15 |     </main>
     |       ^^^^
  16 |   )
  17 | }
  18 |

Expected corresponding JSX closing tag for <div> @ http://localhost:3000/_next/static/chunks/node_modules_next_dist_f3530cac._.js:3127
[  201169ms] [ERROR] ./app/(root)/catalogue/page.tsx:15:7
Parsing ecmascript source code failed
  13 |         </section>
  14 |
> 15 |     </main>
     |       ^^^^
  16 |   )
  17 | }
  18 |

Expected corresponding JSX closing tag for <div> @ http://localhost:3000/_next/static/chunks/node_modules_next_dist_f3530cac._.js:3127
[  201248ms] [ERROR] ./app/(root)/catalogue/page.tsx:15:7
Parsing ecmascript source code failed
  13 |         </section>
  14 |
> 15 |     </main>
     |       ^^^^
  16 |   )
  17 | }
  18 |

Expected corresponding JSX closing tag for <div> @ http://localhost:3000/_next/static/chunks/node_modules_next_dist_f3530cac._.js:3127
[  201327ms] [ERROR] ./app/(root)/catalogue/page.tsx:15:7
Parsing ecmascript source code failed
  13 |         </section>
  14 |
> 15 |     </main>
     |       ^^^^
  16 |   )
  17 | }
  18 |

Expected corresponding JSX closing tag for <div> @ http://localhost:3000/_next/static/chunks/node_modules_next_dist_f3530cac._.js:3127
[  201407ms] [ERROR] ./app/(root)/catalogue/page.tsx:15:7
Parsing ecmascript source code failed
  13 |         </section>
  14 |
> 15 |     </main>
     |       ^^^^
  16 |   )
  17 | }
  18 |

Expected corresponding JSX closing tag for <div> @ http://localhost:3000/_next/static/chunks/node_modules_next_dist_f3530cac._.js:3127
[  201484ms] [ERROR] ./app/(root)/catalogue/page.tsx:15:7
Parsing ecmascript source code failed
  13 |         </section>
  14 |
> 15 |     </main>
     |       ^^^^
  16 |   )
  17 | }
  18 |

Expected corresponding JSX closing tag for <div> @ http://localhost:3000/_next/static/chunks/node_modules_next_dist_f3530cac._.js:3127
[  201561ms] [ERROR] ./app/(root)/catalogue/page.tsx:15:7
Parsing ecmascript source code failed
  13 |         </section>
  14 |
> 15 |     </main>
     |       ^^^^
  16 |   )
  17 | }
  18 |

Expected corresponding JSX closing tag for <div> @ http://localhost:3000/_next/static/chunks/node_modules_next_dist_f3530cac._.js:3127
[  201638ms] [ERROR] ./app/(root)/catalogue/page.tsx:15:7
Parsing ecmascript source code failed
  13 |         </section>
  14 |
> 15 |     </main>
     |       ^^^^
  16 |   )
  17 | }
  18 |

Expected corresponding JSX closing tag for <div> @ http://localhost:3000/_next/static/chunks/node_modules_next_dist_f3530cac._.js:3127
[  201716ms] [ERROR] ./app/(root)/catalogue/page.tsx:15:7
Parsing ecmascript source code failed
  13 |         </section>
  14 |
> 15 |     </main>
     |       ^^^^
  16 |   )
  17 | }
  18 |

Expected corresponding JSX closing tag for <div> @ http://localhost:3000/_next/static/chunks/node_modules_next_dist_f3530cac._.js:3127
[  201792ms] [ERROR] ./app/(root)/catalogue/page.tsx:15:7
Parsing ecmascript source code failed
  13 |         </section>
  14 |
> 15 |     </main>
     |       ^^^^
  16 |   )
  17 | }
  18 |

Expected corresponding JSX closing tag for <div> @ http://localhost:3000/_next/static/chunks/node_modules_next_dist_f3530cac._.js:3127
[  201871ms] [ERROR] ./app/(root)/catalogue/page.tsx:15:7
Parsing ecmascript source code failed
  13 |         </section>
  14 |
> 15 |     </main>
     |       ^^^^
  16 |   )
  17 | }
  18 |

Expected corresponding JSX closing tag for <div> @ http://localhost:3000/_next/static/chunks/node_modules_next_dist_f3530cac._.js:3127
[  201949ms] [ERROR] ./app/(root)/catalogue/page.tsx:15:7
Parsing ecmascript source code failed
  13 |         </section>
  14 |
> 15 |     </main>
     |       ^^^^
  16 |   )
  17 | }
  18 |

Expected corresponding JSX closing tag for <div> @ http://localhost:3000/_next/static/chunks/node_modules_next_dist_f3530cac._.js:3127
[  202024ms] [ERROR] ./app/(root)/catalogue/page.tsx:15:7
Parsing ecmascript source code failed
  13 |         </section>
  14 |
> 15 |     </main>
     |       ^^^^
  16 |   )
  17 | }
  18 |

Expected corresponding JSX closing tag for <div> @ http://localhost:3000/_next/static/chunks/node_modules_next_dist_f3530cac._.js:3127
[  202102ms] [ERROR] ./app/(root)/catalogue/page.tsx:15:7
Parsing ecmascript source code failed
  13 |         </section>
  14 |
> 15 |     </main>
     |       ^^^^
  16 |   )
  17 | }
  18 |

Expected corresponding JSX closing tag for <div> @ http://localhost:3000/_next/static/chunks/node_modules_next_dist_f3530cac._.js:3127
[  202178ms] [ERROR] ./app/(root)/catalogue/page.tsx:15:7
Parsing ecmascript source code failed
  13 |         </section>
  14 |
> 15 |     </main>
     |       ^^^^
  16 |   )
  17 | }
  18 |

Expected corresponding JSX closing tag for <div> @ http://localhost:3000/_next/static/chunks/node_modules_next_dist_f3530cac._.js:3127
[  202238ms] [ERROR] ./app/(root)/catalogue/page.tsx:15:7
Parsing ecmascript source code failed
  13 |         </section>
  14 |
> 15 |     </main>
     |       ^^^^
  16 |   )
  17 | }
  18 |

Expected corresponding JSX closing tag for <div> @ http://localhost:3000/_next/static/chunks/node_modules_next_dist_f3530cac._.js:3127
[  202303ms] [ERROR] ./app/(root)/catalogue/page.tsx:15:7
Parsing ecmascript source code failed
  13 |         </section>
  14 |
> 15 |     </main>
     |       ^^^^
  16 |   )
  17 | }
  18 |

Expected corresponding JSX closing tag for <div> @ http://localhost:3000/_next/static/chunks/node_modules_next_dist_f3530cac._.js:3127
[  202378ms] [ERROR] ./app/(root)/catalogue/page.tsx:15:7
Parsing ecmascript source code failed
  13 |         </section>
  14 |
> 15 |     </main>
     |       ^^^^
  16 |   )
  17 | }
  18 |

Expected corresponding JSX closing tag for <div> @ http://localhost:3000/_next/static/chunks/node_modules_next_dist_f3530cac._.js:3127
[  202455ms] [ERROR] ./app/(root)/catalogue/page.tsx:15:7
Parsing ecmascript source code failed
  13 |         </section>
  14 |
> 15 |     </main>
     |       ^^^^
  16 |   )
  17 | }
  18 |

Expected corresponding JSX closing tag for <div> @ http://localhost:3000/_next/static/chunks/node_modules_next_dist_f3530cac._.js:3127
[  202534ms] [ERROR] ./app/(root)/catalogue/page.tsx:15:7
Parsing ecmascript source code failed
  13 |         </section>
  14 |
> 15 |     </main>
     |       ^^^^
  16 |   )
  17 | }
  18 |

Expected corresponding JSX closing tag for <div> @ http://localhost:3000/_next/static/chunks/node_modules_next_dist_f3530cac._.js:3127
[  202613ms] [ERROR] ./app/(root)/catalogue/page.tsx:15:7
Parsing ecmascript source code failed
  13 |         </section>
  14 |
> 15 |     </main>
     |       ^^^^
  16 |   )
  17 | }
  18 |

Expected corresponding JSX closing tag for <div> @ http://localhost:3000/_next/static/chunks/node_modules_next_dist_f3530cac._.js:3127
[  202690ms] [ERROR] ./app/(root)/catalogue/page.tsx:15:7
Parsing ecmascript source code failed
  13 |         </section>
  14 |
> 15 |     </main>
     |       ^^^^
  16 |   )
  17 | }
  18 |

Expected corresponding JSX closing tag for <div> @ http://localhost:3000/_next/static/chunks/node_modules_next_dist_f3530cac._.js:3127
[  202767ms] [ERROR] ./app/(root)/catalogue/page.tsx:15:7
Parsing ecmascript source code failed
  13 |         </section>
  14 |
> 15 |     </main>
     |       ^^^^
  16 |   )
  17 | }
  18 |

Expected corresponding JSX closing tag for <div> @ http://localhost:3000/_next/static/chunks/node_modules_next_dist_f3530cac._.js:3127
[  202845ms] [ERROR] ./app/(root)/catalogue/page.tsx:15:7
Parsing ecmascript source code failed
  13 |         </section>
  14 |
> 15 |     </main>
     |       ^^^^
  16 |   )
  17 | }
  18 |

Expected corresponding JSX closing tag for <div> @ http://localhost:3000/_next/static/chunks/node_modules_next_dist_f3530cac._.js:3127
[  202922ms] [ERROR] ./app/(root)/catalogue/page.tsx:15:7
Parsing ecmascript source code failed
  13 |         </section>
  14 |
> 15 |     </main>
     |       ^^^^
  16 |   )
  17 | }
  18 |

Expected corresponding JSX closing tag for <div> @ http://localhost:3000/_next/static/chunks/node_modules_next_dist_f3530cac._.js:3127
[  203014ms] [ERROR] ./app/(root)/catalogue/page.tsx:15:7
Parsing ecmascript source code failed
  13 |         </section>
  14 |
> 15 |     </main>
     |       ^^^^
  16 |   )
  17 | }
  18 |

Expected corresponding JSX closing tag for <div> @ http://localhost:3000/_next/static/chunks/node_modules_next_dist_f3530cac._.js:3127
[  203090ms] [ERROR] ./app/(root)/catalogue/page.tsx:15:7
Parsing ecmascript source code failed
  13 |         </section>
  14 |
> 15 |     </main>
     |       ^^^^
  16 |   )
  17 | }
  18 |

Expected corresponding JSX closing tag for <div> @ http://localhost:3000/_next/static/chunks/node_modules_next_dist_f3530cac._.js:3127
[  203169ms] [ERROR] ./app/(root)/catalogue/page.tsx:15:7
Parsing ecmascript source code failed
  13 |         </section>
  14 |
> 15 |     </main>
     |       ^^^^
  16 |   )
  17 | }
  18 |

Expected corresponding JSX closing tag for <div> @ http://localhost:3000/_next/static/chunks/node_modules_next_dist_f3530cac._.js:3127
[  203247ms] [ERROR] ./app/(root)/catalogue/page.tsx:15:7
Parsing ecmascript source code failed
  13 |         </section>
  14 |
> 15 |     </main>
     |       ^^^^
  16 |   )
  17 | }
  18 |

Expected corresponding JSX closing tag for <div> @ http://localhost:3000/_next/static/chunks/node_modules_next_dist_f3530cac._.js:3127
[  203309ms] [ERROR] ./app/(root)/catalogue/page.tsx:15:7
Parsing ecmascript source code failed
  13 |         </section>
  14 |
> 15 |     </main>
     |       ^^^^
  16 |   )
  17 | }
  18 |

Expected corresponding JSX closing tag for <div> @ http://localhost:3000/_next/static/chunks/node_modules_next_dist_f3530cac._.js:3127
[  203387ms] [ERROR] ./app/(root)/catalogue/page.tsx:15:7
Parsing ecmascript source code failed
  13 |         </section>
  14 |
> 15 |     </main>
     |       ^^^^
  16 |   )
  17 | }
  18 |

Expected corresponding JSX closing tag for <div> @ http://localhost:3000/_next/static/chunks/node_modules_next_dist_f3530cac._.js:3127
[  203465ms] [ERROR] ./app/(root)/catalogue/page.tsx:15:7
Parsing ecmascript source code failed
  13 |         </section>
  14 |
> 15 |     </main>
     |       ^^^^
  16 |   )
  17 | }
  18 |

Expected corresponding JSX closing tag for <div> @ http://localhost:3000/_next/static/chunks/node_modules_next_dist_f3530cac._.js:3127
[  203541ms] [ERROR] ./app/(root)/catalogue/page.tsx:15:7
Parsing ecmascript source code failed
  13 |         </section>
  14 |
> 15 |     </main>
     |       ^^^^
  16 |   )
  17 | }
  18 |

Expected corresponding JSX closing tag for <div> @ http://localhost:3000/_next/static/chunks/node_modules_next_dist_f3530cac._.js:3127
[  203618ms] [ERROR] ./app/(root)/catalogue/page.tsx:15:7
Parsing ecmascript source code failed
  13 |         </section>
  14 |
> 15 |     </main>
     |       ^^^^
  16 |   )
  17 | }
  18 |

Expected corresponding JSX closing tag for <div> @ http://localhost:3000/_next/static/chunks/node_modules_next_dist_f3530cac._.js:3127
[  203695ms] [ERROR] ./app/(root)/catalogue/page.tsx:15:7
Parsing ecmascript source code failed
  13 |         </section>
  14 |
> 15 |     </main>
     |       ^^^^
  16 |   )
  17 | }
  18 |

Expected corresponding JSX closing tag for <div> @ http://localhost:3000/_next/static/chunks/node_modules_next_dist_f3530cac._.js:3127
[  203773ms] [ERROR] ./app/(root)/catalogue/page.tsx:15:7
Parsing ecmascript source code failed
  13 |         </section>
  14 |
> 15 |     </main>
     |       ^^^^
  16 |   )
  17 | }
  18 |

Expected corresponding JSX closing tag for <div> @ http://localhost:3000/_next/static/chunks/node_modules_next_dist_f3530cac._.js:3127
[  203865ms] [ERROR] ./app/(root)/catalogue/page.tsx:15:7
Parsing ecmascript source code failed
  13 |         </section>
  14 |
> 15 |     </main>
     |       ^^^^
  16 |   )
  17 | }
  18 |

Expected corresponding JSX closing tag for <div> @ http://localhost:3000/_next/static/chunks/node_modules_next_dist_f3530cac._.js:3127
[  203961ms] [ERROR] ./app/(root)/catalogue/page.tsx:15:7
Parsing ecmascript source code failed
  13 |         </section>
  14 |
> 15 |     </main>
     |       ^^^^
  16 |   )
  17 | }
  18 |

Expected corresponding JSX closing tag for <div> @ http://localhost:3000/_next/static/chunks/node_modules_next_dist_f3530cac._.js:3127
[  204052ms] [ERROR] ./app/(root)/catalogue/page.tsx:15:7
Parsing ecmascript source code failed
  13 |         </section>
  14 |
> 15 |     </main>
     |       ^^^^
  16 |   )
  17 | }
  18 |

Expected corresponding JSX closing tag for <div> @ http://localhost:3000/_next/static/chunks/node_modules_next_dist_f3530cac._.js:3127
[  204129ms] [ERROR] ./app/(root)/catalogue/page.tsx:15:7
Parsing ecmascript source code failed
  13 |         </section>
  14 |
> 15 |     </main>
     |       ^^^^
  16 |   )
  17 | }
  18 |

Expected corresponding JSX closing tag for <div> @ http://localhost:3000/_next/static/chunks/node_modules_next_dist_f3530cac._.js:3127
[  204193ms] [ERROR] ./app/(root)/catalogue/page.tsx:15:7
Parsing ecmascript source code failed
  13 |         </section>
  14 |
> 15 |     </main>
     |       ^^^^
  16 |   )
  17 | }
  18 |

Expected corresponding JSX closing tag for <div> @ http://localhost:3000/_next/static/chunks/node_modules_next_dist_f3530cac._.js:3127
[  204272ms] [ERROR] ./app/(root)/catalogue/page.tsx:15:7
Parsing ecmascript source code failed
  13 |         </section>
  14 |
> 15 |     </main>
     |       ^^^^
  16 |   )
  17 | }
  18 |

Expected corresponding JSX closing tag for <div> @ http://localhost:3000/_next/static/chunks/node_modules_next_dist_f3530cac._.js:3127
[  204350ms] [ERROR] ./app/(root)/catalogue/page.tsx:15:7
Parsing ecmascript source code failed
  13 |         </section>
  14 |
> 15 |     </main>
     |       ^^^^
  16 |   )
  17 | }
  18 |

Expected corresponding JSX closing tag for <div> @ http://localhost:3000/_next/static/chunks/node_modules_next_dist_f3530cac._.js:3127
[  204427ms] [ERROR] ./app/(root)/catalogue/page.tsx:15:7
Parsing ecmascript source code failed
  13 |         </section>
  14 |
> 15 |     </main>
     |       ^^^^
  16 |   )
  17 | }
  18 |

Expected corresponding JSX closing tag for <div> @ http://localhost:3000/_next/static/chunks/node_modules_next_dist_f3530cac._.js:3127
[  204506ms] [ERROR] ./app/(root)/catalogue/page.tsx:15:7
Parsing ecmascript source code failed
  13 |         </section>
  14 |
> 15 |     </main>
     |       ^^^^
  16 |   )
  17 | }
  18 |

Expected corresponding JSX closing tag for <div> @ http://localhost:3000/_next/static/chunks/node_modules_next_dist_f3530cac._.js:3127
[  204581ms] [ERROR] ./app/(root)/catalogue/page.tsx:15:7
Parsing ecmascript source code failed
  13 |         </section>
  14 |
> 15 |     </main>
     |       ^^^^
  16 |   )
  17 | }
  18 |

Expected corresponding JSX closing tag for <div> @ http://localhost:3000/_next/static/chunks/node_modules_next_dist_f3530cac._.js:3127
[  204644ms] [ERROR] ./app/(root)/catalogue/page.tsx:15:7
Parsing ecmascript source code failed
  13 |         </section>
  14 |
> 15 |     </main>
     |       ^^^^
  16 |   )
  17 | }
  18 |

Expected corresponding JSX closing tag for <div> @ http://localhost:3000/_next/static/chunks/node_modules_next_dist_f3530cac._.js:3127
[  204721ms] [ERROR] ./app/(root)/catalogue/page.tsx:15:7
Parsing ecmascript source code failed
  13 |         </section>
  14 |
> 15 |     </main>
     |       ^^^^
  16 |   )
  17 | }
  18 |

Expected corresponding JSX closing tag for <div> @ http://localhost:3000/_next/static/chunks/node_modules_next_dist_f3530cac._.js:3127
[  204811ms] [ERROR] ./app/(root)/catalogue/page.tsx:15:7
Parsing ecmascript source code failed
  13 |         </section>
  14 |
> 15 |     </main>
     |       ^^^^
  16 |   )
  17 | }
  18 |

Expected corresponding JSX closing tag for <div> @ http://localhost:3000/_next/static/chunks/node_modules_next_dist_f3530cac._.js:3127
[  204888ms] [ERROR] ./app/(root)/catalogue/page.tsx:15:7
Parsing ecmascript source code failed
  13 |         </section>
  14 |
> 15 |     </main>
     |       ^^^^
  16 |   )
  17 | }
  18 |

Expected corresponding JSX closing tag for <div> @ http://localhost:3000/_next/static/chunks/node_modules_next_dist_f3530cac._.js:3127
[  204983ms] [ERROR] ./app/(root)/catalogue/page.tsx:15:7
Parsing ecmascript source code failed
  13 |         </section>
  14 |
> 15 |     </main>
     |       ^^^^
  16 |   )
  17 | }
  18 |

Expected corresponding JSX closing tag for <div> @ http://localhost:3000/_next/static/chunks/node_modules_next_dist_f3530cac._.js:3127
[  205076ms] [ERROR] ./app/(root)/catalogue/page.tsx:15:7
Parsing ecmascript source code failed
  13 |         </section>
  14 |
> 15 |     </main>
     |       ^^^^
  16 |   )
  17 | }
  18 |

Expected corresponding JSX closing tag for <div> @ http://localhost:3000/_next/static/chunks/node_modules_next_dist_f3530cac._.js:3127
[  205151ms] [ERROR] ./app/(root)/catalogue/page.tsx:15:7
Parsing ecmascript source code failed
  13 |         </section>
  14 |
> 15 |     </main>
     |       ^^^^
  16 |   )
  17 | }
  18 |

Expected corresponding JSX closing tag for <div> @ http://localhost:3000/_next/static/chunks/node_modules_next_dist_f3530cac._.js:3127
[  205229ms] [ERROR] ./app/(root)/catalogue/page.tsx:15:7
Parsing ecmascript source code failed
  13 |         </section>
  14 |
> 15 |     </main>
     |       ^^^^
  16 |   )
  17 | }
  18 |

Expected corresponding JSX closing tag for <div> @ http://localhost:3000/_next/static/chunks/node_modules_next_dist_f3530cac._.js:3127
[  205306ms] [ERROR] ./app/(root)/catalogue/page.tsx:15:7
Parsing ecmascript source code failed
  13 |         </section>
  14 |
> 15 |     </main>
     |       ^^^^
  16 |   )
  17 | }
  18 |

Expected corresponding JSX closing tag for <div> @ http://localhost:3000/_next/static/chunks/node_modules_next_dist_f3530cac._.js:3127
[  205369ms] [ERROR] ./app/(root)/catalogue/page.tsx:15:7
Parsing ecmascript source code failed
  13 |         </section>
  14 |
> 15 |     </main>
     |       ^^^^
  16 |   )
  17 | }
  18 |

Expected corresponding JSX closing tag for <div> @ http://localhost:3000/_next/static/chunks/node_modules_next_dist_f3530cac._.js:3127
[  205467ms] [ERROR] ./app/(root)/catalogue/page.tsx:15:7
Parsing ecmascript source code failed
  13 |         </section>
  14 |
> 15 |     </main>
     |       ^^^^
  16 |   )
  17 | }
  18 |

Expected corresponding JSX closing tag for <div> @ http://localhost:3000/_next/static/chunks/node_modules_next_dist_f3530cac._.js:3127
[  205541ms] [ERROR] ./app/(root)/catalogue/page.tsx:15:7
Parsing ecmascript source code failed
  13 |         </section>
  14 |
> 15 |     </main>
     |       ^^^^
  16 |   )
  17 | }
  18 |

Expected corresponding JSX closing tag for <div> @ http://localhost:3000/_next/static/chunks/node_modules_next_dist_f3530cac._.js:3127
[  205602ms] [ERROR] ./app/(root)/catalogue/page.tsx:15:7
Parsing ecmascript source code failed
  13 |         </section>
  14 |
> 15 |     </main>
     |       ^^^^
  16 |   )
  17 | }
  18 |

Expected corresponding JSX closing tag for <div> @ http://localhost:3000/_next/static/chunks/node_modules_next_dist_f3530cac._.js:3127
[  205682ms] [ERROR] ./app/(root)/catalogue/page.tsx:15:7
Parsing ecmascript source code failed
  13 |         </section>
  14 |
> 15 |     </main>
     |       ^^^^
  16 |   )
  17 | }
  18 |

Expected corresponding JSX closing tag for <div> @ http://localhost:3000/_next/static/chunks/node_modules_next_dist_f3530cac._.js:3127
[  205762ms] [ERROR] ./app/(root)/catalogue/page.tsx:15:7
Parsing ecmascript source code failed
  13 |         </section>
  14 |
> 15 |     </main>
     |       ^^^^
  16 |   )
  17 | }
  18 |

Expected corresponding JSX closing tag for <div> @ http://localhost:3000/_next/static/chunks/node_modules_next_dist_f3530cac._.js:3127
[  205839ms] [ERROR] ./app/(root)/catalogue/page.tsx:15:7
Parsing ecmascript source code failed
  13 |         </section>
  14 |
> 15 |     </main>
     |       ^^^^
  16 |   )
  17 | }
  18 |

Expected corresponding JSX closing tag for <div> @ http://localhost:3000/_next/static/chunks/node_modules_next_dist_f3530cac._.js:3127
[  205915ms] [ERROR] ./app/(root)/catalogue/page.tsx:15:7
Parsing ecmascript source code failed
  13 |         </section>
  14 |
> 15 |     </main>
     |       ^^^^
  16 |   )
  17 | }
  18 |

Expected corresponding JSX closing tag for <div> @ http://localhost:3000/_next/static/chunks/node_modules_next_dist_f3530cac._.js:3127
[  205992ms] [ERROR] ./app/(root)/catalogue/page.tsx:15:7
Parsing ecmascript source code failed
  13 |         </section>
  14 |
> 15 |     </main>
     |       ^^^^
  16 |   )
  17 | }
  18 |

Expected corresponding JSX closing tag for <div> @ http://localhost:3000/_next/static/chunks/node_modules_next_dist_f3530cac._.js:3127
[  206077ms] [ERROR] ./app/(root)/catalogue/page.tsx:15:7
Parsing ecmascript source code failed
  13 |         </section>
  14 |
> 15 |     </main>
     |       ^^^^
  16 |   )
  17 | }
  18 |

Expected corresponding JSX closing tag for <div> @ http://localhost:3000/_next/static/chunks/node_modules_next_dist_f3530cac._.js:3127
[  206167ms] [ERROR] ./app/(root)/catalogue/page.tsx:15:7
Parsing ecmascript source code failed
  13 |         </section>
  14 |
> 15 |     </main>
     |       ^^^^
  16 |   )
  17 | }
  18 |

Expected corresponding JSX closing tag for <div> @ http://localhost:3000/_next/static/chunks/node_modules_next_dist_f3530cac._.js:3127
[  206244ms] [ERROR] ./app/(root)/catalogue/page.tsx:15:7
Parsing ecmascript source code failed
  13 |         </section>
  14 |
> 15 |     </main>
     |       ^^^^
  16 |   )
  17 | }
  18 |

Expected corresponding JSX closing tag for <div> @ http://localhost:3000/_next/static/chunks/node_modules_next_dist_f3530cac._.js:3127
[  206322ms] [ERROR] ./app/(root)/catalogue/page.tsx:15:7
Parsing ecmascript source code failed
  13 |         </section>
  14 |
> 15 |     </main>
     |       ^^^^
  16 |   )
  17 | }
  18 |

Expected corresponding JSX closing tag for <div> @ http://localhost:3000/_next/static/chunks/node_modules_next_dist_f3530cac._.js:3127
[  206397ms] [ERROR] ./app/(root)/catalogue/page.tsx:15:7
Parsing ecmascript source code failed
  13 |         </section>
  14 |
> 15 |     </main>
     |       ^^^^
  16 |   )
  17 | }
  18 |

Expected corresponding JSX closing tag for <div> @ http://localhost:3000/_next/static/chunks/node_modules_next_dist_f3530cac._.js:3127
[  206457ms] [ERROR] ./app/(root)/catalogue/page.tsx:15:7
Parsing ecmascript source code failed
  13 |         </section>
  14 |
> 15 |     </main>
     |       ^^^^
  16 |   )
  17 | }
  18 |

Expected corresponding JSX closing tag for <div> @ http://localhost:3000/_next/static/chunks/node_modules_next_dist_f3530cac._.js:3127
[  206537ms] [ERROR] ./app/(root)/catalogue/page.tsx:15:7
Parsing ecmascript source code failed
  13 |         </section>
  14 |
> 15 |     </main>
     |       ^^^^
  16 |   )
  17 | }
  18 |

Expected corresponding JSX closing tag for <div> @ http://localhost:3000/_next/static/chunks/node_modules_next_dist_f3530cac._.js:3127
[  206616ms] [ERROR] ./app/(root)/catalogue/page.tsx:15:7
Parsing ecmascript source code failed
  13 |         </section>
  14 |
> 15 |     </main>
     |       ^^^^
  16 |   )
  17 | }
  18 |

Expected corresponding JSX closing tag for <div> @ http://localhost:3000/_next/static/chunks/node_modules_next_dist_f3530cac._.js:3127
[  206692ms] [ERROR] ./app/(root)/catalogue/page.tsx:15:7
Parsing ecmascript source code failed
  13 |         </section>
  14 |
> 15 |     </main>
     |       ^^^^
  16 |   )
  17 | }
  18 |

Expected corresponding JSX closing tag for <div> @ http://localhost:3000/_next/static/chunks/node_modules_next_dist_f3530cac._.js:3127
[  206771ms] [ERROR] ./app/(root)/catalogue/page.tsx:15:7
Parsing ecmascript source code failed
  13 |         </section>
  14 |
> 15 |     </main>
     |       ^^^^
  16 |   )
  17 | }
  18 |

Expected corresponding JSX closing tag for <div> @ http://localhost:3000/_next/static/chunks/node_modules_next_dist_f3530cac._.js:3127
[  206850ms] [ERROR] ./app/(root)/catalogue/page.tsx:15:7
Parsing ecmascript source code failed
  13 |         </section>
  14 |
> 15 |     </main>
     |       ^^^^
  16 |   )
  17 | }
  18 |

Expected corresponding JSX closing tag for <div> @ http://localhost:3000/_next/static/chunks/node_modules_next_dist_f3530cac._.js:3127
[  206927ms] [ERROR] ./app/(root)/catalogue/page.tsx:15:7
Parsing ecmascript source code failed
  13 |         </section>
  14 |
> 15 |     </main>
     |       ^^^^
  16 |   )
  17 | }
  18 |

Expected corresponding JSX closing tag for <div> @ http://localhost:3000/_next/static/chunks/node_modules_next_dist_f3530cac._.js:3127
[  207006ms] [ERROR] ./app/(root)/catalogue/page.tsx:15:7
Parsing ecmascript source code failed
  13 |         </section>
  14 |
> 15 |     </main>
     |       ^^^^
  16 |   )
  17 | }
  18 |

Expected corresponding JSX closing tag for <div> @ http://localhost:3000/_next/static/chunks/node_modules_next_dist_f3530cac._.js:3127
[  207084ms] [ERROR] ./app/(root)/catalogue/page.tsx:15:7
Parsing ecmascript source code failed
  13 |         </section>
  14 |
> 15 |     </main>
     |       ^^^^
  16 |   )
  17 | }
  18 |

Expected corresponding JSX closing tag for <div> @ http://localhost:3000/_next/static/chunks/node_modules_next_dist_f3530cac._.js:3127
[  207163ms] [ERROR] ./app/(root)/catalogue/page.tsx:15:7
Parsing ecmascript source code failed
  13 |         </section>
  14 |
> 15 |     </main>
     |       ^^^^
  16 |   )
  17 | }
  18 |

Expected corresponding JSX closing tag for <div> @ http://localhost:3000/_next/static/chunks/node_modules_next_dist_f3530cac._.js:3127
[  207238ms] [ERROR] ./app/(root)/catalogue/page.tsx:15:7
Parsing ecmascript source code failed
  13 |         </section>
  14 |
> 15 |     </main>
     |       ^^^^
  16 |   )
  17 | }
  18 |

Expected corresponding JSX closing tag for <div> @ http://localhost:3000/_next/static/chunks/node_modules_next_dist_f3530cac._.js:3127
[  207317ms] [ERROR] ./app/(root)/catalogue/page.tsx:15:7
Parsing ecmascript source code failed
  13 |         </section>
  14 |
> 15 |     </main>
     |       ^^^^
  16 |   )
  17 | }
  18 |

Expected corresponding JSX closing tag for <div> @ http://localhost:3000/_next/static/chunks/node_modules_next_dist_f3530cac._.js:3127
[  207398ms] [ERROR] ./app/(root)/catalogue/page.tsx:15:7
Parsing ecmascript source code failed
  13 |         </section>
  14 |
> 15 |     </main>
     |       ^^^^
  16 |   )
  17 | }
  18 |

Expected corresponding JSX closing tag for <div> @ http://localhost:3000/_next/static/chunks/node_modules_next_dist_f3530cac._.js:3127
[  207475ms] [ERROR] ./app/(root)/catalogue/page.tsx:15:7
Parsing ecmascript source code failed
  13 |         </section>
  14 |
> 15 |     </main>
     |       ^^^^
  16 |   )
  17 | }
  18 |

Expected corresponding JSX closing tag for <div> @ http://localhost:3000/_next/static/chunks/node_modules_next_dist_f3530cac._.js:3127
[  207551ms] [ERROR] ./app/(root)/catalogue/page.tsx:15:7
Parsing ecmascript source code failed
  13 |         </section>
  14 |
> 15 |     </main>
     |       ^^^^
  16 |   )
  17 | }
  18 |

Expected corresponding JSX closing tag for <div> @ http://localhost:3000/_next/static/chunks/node_modules_next_dist_f3530cac._.js:3127
[  207625ms] [ERROR] ./app/(root)/catalogue/page.tsx:15:7
Parsing ecmascript source code failed
  13 |         </section>
  14 |
> 15 |     </main>
     |       ^^^^
  16 |   )
  17 | }
  18 |

Expected corresponding JSX closing tag for <div> @ http://localhost:3000/_next/static/chunks/node_modules_next_dist_f3530cac._.js:3127
[  207703ms] [ERROR] ./app/(root)/catalogue/page.tsx:15:7
Parsing ecmascript source code failed
  13 |         </section>
  14 |
> 15 |     </main>
     |       ^^^^
  16 |   )
  17 | }
  18 |

Expected corresponding JSX closing tag for <div> @ http://localhost:3000/_next/static/chunks/node_modules_next_dist_f3530cac._.js:3127
[  207782ms] [ERROR] ./app/(root)/catalogue/page.tsx:15:7
Parsing ecmascript source code failed
  13 |         </section>
  14 |
> 15 |     </main>
     |       ^^^^
  16 |   )
  17 | }
  18 |

Expected corresponding JSX closing tag for <div> @ http://localhost:3000/_next/static/chunks/node_modules_next_dist_f3530cac._.js:3127
[  207864ms] [ERROR] ./app/(root)/catalogue/page.tsx:15:7
Parsing ecmascript source code failed
  13 |         </section>
  14 |
> 15 |     </main>
     |       ^^^^
  16 |   )
  17 | }
  18 |

Expected corresponding JSX closing tag for <div> @ http://localhost:3000/_next/static/chunks/node_modules_next_dist_f3530cac._.js:3127
[  207937ms] [ERROR] ./app/(root)/catalogue/page.tsx:15:7
Parsing ecmascript source code failed
  13 |         </section>
  14 |
> 15 |     </main>
     |       ^^^^
  16 |   )
  17 | }
  18 |

Expected corresponding JSX closing tag for <div> @ http://localhost:3000/_next/static/chunks/node_modules_next_dist_f3530cac._.js:3127
[  208014ms] [ERROR] ./app/(root)/catalogue/page.tsx:15:7
Parsing ecmascript source code failed
  13 |         </section>
  14 |
> 15 |     </main>
     |       ^^^^
  16 |   )
  17 | }
  18 |

Expected corresponding JSX closing tag for <div> @ http://localhost:3000/_next/static/chunks/node_modules_next_dist_f3530cac._.js:3127
[  208091ms] [ERROR] ./app/(root)/catalogue/page.tsx:15:7
Parsing ecmascript source code failed
  13 |         </section>
  14 |
> 15 |     </main>
     |       ^^^^
  16 |   )
  17 | }
  18 |

Expected corresponding JSX closing tag for <div> @ http://localhost:3000/_next/static/chunks/node_modules_next_dist_f3530cac._.js:3127
[  208169ms] [ERROR] ./app/(root)/catalogue/page.tsx:15:7
Parsing ecmascript source code failed
  13 |         </section>
  14 |
> 15 |     </main>
     |       ^^^^
  16 |   )
  17 | }
  18 |

Expected corresponding JSX closing tag for <div> @ http://localhost:3000/_next/static/chunks/node_modules_next_dist_f3530cac._.js:3127
[  208250ms] [ERROR] ./app/(root)/catalogue/page.tsx:15:7
Parsing ecmascript source code failed
  13 |         </section>
  14 |
> 15 |     </main>
     |       ^^^^
  16 |   )
  17 | }
  18 |

Expected corresponding JSX closing tag for <div> @ http://localhost:3000/_next/static/chunks/node_modules_next_dist_f3530cac._.js:3127
[  208328ms] [ERROR] ./app/(root)/catalogue/page.tsx:15:7
Parsing ecmascript source code failed
  13 |         </section>
  14 |
> 15 |     </main>
     |       ^^^^
  16 |   )
  17 | }
  18 |

Expected corresponding JSX closing tag for <div> @ http://localhost:3000/_next/static/chunks/node_modules_next_dist_f3530cac._.js:3127
[  208404ms] [ERROR] ./app/(root)/catalogue/page.tsx:15:7
Parsing ecmascript source code failed
  13 |         </section>
  14 |
> 15 |     </main>
     |       ^^^^
  16 |   )
  17 | }
  18 |

Expected corresponding JSX closing tag for <div> @ http://localhost:3000/_next/static/chunks/node_modules_next_dist_f3530cac._.js:3127
[  208495ms] [ERROR] ./app/(root)/catalogue/page.tsx:15:7
Parsing ecmascript source code failed
  13 |         </section>
  14 |
> 15 |     </main>
     |       ^^^^
  16 |   )
  17 | }
  18 |

Expected corresponding JSX closing tag for <div> @ http://localhost:3000/_next/static/chunks/node_modules_next_dist_f3530cac._.js:3127
[  208574ms] [ERROR] ./app/(root)/catalogue/page.tsx:15:7
Parsing ecmascript source code failed
  13 |         </section>
  14 |
> 15 |     </main>
     |       ^^^^
  16 |   )
  17 | }
  18 |

Expected corresponding JSX closing tag for <div> @ http://localhost:3000/_next/static/chunks/node_modules_next_dist_f3530cac._.js:3127
[  208650ms] [ERROR] ./app/(root)/catalogue/page.tsx:15:7
Parsing ecmascript source code failed
  13 |         </section>
  14 |
> 15 |     </main>
     |       ^^^^
  16 |   )
  17 | }
  18 |

Expected corresponding JSX closing tag for <div> @ http://localhost:3000/_next/static/chunks/node_modules_next_dist_f3530cac._.js:3127
[  208725ms] [ERROR] ./app/(root)/catalogue/page.tsx:15:7
Parsing ecmascript source code failed
  13 |         </section>
  14 |
> 15 |     </main>
     |       ^^^^
  16 |   )
  17 | }
  18 |

Expected corresponding JSX closing tag for <div> @ http://localhost:3000/_next/static/chunks/node_modules_next_dist_f3530cac._.js:3127
[  208804ms] [ERROR] ./app/(root)/catalogue/page.tsx:15:7
Parsing ecmascript source code failed
  13 |         </section>
  14 |
> 15 |     </main>
     |       ^^^^
  16 |   )
  17 | }
  18 |

Expected corresponding JSX closing tag for <div> @ http://localhost:3000/_next/static/chunks/node_modules_next_dist_f3530cac._.js:3127
[  208884ms] [ERROR] ./app/(root)/catalogue/page.tsx:15:7
Parsing ecmascript source code failed
  13 |         </section>
  14 |
> 15 |     </main>
     |       ^^^^
  16 |   )
  17 | }
  18 |

Expected corresponding JSX closing tag for <div> @ http://localhost:3000/_next/static/chunks/node_modules_next_dist_f3530cac._.js:3127
[  208959ms] [ERROR] ./app/(root)/catalogue/page.tsx:15:7
Parsing ecmascript source code failed
  13 |         </section>
  14 |
> 15 |     </main>
     |       ^^^^
  16 |   )
  17 | }
  18 |

Expected corresponding JSX closing tag for <div> @ http://localhost:3000/_next/static/chunks/node_modules_next_dist_f3530cac._.js:3127
[  209041ms] [ERROR] ./app/(root)/catalogue/page.tsx:15:7
Parsing ecmascript source code failed
  13 |         </section>
  14 |
> 15 |     </main>
     |       ^^^^
  16 |   )
  17 | }
  18 |

Expected corresponding JSX closing tag for <div> @ http://localhost:3000/_next/static/chunks/node_modules_next_dist_f3530cac._.js:3127
[  209114ms] [ERROR] ./app/(root)/catalogue/page.tsx:15:7
Parsing ecmascript source code failed
  13 |         </section>
  14 |
> 15 |     </main>
     |       ^^^^
  16 |   )
  17 | }
  18 |

Expected corresponding JSX closing tag for <div> @ http://localhost:3000/_next/static/chunks/node_modules_next_dist_f3530cac._.js:3127
[  209191ms] [ERROR] ./app/(root)/catalogue/page.tsx:15:7
Parsing ecmascript source code failed
  13 |         </section>
  14 |
> 15 |     </main>
     |       ^^^^
  16 |   )
  17 | }
  18 |

Expected corresponding JSX closing tag for <div> @ http://localhost:3000/_next/static/chunks/node_modules_next_dist_f3530cac._.js:3127
[  209254ms] [ERROR] ./app/(root)/catalogue/page.tsx:15:7
Parsing ecmascript source code failed
  13 |         </section>
  14 |
> 15 |     </main>
     |       ^^^^
  16 |   )
  17 | }
  18 |

Expected corresponding JSX closing tag for <div> @ http://localhost:3000/_next/static/chunks/node_modules_next_dist_f3530cac._.js:3127
[  209331ms] [ERROR] ./app/(root)/catalogue/page.tsx:15:7
Parsing ecmascript source code failed
  13 |         </section>
  14 |
> 15 |     </main>
     |       ^^^^
  16 |   )
  17 | }
  18 |

Expected corresponding JSX closing tag for <div> @ http://localhost:3000/_next/static/chunks/node_modules_next_dist_f3530cac._.js:3127
[  209407ms] [ERROR] ./app/(root)/catalogue/page.tsx:15:7
Parsing ecmascript source code failed
  13 |         </section>
  14 |
> 15 |     </main>
     |       ^^^^
  16 |   )
  17 | }
  18 |

Expected corresponding JSX closing tag for <div> @ http://localhost:3000/_next/static/chunks/node_modules_next_dist_f3530cac._.js:3127
[  209487ms] [ERROR] ./app/(root)/catalogue/page.tsx:15:7
Parsing ecmascript source code failed
  13 |         </section>
  14 |
> 15 |     </main>
     |       ^^^^
  16 |   )
  17 | }
  18 |

Expected corresponding JSX closing tag for <div> @ http://localhost:3000/_next/static/chunks/node_modules_next_dist_f3530cac._.js:3127
[  209563ms] [ERROR] ./app/(root)/catalogue/page.tsx:15:7
Parsing ecmascript source code failed
  13 |         </section>
  14 |
> 15 |     </main>
     |       ^^^^
  16 |   )
  17 | }
  18 |

Expected corresponding JSX closing tag for <div> @ http://localhost:3000/_next/static/chunks/node_modules_next_dist_f3530cac._.js:3127
[  209640ms] [ERROR] ./app/(root)/catalogue/page.tsx:15:7
Parsing ecmascript source code failed
  13 |         </section>
  14 |
> 15 |     </main>
     |       ^^^^
  16 |   )
  17 | }
  18 |

Expected corresponding JSX closing tag for <div> @ http://localhost:3000/_next/static/chunks/node_modules_next_dist_f3530cac._.js:3127
[  209702ms] [ERROR] ./app/(root)/catalogue/page.tsx:15:7
Parsing ecmascript source code failed
  13 |         </section>
  14 |
> 15 |     </main>
     |       ^^^^
  16 |   )
  17 | }
  18 |

Expected corresponding JSX closing tag for <div> @ http://localhost:3000/_next/static/chunks/node_modules_next_dist_f3530cac._.js:3127
[  209780ms] [ERROR] ./app/(root)/catalogue/page.tsx:15:7
Parsing ecmascript source code failed
  13 |         </section>
  14 |
> 15 |     </main>
     |       ^^^^
  16 |   )
  17 | }
  18 |

Expected corresponding JSX closing tag for <div> @ http://localhost:3000/_next/static/chunks/node_modules_next_dist_f3530cac._.js:3127
[  209859ms] [ERROR] ./app/(root)/catalogue/page.tsx:15:7
Parsing ecmascript source code failed
  13 |         </section>
  14 |
> 15 |     </main>
     |       ^^^^
  16 |   )
  17 | }
  18 |

Expected corresponding JSX closing tag for <div> @ http://localhost:3000/_next/static/chunks/node_modules_next_dist_f3530cac._.js:3127
[  209935ms] [ERROR] ./app/(root)/catalogue/page.tsx:15:7
Parsing ecmascript source code failed
  13 |         </section>
  14 |
> 15 |     </main>
     |       ^^^^
  16 |   )
  17 | }
  18 |

Expected corresponding JSX closing tag for <div> @ http://localhost:3000/_next/static/chunks/node_modules_next_dist_f3530cac._.js:3127
[  210015ms] [ERROR] ./app/(root)/catalogue/page.tsx:15:7
Parsing ecmascript source code failed
  13 |         </section>
  14 |
> 15 |     </main>
     |       ^^^^
  16 |   )
  17 | }
  18 |

Expected corresponding JSX closing tag for <div> @ http://localhost:3000/_next/static/chunks/node_modules_next_dist_f3530cac._.js:3127
[  210106ms] [ERROR] ./app/(root)/catalogue/page.tsx:15:7
Parsing ecmascript source code failed
  13 |         </section>
  14 |
> 15 |     </main>
     |       ^^^^
  16 |   )
  17 | }
  18 |

Expected corresponding JSX closing tag for <div> @ http://localhost:3000/_next/static/chunks/node_modules_next_dist_f3530cac._.js:3127
[  210183ms] [ERROR] ./app/(root)/catalogue/page.tsx:15:7
Parsing ecmascript source code failed
  13 |         </section>
  14 |
> 15 |     </main>
     |       ^^^^
  16 |   )
  17 | }
  18 |

Expected corresponding JSX closing tag for <div> @ http://localhost:3000/_next/static/chunks/node_modules_next_dist_f3530cac._.js:3127
[  210263ms] [ERROR] ./app/(root)/catalogue/page.tsx:15:7
Parsing ecmascript source code failed
  13 |         </section>
  14 |
> 15 |     </main>
     |       ^^^^
  16 |   )
  17 | }
  18 |

Expected corresponding JSX closing tag for <div> @ http://localhost:3000/_next/static/chunks/node_modules_next_dist_f3530cac._.js:3127
[  210340ms] [ERROR] ./app/(root)/catalogue/page.tsx:15:7
Parsing ecmascript source code failed
  13 |         </section>
  14 |
> 15 |     </main>
     |       ^^^^
  16 |   )
  17 | }
  18 |

Expected corresponding JSX closing tag for <div> @ http://localhost:3000/_next/static/chunks/node_modules_next_dist_f3530cac._.js:3127
[  210403ms] [ERROR] ./app/(root)/catalogue/page.tsx:15:7
Parsing ecmascript source code failed
  13 |         </section>
  14 |
> 15 |     </main>
     |       ^^^^
  16 |   )
  17 | }
  18 |

Expected corresponding JSX closing tag for <div> @ http://localhost:3000/_next/static/chunks/node_modules_next_dist_f3530cac._.js:3127
[  210481ms] [ERROR] ./app/(root)/catalogue/page.tsx:15:7
Parsing ecmascript source code failed
  13 |         </section>
  14 |
> 15 |     </main>
     |       ^^^^
  16 |   )
  17 | }
  18 |

Expected corresponding JSX closing tag for <div> @ http://localhost:3000/_next/static/chunks/node_modules_next_dist_f3530cac._.js:3127
[  210561ms] [ERROR] ./app/(root)/catalogue/page.tsx:15:7
Parsing ecmascript source code failed
  13 |         </section>
  14 |
> 15 |     </main>
     |       ^^^^
  16 |   )
  17 | }
  18 |

Expected corresponding JSX closing tag for <div> @ http://localhost:3000/_next/static/chunks/node_modules_next_dist_f3530cac._.js:3127
[  210642ms] [ERROR] ./app/(root)/catalogue/page.tsx:15:7
Parsing ecmascript source code failed
  13 |         </section>
  14 |
> 15 |     </main>
     |       ^^^^
  16 |   )
  17 | }
  18 |

Expected corresponding JSX closing tag for <div> @ http://localhost:3000/_next/static/chunks/node_modules_next_dist_f3530cac._.js:3127
[  210715ms] [ERROR] ./app/(root)/catalogue/page.tsx:15:7
Parsing ecmascript source code failed
  13 |         </section>
  14 |
> 15 |     </main>
     |       ^^^^
  16 |   )
  17 | }
  18 |

Expected corresponding JSX closing tag for <div> @ http://localhost:3000/_next/static/chunks/node_modules_next_dist_f3530cac._.js:3127
[  210792ms] [ERROR] ./app/(root)/catalogue/page.tsx:15:7
Parsing ecmascript source code failed
  13 |         </section>
  14 |
> 15 |     </main>
     |       ^^^^
  16 |   )
  17 | }
  18 |

Expected corresponding JSX closing tag for <div> @ http://localhost:3000/_next/static/chunks/node_modules_next_dist_f3530cac._.js:3127
[  210869ms] [ERROR] ./app/(root)/catalogue/page.tsx:15:7
Parsing ecmascript source code failed
  13 |         </section>
  14 |
> 15 |     </main>
     |       ^^^^
  16 |   )
  17 | }
  18 |

Expected corresponding JSX closing tag for <div> @ http://localhost:3000/_next/static/chunks/node_modules_next_dist_f3530cac._.js:3127
[  210944ms] [ERROR] ./app/(root)/catalogue/page.tsx:15:7
Parsing ecmascript source code failed
  13 |         </section>
  14 |
> 15 |     </main>
     |       ^^^^
  16 |   )
  17 | }
  18 |

Expected corresponding JSX closing tag for <div> @ http://localhost:3000/_next/static/chunks/node_modules_next_dist_f3530cac._.js:3127
[  211022ms] [ERROR] ./app/(root)/catalogue/page.tsx:15:7
Parsing ecmascript source code failed
  13 |         </section>
  14 |
> 15 |     </main>
     |       ^^^^
  16 |   )
  17 | }
  18 |

Expected corresponding JSX closing tag for <div> @ http://localhost:3000/_next/static/chunks/node_modules_next_dist_f3530cac._.js:3127
[  211103ms] [ERROR] ./app/(root)/catalogue/page.tsx:15:7
Parsing ecmascript source code failed
  13 |         </section>
  14 |
> 15 |     </main>
     |       ^^^^
  16 |   )
  17 | }
  18 |

Expected corresponding JSX closing tag for <div> @ http://localhost:3000/_next/static/chunks/node_modules_next_dist_f3530cac._.js:3127
[  211180ms] [ERROR] ./app/(root)/catalogue/page.tsx:15:7
Parsing ecmascript source code failed
  13 |         </section>
  14 |
> 15 |     </main>
     |       ^^^^
  16 |   )
  17 | }
  18 |

Expected corresponding JSX closing tag for <div> @ http://localhost:3000/_next/static/chunks/node_modules_next_dist_f3530cac._.js:3127
[  211254ms] [ERROR] ./app/(root)/catalogue/page.tsx:15:7
Parsing ecmascript source code failed
  13 |         </section>
  14 |
> 15 |     </main>
     |       ^^^^
  16 |   )
  17 | }
  18 |

Expected corresponding JSX closing tag for <div> @ http://localhost:3000/_next/static/chunks/node_modules_next_dist_f3530cac._.js:3127
[  211318ms] [ERROR] ./app/(root)/catalogue/page.tsx:15:7
Parsing ecmascript source code failed
  13 |         </section>
  14 |
> 15 |     </main>
     |       ^^^^
  16 |   )
  17 | }
  18 |

Expected corresponding JSX closing tag for <div> @ http://localhost:3000/_next/static/chunks/node_modules_next_dist_f3530cac._.js:3127
[  211397ms] [ERROR] ./app/(root)/catalogue/page.tsx:15:7
Parsing ecmascript source code failed
  13 |         </section>
  14 |
> 15 |     </main>
     |       ^^^^
  16 |   )
  17 | }
  18 |

Expected corresponding JSX closing tag for <div> @ http://localhost:3000/_next/static/chunks/node_modules_next_dist_f3530cac._.js:3127
[  211473ms] [ERROR] ./app/(root)/catalogue/page.tsx:15:7
Parsing ecmascript source code failed
  13 |         </section>
  14 |
> 15 |     </main>
     |       ^^^^
  16 |   )
  17 | }
  18 |

Expected corresponding JSX closing tag for <div> @ http://localhost:3000/_next/static/chunks/node_modules_next_dist_f3530cac._.js:3127
[  211551ms] [ERROR] ./app/(root)/catalogue/page.tsx:15:7
Parsing ecmascript source code failed
  13 |         </section>
  14 |
> 15 |     </main>
     |       ^^^^
  16 |   )
  17 | }
  18 |

Expected corresponding JSX closing tag for <div> @ http://localhost:3000/_next/static/chunks/node_modules_next_dist_f3530cac._.js:3127
[  211626ms] [ERROR] ./app/(root)/catalogue/page.tsx:15:7
Parsing ecmascript source code failed
  13 |         </section>
  14 |
> 15 |     </main>
     |       ^^^^
  16 |   )
  17 | }
  18 |

Expected corresponding JSX closing tag for <div> @ http://localhost:3000/_next/static/chunks/node_modules_next_dist_f3530cac._.js:3127
[  211690ms] [ERROR] ./app/(root)/catalogue/page.tsx:15:7
Parsing ecmascript source code failed
  13 |         </section>
  14 |
> 15 |     </main>
     |       ^^^^
  16 |   )
  17 | }
  18 |

Expected corresponding JSX closing tag for <div> @ http://localhost:3000/_next/static/chunks/node_modules_next_dist_f3530cac._.js:3127
[  211774ms] [ERROR] ./app/(root)/catalogue/page.tsx:15:7
Parsing ecmascript source code failed
  13 |         </section>
  14 |
> 15 |     </main>
     |       ^^^^
  16 |   )
  17 | }
  18 |

Expected corresponding JSX closing tag for <div> @ http://localhost:3000/_next/static/chunks/node_modules_next_dist_f3530cac._.js:3127
[  211861ms] [ERROR] ./app/(root)/catalogue/page.tsx:15:7
Parsing ecmascript source code failed
  13 |         </section>
  14 |
> 15 |     </main>
     |       ^^^^
  16 |   )
  17 | }
  18 |

Expected corresponding JSX closing tag for <div> @ http://localhost:3000/_next/static/chunks/node_modules_next_dist_f3530cac._.js:3127
[  211935ms] [ERROR] ./app/(root)/catalogue/page.tsx:15:7
Parsing ecmascript source code failed
  13 |         </section>
  14 |
> 15 |     </main>
     |       ^^^^
  16 |   )
  17 | }
  18 |

Expected corresponding JSX closing tag for <div> @ http://localhost:3000/_next/static/chunks/node_modules_next_dist_f3530cac._.js:3127
[  212031ms] [ERROR] ./app/(root)/catalogue/page.tsx:15:7
Parsing ecmascript source code failed
  13 |         </section>
  14 |
> 15 |     </main>
     |       ^^^^
  16 |   )
  17 | }
  18 |

Expected corresponding JSX closing tag for <div> @ http://localhost:3000/_next/static/chunks/node_modules_next_dist_f3530cac._.js:3127
[  212118ms] [ERROR] ./app/(root)/catalogue/page.tsx:15:7
Parsing ecmascript source code failed
  13 |         </section>
  14 |
> 15 |     </main>
     |       ^^^^
  16 |   )
  17 | }
  18 |

Expected corresponding JSX closing tag for <div> @ http://localhost:3000/_next/static/chunks/node_modules_next_dist_f3530cac._.js:3127
[  212197ms] [ERROR] ./app/(root)/catalogue/page.tsx:15:7
Parsing ecmascript source code failed
  13 |         </section>
  14 |
> 15 |     </main>
     |       ^^^^
  16 |   )
  17 | }
  18 |

Expected corresponding JSX closing tag for <div> @ http://localhost:3000/_next/static/chunks/node_modules_next_dist_f3530cac._.js:3127
[  212272ms] [ERROR] ./app/(root)/catalogue/page.tsx:15:7
Parsing ecmascript source code failed
  13 |         </section>
  14 |
> 15 |     </main>
     |       ^^^^
  16 |   )
  17 | }
  18 |

Expected corresponding JSX closing tag for <div> @ http://localhost:3000/_next/static/chunks/node_modules_next_dist_f3530cac._.js:3127
[  212351ms] [ERROR] ./app/(root)/catalogue/page.tsx:15:7
Parsing ecmascript source code failed
  13 |         </section>
  14 |
> 15 |     </main>
     |       ^^^^
  16 |   )
  17 | }
  18 |

Expected corresponding JSX closing tag for <div> @ http://localhost:3000/_next/static/chunks/node_modules_next_dist_f3530cac._.js:3127
[  212426ms] [ERROR] ./app/(root)/catalogue/page.tsx:15:7
Parsing ecmascript source code failed
  13 |         </section>
  14 |
> 15 |     </main>
     |       ^^^^
  16 |   )
  17 | }
  18 |

Expected corresponding JSX closing tag for <div> @ http://localhost:3000/_next/static/chunks/node_modules_next_dist_f3530cac._.js:3127
[  212503ms] [ERROR] ./app/(root)/catalogue/page.tsx:15:7
Parsing ecmascript source code failed
  13 |         </section>
  14 |
> 15 |     </main>
     |       ^^^^
  16 |   )
  17 | }
  18 |

Expected corresponding JSX closing tag for <div> @ http://localhost:3000/_next/static/chunks/node_modules_next_dist_f3530cac._.js:3127
[  212567ms] [ERROR] ./app/(root)/catalogue/page.tsx:15:7
Parsing ecmascript source code failed
  13 |         </section>
  14 |
> 15 |     </main>
     |       ^^^^
  16 |   )
  17 | }
  18 |

Expected corresponding JSX closing tag for <div> @ http://localhost:3000/_next/static/chunks/node_modules_next_dist_f3530cac._.js:3127
[  212642ms] [ERROR] ./app/(root)/catalogue/page.tsx:15:7
Parsing ecmascript source code failed
  13 |         </section>
  14 |
> 15 |     </main>
     |       ^^^^
  16 |   )
  17 | }
  18 |

Expected corresponding JSX closing tag for <div> @ http://localhost:3000/_next/static/chunks/node_modules_next_dist_f3530cac._.js:3127
[  212718ms] [ERROR] ./app/(root)/catalogue/page.tsx:15:7
Parsing ecmascript source code failed
  13 |         </section>
  14 |
> 15 |     </main>
     |       ^^^^
  16 |   )
  17 | }
  18 |

Expected corresponding JSX closing tag for <div> @ http://localhost:3000/_next/static/chunks/node_modules_next_dist_f3530cac._.js:3127
[  212779ms] [ERROR] ./app/(root)/catalogue/page.tsx:15:7
Parsing ecmascript source code failed
  13 |         </section>
  14 |
> 15 |     </main>
     |       ^^^^
  16 |   )
  17 | }
  18 |

Expected corresponding JSX closing tag for <div> @ http://localhost:3000/_next/static/chunks/node_modules_next_dist_f3530cac._.js:3127
[  212860ms] [ERROR] ./app/(root)/catalogue/page.tsx:15:7
Parsing ecmascript source code failed
  13 |         </section>
  14 |
> 15 |     </main>
     |       ^^^^
  16 |   )
  17 | }
  18 |

Expected corresponding JSX closing tag for <div> @ http://localhost:3000/_next/static/chunks/node_modules_next_dist_f3530cac._.js:3127
[  212937ms] [ERROR] ./app/(root)/catalogue/page.tsx:15:7
Parsing ecmascript source code failed
  13 |         </section>
  14 |
> 15 |     </main>
     |       ^^^^
  16 |   )
  17 | }
  18 |

Expected corresponding JSX closing tag for <div> @ http://localhost:3000/_next/static/chunks/node_modules_next_dist_f3530cac._.js:3127
[  213011ms] [ERROR] ./app/(root)/catalogue/page.tsx:15:7
Parsing ecmascript source code failed
  13 |         </section>
  14 |
> 15 |     </main>
     |       ^^^^
  16 |   )
  17 | }
  18 |

Expected corresponding JSX closing tag for <div> @ http://localhost:3000/_next/static/chunks/node_modules_next_dist_f3530cac._.js:3127
[  213090ms] [ERROR] ./app/(root)/catalogue/page.tsx:15:7
Parsing ecmascript source code failed
  13 |         </section>
  14 |
> 15 |     </main>
     |       ^^^^
  16 |   )
  17 | }
  18 |

Expected corresponding JSX closing tag for <div> @ http://localhost:3000/_next/static/chunks/node_modules_next_dist_f3530cac._.js:3127
[  213166ms] [ERROR] ./app/(root)/catalogue/page.tsx:15:7
Parsing ecmascript source code failed
  13 |         </section>
  14 |
> 15 |     </main>
     |       ^^^^
  16 |   )
  17 | }
  18 |

Expected corresponding JSX closing tag for <div> @ http://localhost:3000/_next/static/chunks/node_modules_next_dist_f3530cac._.js:3127
[  213243ms] [ERROR] ./app/(root)/catalogue/page.tsx:15:7
Parsing ecmascript source code failed
  13 |         </section>
  14 |
> 15 |     </main>
     |       ^^^^
  16 |   )
  17 | }
  18 |

Expected corresponding JSX closing tag for <div> @ http://localhost:3000/_next/static/chunks/node_modules_next_dist_f3530cac._.js:3127
[  213320ms] [ERROR] ./app/(root)/catalogue/page.tsx:15:7
Parsing ecmascript source code failed
  13 |         </section>
  14 |
> 15 |     </main>
     |       ^^^^
  16 |   )
  17 | }
  18 |

Expected corresponding JSX closing tag for <div> @ http://localhost:3000/_next/static/chunks/node_modules_next_dist_f3530cac._.js:3127
[  213385ms] [ERROR] ./app/(root)/catalogue/page.tsx:15:7
Parsing ecmascript source code failed
  13 |         </section>
  14 |
> 15 |     </main>
     |       ^^^^
  16 |   )
  17 | }
  18 |

Expected corresponding JSX closing tag for <div> @ http://localhost:3000/_next/static/chunks/node_modules_next_dist_f3530cac._.js:3127
[  213461ms] [ERROR] ./app/(root)/catalogue/page.tsx:15:7
Parsing ecmascript source code failed
  13 |         </section>
  14 |
> 15 |     </main>
     |       ^^^^
  16 |   )
  17 | }
  18 |

Expected corresponding JSX closing tag for <div> @ http://localhost:3000/_next/static/chunks/node_modules_next_dist_f3530cac._.js:3127
[  213539ms] [ERROR] ./app/(root)/catalogue/page.tsx:15:7
Parsing ecmascript source code failed
  13 |         </section>
  14 |
> 15 |     </main>
     |       ^^^^
  16 |   )
  17 | }
  18 |

Expected corresponding JSX closing tag for <div> @ http://localhost:3000/_next/static/chunks/node_modules_next_dist_f3530cac._.js:3127
[  213617ms] [ERROR] ./app/(root)/catalogue/page.tsx:15:7
Parsing ecmascript source code failed
  13 |         </section>
  14 |
> 15 |     </main>
     |       ^^^^
  16 |   )
  17 | }
  18 |

Expected corresponding JSX closing tag for <div> @ http://localhost:3000/_next/static/chunks/node_modules_next_dist_f3530cac._.js:3127
[  213694ms] [ERROR] ./app/(root)/catalogue/page.tsx:15:7
Parsing ecmascript source code failed
  13 |         </section>
  14 |
> 15 |     </main>
     |       ^^^^
  16 |   )
  17 | }
  18 |

Expected corresponding JSX closing tag for <div> @ http://localhost:3000/_next/static/chunks/node_modules_next_dist_f3530cac._.js:3127
[  213770ms] [ERROR] ./app/(root)/catalogue/page.tsx:15:7
Parsing ecmascript source code failed
  13 |         </section>
  14 |
> 15 |     </main>
     |       ^^^^
  16 |   )
  17 | }
  18 |

Expected corresponding JSX closing tag for <div> @ http://localhost:3000/_next/static/chunks/node_modules_next_dist_f3530cac._.js:3127
[  213846ms] [ERROR] ./app/(root)/catalogue/page.tsx:15:7
Parsing ecmascript source code failed
  13 |         </section>
  14 |
> 15 |     </main>
     |       ^^^^
  16 |   )
  17 | }
  18 |

Expected corresponding JSX closing tag for <div> @ http://localhost:3000/_next/static/chunks/node_modules_next_dist_f3530cac._.js:3127
[  213924ms] [ERROR] ./app/(root)/catalogue/page.tsx:15:7
Parsing ecmascript source code failed
  13 |         </section>
  14 |
> 15 |     </main>
     |       ^^^^
  16 |   )
  17 | }
  18 |

Expected corresponding JSX closing tag for <div> @ http://localhost:3000/_next/static/chunks/node_modules_next_dist_f3530cac._.js:3127
[  213999ms] [ERROR] ./app/(root)/catalogue/page.tsx:15:7
Parsing ecmascript source code failed
  13 |         </section>
  14 |
> 15 |     </main>
     |       ^^^^
  16 |   )
  17 | }
  18 |

Expected corresponding JSX closing tag for <div> @ http://localhost:3000/_next/static/chunks/node_modules_next_dist_f3530cac._.js:3127
[  214078ms] [ERROR] ./app/(root)/catalogue/page.tsx:15:7
Parsing ecmascript source code failed
  13 |         </section>
  14 |
> 15 |     </main>
     |       ^^^^
  16 |   )
  17 | }
  18 |

Expected corresponding JSX closing tag for <div> @ http://localhost:3000/_next/static/chunks/node_modules_next_dist_f3530cac._.js:3127
[  214157ms] [ERROR] ./app/(root)/catalogue/page.tsx:15:7
Parsing ecmascript source code failed
  13 |         </section>
  14 |
> 15 |     </main>
     |       ^^^^
  16 |   )
  17 | }
  18 |

Expected corresponding JSX closing tag for <div> @ http://localhost:3000/_next/static/chunks/node_modules_next_dist_f3530cac._.js:3127
[  214234ms] [ERROR] ./app/(root)/catalogue/page.tsx:15:7
Parsing ecmascript source code failed
  13 |         </section>
  14 |
> 15 |     </main>
     |       ^^^^
  16 |   )
  17 | }
  18 |

Expected corresponding JSX closing tag for <div> @ http://localhost:3000/_next/static/chunks/node_modules_next_dist_f3530cac._.js:3127
[  214294ms] [ERROR] ./app/(root)/catalogue/page.tsx:15:7
Parsing ecmascript source code failed
  13 |         </section>
  14 |
> 15 |     </main>
     |       ^^^^
  16 |   )
  17 | }
  18 |

Expected corresponding JSX closing tag for <div> @ http://localhost:3000/_next/static/chunks/node_modules_next_dist_f3530cac._.js:3127
[  214357ms] [ERROR] ./app/(root)/catalogue/page.tsx:15:7
Parsing ecmascript source code failed
  13 |         </section>
  14 |
> 15 |     </main>
     |       ^^^^
  16 |   )
  17 | }
  18 |

Expected corresponding JSX closing tag for <div> @ http://localhost:3000/_next/static/chunks/node_modules_next_dist_f3530cac._.js:3127
[  214421ms] [ERROR] ./app/(root)/catalogue/page.tsx:15:7
Parsing ecmascript source code failed
  13 |         </section>
  14 |
> 15 |     </main>
     |       ^^^^
  16 |   )
  17 | }
  18 |

Expected corresponding JSX closing tag for <div> @ http://localhost:3000/_next/static/chunks/node_modules_next_dist_f3530cac._.js:3127
[  214485ms] [ERROR] ./app/(root)/catalogue/page.tsx:15:7
Parsing ecmascript source code failed
  13 |         </section>
  14 |
> 15 |     </main>
     |       ^^^^
  16 |   )
  17 | }
  18 |

Expected corresponding JSX closing tag for <div> @ http://localhost:3000/_next/static/chunks/node_modules_next_dist_f3530cac._.js:3127
[  214562ms] [ERROR] ./app/(root)/catalogue/page.tsx:15:7
Parsing ecmascript source code failed
  13 |         </section>
  14 |
> 15 |     </main>
     |       ^^^^
  16 |   )
  17 | }
  18 |

Expected corresponding JSX closing tag for <div> @ http://localhost:3000/_next/static/chunks/node_modules_next_dist_f3530cac._.js:3127
[  214626ms] [ERROR] ./app/(root)/catalogue/page.tsx:15:7
Parsing ecmascript source code failed
  13 |         </section>
  14 |
> 15 |     </main>
     |       ^^^^
  16 |   )
  17 | }
  18 |

Expected corresponding JSX closing tag for <div> @ http://localhost:3000/_next/static/chunks/node_modules_next_dist_f3530cac._.js:3127
[  214704ms] [ERROR] ./app/(root)/catalogue/page.tsx:15:7
Parsing ecmascript source code failed
  13 |         </section>
  14 |
> 15 |     </main>
     |       ^^^^
  16 |   )
  17 | }
  18 |

Expected corresponding JSX closing tag for <div> @ http://localhost:3000/_next/static/chunks/node_modules_next_dist_f3530cac._.js:3127
[  214780ms] [ERROR] ./app/(root)/catalogue/page.tsx:15:7
Parsing ecmascript source code failed
  13 |         </section>
  14 |
> 15 |     </main>
     |       ^^^^
  16 |   )
  17 | }
  18 |

Expected corresponding JSX closing tag for <div> @ http://localhost:3000/_next/static/chunks/node_modules_next_dist_f3530cac._.js:3127
[  214843ms] [ERROR] ./app/(root)/catalogue/page.tsx:15:7
Parsing ecmascript source code failed
  13 |         </section>
  14 |
> 15 |     </main>
     |       ^^^^
  16 |   )
  17 | }
  18 |

Expected corresponding JSX closing tag for <div> @ http://localhost:3000/_next/static/chunks/node_modules_next_dist_f3530cac._.js:3127
[  214921ms] [ERROR] ./app/(root)/catalogue/page.tsx:15:7
Parsing ecmascript source code failed
  13 |         </section>
  14 |
> 15 |     </main>
     |       ^^^^
  16 |   )
  17 | }
  18 |

Expected corresponding JSX closing tag for <div> @ http://localhost:3000/_next/static/chunks/node_modules_next_dist_f3530cac._.js:3127
[  215001ms] [ERROR] ./app/(root)/catalogue/page.tsx:15:7
Parsing ecmascript source code failed
  13 |         </section>
  14 |
> 15 |     </main>
     |       ^^^^
  16 |   )
  17 | }
  18 |

Expected corresponding JSX closing tag for <div> @ http://localhost:3000/_next/static/chunks/node_modules_next_dist_f3530cac._.js:3127
[  215077ms] [ERROR] ./app/(root)/catalogue/page.tsx:15:7
Parsing ecmascript source code failed
  13 |         </section>
  14 |
> 15 |     </main>
     |       ^^^^
  16 |   )
  17 | }
  18 |

Expected corresponding JSX closing tag for <div> @ http://localhost:3000/_next/static/chunks/node_modules_next_dist_f3530cac._.js:3127
[  215154ms] [ERROR] ./app/(root)/catalogue/page.tsx:15:7
Parsing ecmascript source code failed
  13 |         </section>
  14 |
> 15 |     </main>
     |       ^^^^
  16 |   )
  17 | }
  18 |

Expected corresponding JSX closing tag for <div> @ http://localhost:3000/_next/static/chunks/node_modules_next_dist_f3530cac._.js:3127
[  215233ms] [ERROR] ./app/(root)/catalogue/page.tsx:15:7
Parsing ecmascript source code failed
  13 |         </section>
  14 |
> 15 |     </main>
     |       ^^^^
  16 |   )
  17 | }
  18 |

Expected corresponding JSX closing tag for <div> @ http://localhost:3000/_next/static/chunks/node_modules_next_dist_f3530cac._.js:3127
[  215311ms] [ERROR] ./app/(root)/catalogue/page.tsx:15:7
Parsing ecmascript source code failed
  13 |         </section>
  14 |
> 15 |     </main>
     |       ^^^^
  16 |   )
  17 | }
  18 |

Expected corresponding JSX closing tag for <div> @ http://localhost:3000/_next/static/chunks/node_modules_next_dist_f3530cac._.js:3127
[  215386ms] [ERROR] ./app/(root)/catalogue/page.tsx:15:7
Parsing ecmascript source code failed
  13 |         </section>
  14 |
> 15 |     </main>
     |       ^^^^
  16 |   )
  17 | }
  18 |

Expected corresponding JSX closing tag for <div> @ http://localhost:3000/_next/static/chunks/node_modules_next_dist_f3530cac._.js:3127
[  215463ms] [ERROR] ./app/(root)/catalogue/page.tsx:15:7
Parsing ecmascript source code failed
  13 |         </section>
  14 |
> 15 |     </main>
     |       ^^^^
  16 |   )
  17 | }
  18 |

Expected corresponding JSX closing tag for <div> @ http://localhost:3000/_next/static/chunks/node_modules_next_dist_f3530cac._.js:3127
[  215540ms] [ERROR] ./app/(root)/catalogue/page.tsx:15:7
Parsing ecmascript source code failed
  13 |         </section>
  14 |
> 15 |     </main>
     |       ^^^^
  16 |   )
  17 | }
  18 |

Expected corresponding JSX closing tag for <div> @ http://localhost:3000/_next/static/chunks/node_modules_next_dist_f3530cac._.js:3127
[  215624ms] [ERROR] ./app/(root)/catalogue/page.tsx:15:7
Parsing ecmascript source code failed
  13 |         </section>
  14 |
> 15 |     </main>
     |       ^^^^
  16 |   )
  17 | }
  18 |

Expected corresponding JSX closing tag for <div> @ http://localhost:3000/_next/static/chunks/node_modules_next_dist_f3530cac._.js:3127
[  215697ms] [ERROR] ./app/(root)/catalogue/page.tsx:15:7
Parsing ecmascript source code failed
  13 |         </section>
  14 |
> 15 |     </main>
     |       ^^^^
  16 |   )
  17 | }
  18 |

Expected corresponding JSX closing tag for <div> @ http://localhost:3000/_next/static/chunks/node_modules_next_dist_f3530cac._.js:3127
[  215772ms] [ERROR] ./app/(root)/catalogue/page.tsx:15:7
Parsing ecmascript source code failed
  13 |         </section>
  14 |
> 15 |     </main>
     |       ^^^^
  16 |   )
  17 | }
  18 |

Expected corresponding JSX closing tag for <div> @ http://localhost:3000/_next/static/chunks/node_modules_next_dist_f3530cac._.js:3127
[  215836ms] [ERROR] ./app/(root)/catalogue/page.tsx:15:7
Parsing ecmascript source code failed
  13 |         </section>
  14 |
> 15 |     </main>
     |       ^^^^
  16 |   )
  17 | }
  18 |

Expected corresponding JSX closing tag for <div> @ http://localhost:3000/_next/static/chunks/node_modules_next_dist_f3530cac._.js:3127
[  215913ms] [ERROR] ./app/(root)/catalogue/page.tsx:15:7
Parsing ecmascript source code failed
  13 |         </section>
  14 |
> 15 |     </main>
     |       ^^^^
  16 |   )
  17 | }
  18 |

Expected corresponding JSX closing tag for <div> @ http://localhost:3000/_next/static/chunks/node_modules_next_dist_f3530cac._.js:3127
[  216008ms] [ERROR] ./app/(root)/catalogue/page.tsx:15:7
Parsing ecmascript source code failed
  13 |         </section>
  14 |
> 15 |     </main>
     |       ^^^^
  16 |   )
  17 | }
  18 |

Expected corresponding JSX closing tag for <div> @ http://localhost:3000/_next/static/chunks/node_modules_next_dist_f3530cac._.js:3127
[  216084ms] [ERROR] ./app/(root)/catalogue/page.tsx:15:7
Parsing ecmascript source code failed
  13 |         </section>
  14 |
> 15 |     </main>
     |       ^^^^
  16 |   )
  17 | }
  18 |

Expected corresponding JSX closing tag for <div> @ http://localhost:3000/_next/static/chunks/node_modules_next_dist_f3530cac._.js:3127
[  216147ms] [ERROR] ./app/(root)/catalogue/page.tsx:15:7
Parsing ecmascript source code failed
  13 |         </section>
  14 |
> 15 |     </main>
     |       ^^^^
  16 |   )
  17 | }
  18 |

Expected corresponding JSX closing tag for <div> @ http://localhost:3000/_next/static/chunks/node_modules_next_dist_f3530cac._.js:3127
[  216226ms] [ERROR] ./app/(root)/catalogue/page.tsx:15:7
Parsing ecmascript source code failed
  13 |         </section>
  14 |
> 15 |     </main>
     |       ^^^^
  16 |   )
  17 | }
  18 |

Expected corresponding JSX closing tag for <div> @ http://localhost:3000/_next/static/chunks/node_modules_next_dist_f3530cac._.js:3127
[  216302ms] [ERROR] ./app/(root)/catalogue/page.tsx:15:7
Parsing ecmascript source code failed
  13 |         </section>
  14 |
> 15 |     </main>
     |       ^^^^
  16 |   )
  17 | }
  18 |

Expected corresponding JSX closing tag for <div> @ http://localhost:3000/_next/static/chunks/node_modules_next_dist_f3530cac._.js:3127
[  216366ms] [ERROR] ./app/(root)/catalogue/page.tsx:15:7
Parsing ecmascript source code failed
  13 |         </section>
  14 |
> 15 |     </main>
     |       ^^^^
  16 |   )
  17 | }
  18 |

Expected corresponding JSX closing tag for <div> @ http://localhost:3000/_next/static/chunks/node_modules_next_dist_f3530cac._.js:3127
[  216448ms] [ERROR] ./app/(root)/catalogue/page.tsx:15:7
Parsing ecmascript source code failed
  13 |         </section>
  14 |
> 15 |     </main>
     |       ^^^^
  16 |   )
  17 | }
  18 |

Expected corresponding JSX closing tag for <div> @ http://localhost:3000/_next/static/chunks/node_modules_next_dist_f3530cac._.js:3127
[  216539ms] [ERROR] ./app/(root)/catalogue/page.tsx:15:7
Parsing ecmascript source code failed
  13 |         </section>
  14 |
> 15 |     </main>
     |       ^^^^
  16 |   )
  17 | }
  18 |

Expected corresponding JSX closing tag for <div> @ http://localhost:3000/_next/static/chunks/node_modules_next_dist_f3530cac._.js:3127
[  216614ms] [ERROR] ./app/(root)/catalogue/page.tsx:15:7
Parsing ecmascript source code failed
  13 |         </section>
  14 |
> 15 |     </main>
     |       ^^^^
  16 |   )
  17 | }
  18 |

Expected corresponding JSX closing tag for <div> @ http://localhost:3000/_next/static/chunks/node_modules_next_dist_f3530cac._.js:3127
[  216691ms] [ERROR] ./app/(root)/catalogue/page.tsx:15:7
Parsing ecmascript source code failed
  13 |         </section>
  14 |
> 15 |     </main>
     |       ^^^^
  16 |   )
  17 | }
  18 |

Expected corresponding JSX closing tag for <div> @ http://localhost:3000/_next/static/chunks/node_modules_next_dist_f3530cac._.js:3127
[  216768ms] [ERROR] ./app/(root)/catalogue/page.tsx:15:7
Parsing ecmascript source code failed
  13 |         </section>
  14 |
> 15 |     </main>
     |       ^^^^
  16 |   )
  17 | }
  18 |

Expected corresponding JSX closing tag for <div> @ http://localhost:3000/_next/static/chunks/node_modules_next_dist_f3530cac._.js:3127
[  216847ms] [ERROR] ./app/(root)/catalogue/page.tsx:15:7
Parsing ecmascript source code failed
  13 |         </section>
  14 |
> 15 |     </main>
     |       ^^^^
  16 |   )
  17 | }
  18 |

Expected corresponding JSX closing tag for <div> @ http://localhost:3000/_next/static/chunks/node_modules_next_dist_f3530cac._.js:3127
[  216925ms] [ERROR] ./app/(root)/catalogue/page.tsx:15:7
Parsing ecmascript source code failed
  13 |         </section>
  14 |
> 15 |     </main>
     |       ^^^^
  16 |   )
  17 | }
  18 |

Expected corresponding JSX closing tag for <div> @ http://localhost:3000/_next/static/chunks/node_modules_next_dist_f3530cac._.js:3127
[  217001ms] [ERROR] ./app/(root)/catalogue/page.tsx:15:7
Parsing ecmascript source code failed
  13 |         </section>
  14 |
> 15 |     </main>
     |       ^^^^
  16 |   )
  17 | }
  18 |

Expected corresponding JSX closing tag for <div> @ http://localhost:3000/_next/static/chunks/node_modules_next_dist_f3530cac._.js:3127
[  217080ms] [ERROR] ./app/(root)/catalogue/page.tsx:15:7
Parsing ecmascript source code failed
  13 |         </section>
  14 |
> 15 |     </main>
     |       ^^^^
  16 |   )
  17 | }
  18 |

Expected corresponding JSX closing tag for <div> @ http://localhost:3000/_next/static/chunks/node_modules_next_dist_f3530cac._.js:3127
[  217159ms] [ERROR] ./app/(root)/catalogue/page.tsx:15:7
Parsing ecmascript source code failed
  13 |         </section>
  14 |
> 15 |     </main>
     |       ^^^^
  16 |   )
  17 | }
  18 |

Expected corresponding JSX closing tag for <div> @ http://localhost:3000/_next/static/chunks/node_modules_next_dist_f3530cac._.js:3127
[  217237ms] [ERROR] ./app/(root)/catalogue/page.tsx:15:7
Parsing ecmascript source code failed
  13 |         </section>
  14 |
> 15 |     </main>
     |       ^^^^
  16 |   )
  17 | }
  18 |

Expected corresponding JSX closing tag for <div> @ http://localhost:3000/_next/static/chunks/node_modules_next_dist_f3530cac._.js:3127
[  217315ms] [ERROR] ./app/(root)/catalogue/page.tsx:15:7
Parsing ecmascript source code failed
  13 |         </section>
  14 |
> 15 |     </main>
     |       ^^^^
  16 |   )
  17 | }
  18 |

Expected corresponding JSX closing tag for <div> @ http://localhost:3000/_next/static/chunks/node_modules_next_dist_f3530cac._.js:3127
[  217391ms] [ERROR] ./app/(root)/catalogue/page.tsx:15:7
Parsing ecmascript source code failed
  13 |         </section>
  14 |
> 15 |     </main>
     |       ^^^^
  16 |   )
  17 | }
  18 |

Expected corresponding JSX closing tag for <div> @ http://localhost:3000/_next/static/chunks/node_modules_next_dist_f3530cac._.js:3127
[  217456ms] [ERROR] ./app/(root)/catalogue/page.tsx:15:7
Parsing ecmascript source code failed
  13 |         </section>
  14 |
> 15 |     </main>
     |       ^^^^
  16 |   )
  17 | }
  18 |

Expected corresponding JSX closing tag for <div> @ http://localhost:3000/_next/static/chunks/node_modules_next_dist_f3530cac._.js:3127
[  217534ms] [ERROR] ./app/(root)/catalogue/page.tsx:15:7
Parsing ecmascript source code failed
  13 |         </section>
  14 |
> 15 |     </main>
     |       ^^^^
  16 |   )
  17 | }
  18 |

Expected corresponding JSX closing tag for <div> @ http://localhost:3000/_next/static/chunks/node_modules_next_dist_f3530cac._.js:3127
[  217611ms] [ERROR] ./app/(root)/catalogue/page.tsx:15:7
Parsing ecmascript source code failed
  13 |         </section>
  14 |
> 15 |     </main>
     |       ^^^^
  16 |   )
  17 | }
  18 |

Expected corresponding JSX closing tag for <div> @ http://localhost:3000/_next/static/chunks/node_modules_next_dist_f3530cac._.js:3127
[  217673ms] [ERROR] ./app/(root)/catalogue/page.tsx:15:7
Parsing ecmascript source code failed
  13 |         </section>
  14 |
> 15 |     </main>
     |       ^^^^
  16 |   )
  17 | }
  18 |

Expected corresponding JSX closing tag for <div> @ http://localhost:3000/_next/static/chunks/node_modules_next_dist_f3530cac._.js:3127
[  217751ms] [ERROR] ./app/(root)/catalogue/page.tsx:15:7
Parsing ecmascript source code failed
  13 |         </section>
  14 |
> 15 |     </main>
     |       ^^^^
  16 |   )
  17 | }
  18 |

Expected corresponding JSX closing tag for <div> @ http://localhost:3000/_next/static/chunks/node_modules_next_dist_f3530cac._.js:3127
[  217829ms] [ERROR] ./app/(root)/catalogue/page.tsx:15:7
Parsing ecmascript source code failed
  13 |         </section>
  14 |
> 15 |     </main>
     |       ^^^^
  16 |   )
  17 | }
  18 |

Expected corresponding JSX closing tag for <div> @ http://localhost:3000/_next/static/chunks/node_modules_next_dist_f3530cac._.js:3127
[  217906ms] [ERROR] ./app/(root)/catalogue/page.tsx:15:7
Parsing ecmascript source code failed
  13 |         </section>
  14 |
> 15 |     </main>
     |       ^^^^
  16 |   )
  17 | }
  18 |

Expected corresponding JSX closing tag for <div> @ http://localhost:3000/_next/static/chunks/node_modules_next_dist_f3530cac._.js:3127
[  217985ms] [ERROR] ./app/(root)/catalogue/page.tsx:15:7
Parsing ecmascript source code failed
  13 |         </section>
  14 |
> 15 |     </main>
     |       ^^^^
  16 |   )
  17 | }
  18 |

Expected corresponding JSX closing tag for <div> @ http://localhost:3000/_next/static/chunks/node_modules_next_dist_f3530cac._.js:3127
[  218063ms] [ERROR] ./app/(root)/catalogue/page.tsx:15:7
Parsing ecmascript source code failed
  13 |         </section>
  14 |
> 15 |     </main>
     |       ^^^^
  16 |   )
  17 | }
  18 |

Expected corresponding JSX closing tag for <div> @ http://localhost:3000/_next/static/chunks/node_modules_next_dist_f3530cac._.js:3127
[  218141ms] [ERROR] ./app/(root)/catalogue/page.tsx:15:7
Parsing ecmascript source code failed
  13 |         </section>
  14 |
> 15 |     </main>
     |       ^^^^
  16 |   )
  17 | }
  18 |

Expected corresponding JSX closing tag for <div> @ http://localhost:3000/_next/static/chunks/node_modules_next_dist_f3530cac._.js:3127
[  218218ms] [ERROR] ./app/(root)/catalogue/page.tsx:15:7
Parsing ecmascript source code failed
  13 |         </section>
  14 |
> 15 |     </main>
     |       ^^^^
  16 |   )
  17 | }
  18 |

Expected corresponding JSX closing tag for <div> @ http://localhost:3000/_next/static/chunks/node_modules_next_dist_f3530cac._.js:3127
[  218297ms] [ERROR] ./app/(root)/catalogue/page.tsx:15:7
Parsing ecmascript source code failed
  13 |         </section>
  14 |
> 15 |     </main>
     |       ^^^^
  16 |   )
  17 | }
  18 |

Expected corresponding JSX closing tag for <div> @ http://localhost:3000/_next/static/chunks/node_modules_next_dist_f3530cac._.js:3127
[  218373ms] [ERROR] ./app/(root)/catalogue/page.tsx:15:7
Parsing ecmascript source code failed
  13 |         </section>
  14 |
> 15 |     </main>
     |       ^^^^
  16 |   )
  17 | }
  18 |

Expected corresponding JSX closing tag for <div> @ http://localhost:3000/_next/static/chunks/node_modules_next_dist_f3530cac._.js:3127
[  218449ms] [ERROR] ./app/(root)/catalogue/page.tsx:15:7
Parsing ecmascript source code failed
  13 |         </section>
  14 |
> 15 |     </main>
     |       ^^^^
  16 |   )
  17 | }
  18 |

Expected corresponding JSX closing tag for <div> @ http://localhost:3000/_next/static/chunks/node_modules_next_dist_f3530cac._.js:3127
[  218513ms] [ERROR] ./app/(root)/catalogue/page.tsx:15:7
Parsing ecmascript source code failed
  13 |         </section>
  14 |
> 15 |     </main>
     |       ^^^^
  16 |   )
  17 | }
  18 |

Expected corresponding JSX closing tag for <div> @ http://localhost:3000/_next/static/chunks/node_modules_next_dist_f3530cac._.js:3127
[  218592ms] [ERROR] ./app/(root)/catalogue/page.tsx:15:7
Parsing ecmascript source code failed
  13 |         </section>
  14 |
> 15 |     </main>
     |       ^^^^
  16 |   )
  17 | }
  18 |

Expected corresponding JSX closing tag for <div> @ http://localhost:3000/_next/static/chunks/node_modules_next_dist_f3530cac._.js:3127
[  218668ms] [ERROR] ./app/(root)/catalogue/page.tsx:15:7
Parsing ecmascript source code failed
  13 |         </section>
  14 |
> 15 |     </main>
     |       ^^^^
  16 |   )
  17 | }
  18 |

Expected corresponding JSX closing tag for <div> @ http://localhost:3000/_next/static/chunks/node_modules_next_dist_f3530cac._.js:3127
[  218747ms] [ERROR] ./app/(root)/catalogue/page.tsx:15:7
Parsing ecmascript source code failed
  13 |         </section>
  14 |
> 15 |     </main>
     |       ^^^^
  16 |   )
  17 | }
  18 |

Expected corresponding JSX closing tag for <div> @ http://localhost:3000/_next/static/chunks/node_modules_next_dist_f3530cac._.js:3127
[  218824ms] [ERROR] ./app/(root)/catalogue/page.tsx:15:7
Parsing ecmascript source code failed
  13 |         </section>
  14 |
> 15 |     </main>
     |       ^^^^
  16 |   )
  17 | }
  18 |

Expected corresponding JSX closing tag for <div> @ http://localhost:3000/_next/static/chunks/node_modules_next_dist_f3530cac._.js:3127
[  218902ms] [ERROR] ./app/(root)/catalogue/page.tsx:15:7
Parsing ecmascript source code failed
  13 |         </section>
  14 |
> 15 |     </main>
     |       ^^^^
  16 |   )
  17 | }
  18 |

Expected corresponding JSX closing tag for <div> @ http://localhost:3000/_next/static/chunks/node_modules_next_dist_f3530cac._.js:3127
[  218965ms] [ERROR] ./app/(root)/catalogue/page.tsx:15:7
Parsing ecmascript source code failed
  13 |         </section>
  14 |
> 15 |     </main>
     |       ^^^^
  16 |   )
  17 | }
  18 |

Expected corresponding JSX closing tag for <div> @ http://localhost:3000/_next/static/chunks/node_modules_next_dist_f3530cac._.js:3127
[  219041ms] [ERROR] ./app/(root)/catalogue/page.tsx:15:7
Parsing ecmascript source code failed
  13 |         </section>
  14 |
> 15 |     </main>
     |       ^^^^
  16 |   )
  17 | }
  18 |

Expected corresponding JSX closing tag for <div> @ http://localhost:3000/_next/static/chunks/node_modules_next_dist_f3530cac._.js:3127
[  219105ms] [ERROR] ./app/(root)/catalogue/page.tsx:15:7
Parsing ecmascript source code failed
  13 |         </section>
  14 |
> 15 |     </main>
     |       ^^^^
  16 |   )
  17 | }
  18 |

Expected corresponding JSX closing tag for <div> @ http://localhost:3000/_next/static/chunks/node_modules_next_dist_f3530cac._.js:3127
[  219184ms] [ERROR] ./app/(root)/catalogue/page.tsx:15:7
Parsing ecmascript source code failed
  13 |         </section>
  14 |
> 15 |     </main>
     |       ^^^^
  16 |   )
  17 | }
  18 |

Expected corresponding JSX closing tag for <div> @ http://localhost:3000/_next/static/chunks/node_modules_next_dist_f3530cac._.js:3127
[  219261ms] [ERROR] ./app/(root)/catalogue/page.tsx:15:7
Parsing ecmascript source code failed
  13 |         </section>
  14 |
> 15 |     </main>
     |       ^^^^
  16 |   )
  17 | }
  18 |

Expected corresponding JSX closing tag for <div> @ http://localhost:3000/_next/static/chunks/node_modules_next_dist_f3530cac._.js:3127
[  219323ms] [ERROR] ./app/(root)/catalogue/page.tsx:15:7
Parsing ecmascript source code failed
  13 |         </section>
  14 |
> 15 |     </main>
     |       ^^^^
  16 |   )
  17 | }
  18 |

Expected corresponding JSX closing tag for <div> @ http://localhost:3000/_next/static/chunks/node_modules_next_dist_f3530cac._.js:3127
[  219400ms] [ERROR] ./app/(root)/catalogue/page.tsx:15:7
Parsing ecmascript source code failed
  13 |         </section>
  14 |
> 15 |     </main>
     |       ^^^^
  16 |   )
  17 | }
  18 |

Expected corresponding JSX closing tag for <div> @ http://localhost:3000/_next/static/chunks/node_modules_next_dist_f3530cac._.js:3127
[  219478ms] [ERROR] ./app/(root)/catalogue/page.tsx:15:7
Parsing ecmascript source code failed
  13 |         </section>
  14 |
> 15 |     </main>
     |       ^^^^
  16 |   )
  17 | }
  18 |

Expected corresponding JSX closing tag for <div> @ http://localhost:3000/_next/static/chunks/node_modules_next_dist_f3530cac._.js:3127
[  219554ms] [ERROR] ./app/(root)/catalogue/page.tsx:15:7
Parsing ecmascript source code failed
  13 |         </section>
  14 |
> 15 |     </main>
     |       ^^^^
  16 |   )
  17 | }
  18 |

Expected corresponding JSX closing tag for <div> @ http://localhost:3000/_next/static/chunks/node_modules_next_dist_f3530cac._.js:3127
[  219617ms] [ERROR] ./app/(root)/catalogue/page.tsx:15:7
Parsing ecmascript source code failed
  13 |         </section>
  14 |
> 15 |     </main>
     |       ^^^^
  16 |   )
  17 | }
  18 |

Expected corresponding JSX closing tag for <div> @ http://localhost:3000/_next/static/chunks/node_modules_next_dist_f3530cac._.js:3127
[  219693ms] [ERROR] ./app/(root)/catalogue/page.tsx:15:7
Parsing ecmascript source code failed
  13 |         </section>
  14 |
> 15 |     </main>
     |       ^^^^
  16 |   )
  17 | }
  18 |

Expected corresponding JSX closing tag for <div> @ http://localhost:3000/_next/static/chunks/node_modules_next_dist_f3530cac._.js:3127
[  219755ms] [ERROR] ./app/(root)/catalogue/page.tsx:15:7
Parsing ecmascript source code failed
  13 |         </section>
  14 |
> 15 |     </main>
     |       ^^^^
  16 |   )
  17 | }
  18 |

Expected corresponding JSX closing tag for <div> @ http://localhost:3000/_next/static/chunks/node_modules_next_dist_f3530cac._.js:3127
[  219832ms] [ERROR] ./app/(root)/catalogue/page.tsx:15:7
Parsing ecmascript source code failed
  13 |         </section>
  14 |
> 15 |     </main>
     |       ^^^^
  16 |   )
  17 | }
  18 |

Expected corresponding JSX closing tag for <div> @ http://localhost:3000/_next/static/chunks/node_modules_next_dist_f3530cac._.js:3127
[  219914ms] [ERROR] ./app/(root)/catalogue/page.tsx:15:7
Parsing ecmascript source code failed
  13 |         </section>
  14 |
> 15 |     </main>
     |       ^^^^
  16 |   )
  17 | }
  18 |

Expected corresponding JSX closing tag for <div> @ http://localhost:3000/_next/static/chunks/node_modules_next_dist_f3530cac._.js:3127
[  219992ms] [ERROR] ./app/(root)/catalogue/page.tsx:15:7
Parsing ecmascript source code failed
  13 |         </section>
  14 |
> 15 |     </main>
     |       ^^^^
  16 |   )
  17 | }
  18 |

Expected corresponding JSX closing tag for <div> @ http://localhost:3000/_next/static/chunks/node_modules_next_dist_f3530cac._.js:3127
[  220068ms] [ERROR] ./app/(root)/catalogue/page.tsx:15:7
Parsing ecmascript source code failed
  13 |         </section>
  14 |
> 15 |     </main>
     |       ^^^^
  16 |   )
  17 | }
  18 |

Expected corresponding JSX closing tag for <div> @ http://localhost:3000/_next/static/chunks/node_modules_next_dist_f3530cac._.js:3127
[  220144ms] [ERROR] ./app/(root)/catalogue/page.tsx:15:7
Parsing ecmascript source code failed
  13 |         </section>
  14 |
> 15 |     </main>
     |       ^^^^
  16 |   )
  17 | }
  18 |

Expected corresponding JSX closing tag for <div> @ http://localhost:3000/_next/static/chunks/node_modules_next_dist_f3530cac._.js:3127
[  220221ms] [ERROR] ./app/(root)/catalogue/page.tsx:15:7
Parsing ecmascript source code failed
  13 |         </section>
  14 |
> 15 |     </main>
     |       ^^^^
  16 |   )
  17 | }
  18 |

Expected corresponding JSX closing tag for <div> @ http://localhost:3000/_next/static/chunks/node_modules_next_dist_f3530cac._.js:3127
[  220302ms] [ERROR] ./app/(root)/catalogue/page.tsx:15:7
Parsing ecmascript source code failed
  13 |         </section>
  14 |
> 15 |     </main>
     |       ^^^^
  16 |   )
  17 | }
  18 |

Expected corresponding JSX closing tag for <div> @ http://localhost:3000/_next/static/chunks/node_modules_next_dist_f3530cac._.js:3127
[  220375ms] [ERROR] ./app/(root)/catalogue/page.tsx:15:7
Parsing ecmascript source code failed
  13 |         </section>
  14 |
> 15 |     </main>
     |       ^^^^
  16 |   )
  17 | }
  18 |

Expected corresponding JSX closing tag for <div> @ http://localhost:3000/_next/static/chunks/node_modules_next_dist_f3530cac._.js:3127
[  220454ms] [ERROR] ./app/(root)/catalogue/page.tsx:15:7
Parsing ecmascript source code failed
  13 |         </section>
  14 |
> 15 |     </main>
     |       ^^^^
  16 |   )
  17 | }
  18 |

Expected corresponding JSX closing tag for <div> @ http://localhost:3000/_next/static/chunks/node_modules_next_dist_f3530cac._.js:3127
[  220531ms] [ERROR] ./app/(root)/catalogue/page.tsx:15:7
Parsing ecmascript source code failed
  13 |         </section>
  14 |
> 15 |     </main>
     |       ^^^^
  16 |   )
  17 | }
  18 |

Expected corresponding JSX closing tag for <div> @ http://localhost:3000/_next/static/chunks/node_modules_next_dist_f3530cac._.js:3127
[  220606ms] [ERROR] ./app/(root)/catalogue/page.tsx:15:7
Parsing ecmascript source code failed
  13 |         </section>
  14 |
> 15 |     </main>
     |       ^^^^
  16 |   )
  17 | }
  18 |

Expected corresponding JSX closing tag for <div> @ http://localhost:3000/_next/static/chunks/node_modules_next_dist_f3530cac._.js:3127
[  220686ms] [ERROR] ./app/(root)/catalogue/page.tsx:15:7
Parsing ecmascript source code failed
  13 |         </section>
  14 |
> 15 |     </main>
     |       ^^^^
  16 |   )
  17 | }
  18 |

Expected corresponding JSX closing tag for <div> @ http://localhost:3000/_next/static/chunks/node_modules_next_dist_f3530cac._.js:3127
[  220763ms] [ERROR] ./app/(root)/catalogue/page.tsx:15:7
Parsing ecmascript source code failed
  13 |         </section>
  14 |
> 15 |     </main>
     |       ^^^^
  16 |   )
  17 | }
  18 |

Expected corresponding JSX closing tag for <div> @ http://localhost:3000/_next/static/chunks/node_modules_next_dist_f3530cac._.js:3127
[  220841ms] [ERROR] ./app/(root)/catalogue/page.tsx:15:7
Parsing ecmascript source code failed
  13 |         </section>
  14 |
> 15 |     </main>
     |       ^^^^
  16 |   )
  17 | }
  18 |

Expected corresponding JSX closing tag for <div> @ http://localhost:3000/_next/static/chunks/node_modules_next_dist_f3530cac._.js:3127
[  220920ms] [ERROR] ./app/(root)/catalogue/page.tsx:15:7
Parsing ecmascript source code failed
  13 |         </section>
  14 |
> 15 |     </main>
     |       ^^^^
  16 |   )
  17 | }
  18 |

Expected corresponding JSX closing tag for <div> @ http://localhost:3000/_next/static/chunks/node_modules_next_dist_f3530cac._.js:3127
[  220996ms] [ERROR] ./app/(root)/catalogue/page.tsx:15:7
Parsing ecmascript source code failed
  13 |         </section>
  14 |
> 15 |     </main>
     |       ^^^^
  16 |   )
  17 | }
  18 |

Expected corresponding JSX closing tag for <div> @ http://localhost:3000/_next/static/chunks/node_modules_next_dist_f3530cac._.js:3127
[  221061ms] [ERROR] ./app/(root)/catalogue/page.tsx:15:7
Parsing ecmascript source code failed
  13 |         </section>
  14 |
> 15 |     </main>
     |       ^^^^
  16 |   )
  17 | }
  18 |

Expected corresponding JSX closing tag for <div> @ http://localhost:3000/_next/static/chunks/node_modules_next_dist_f3530cac._.js:3127
[  221139ms] [ERROR] ./app/(root)/catalogue/page.tsx:15:7
Parsing ecmascript source code failed
  13 |         </section>
  14 |
> 15 |     </main>
     |       ^^^^
  16 |   )
  17 | }
  18 |

Expected corresponding JSX closing tag for <div> @ http://localhost:3000/_next/static/chunks/node_modules_next_dist_f3530cac._.js:3127
[  221217ms] [ERROR] ./app/(root)/catalogue/page.tsx:15:7
Parsing ecmascript source code failed
  13 |         </section>
  14 |
> 15 |     </main>
     |       ^^^^
  16 |   )
  17 | }
  18 |

Expected corresponding JSX closing tag for <div> @ http://localhost:3000/_next/static/chunks/node_modules_next_dist_f3530cac._.js:3127
[  221280ms] [ERROR] ./app/(root)/catalogue/page.tsx:15:7
Parsing ecmascript source code failed
  13 |         </section>
  14 |
> 15 |     </main>
     |       ^^^^
  16 |   )
  17 | }
  18 |

Expected corresponding JSX closing tag for <div> @ http://localhost:3000/_next/static/chunks/node_modules_next_dist_f3530cac._.js:3127
[  221342ms] [ERROR] ./app/(root)/catalogue/page.tsx:15:7
Parsing ecmascript source code failed
  13 |         </section>
  14 |
> 15 |     </main>
     |       ^^^^
  16 |   )
  17 | }
  18 |

Expected corresponding JSX closing tag for <div> @ http://localhost:3000/_next/static/chunks/node_modules_next_dist_f3530cac._.js:3127
[  221422ms] [ERROR] ./app/(root)/catalogue/page.tsx:15:7
Parsing ecmascript source code failed
  13 |         </section>
  14 |
> 15 |     </main>
     |       ^^^^
  16 |   )
  17 | }
  18 |

Expected corresponding JSX closing tag for <div> @ http://localhost:3000/_next/static/chunks/node_modules_next_dist_f3530cac._.js:3127
[  221515ms] [ERROR] ./app/(root)/catalogue/page.tsx:15:7
Parsing ecmascript source code failed
  13 |         </section>
  14 |
> 15 |     </main>
     |       ^^^^
  16 |   )
  17 | }
  18 |

Expected corresponding JSX closing tag for <div> @ http://localhost:3000/_next/static/chunks/node_modules_next_dist_f3530cac._.js:3127
[  221591ms] [ERROR] ./app/(root)/catalogue/page.tsx:15:7
Parsing ecmascript source code failed
  13 |         </section>
  14 |
> 15 |     </main>
     |       ^^^^
  16 |   )
  17 | }
  18 |

Expected corresponding JSX closing tag for <div> @ http://localhost:3000/_next/static/chunks/node_modules_next_dist_f3530cac._.js:3127
[  221668ms] [ERROR] ./app/(root)/catalogue/page.tsx:15:7
Parsing ecmascript source code failed
  13 |         </section>
  14 |
> 15 |     </main>
     |       ^^^^
  16 |   )
  17 | }
  18 |

Expected corresponding JSX closing tag for <div> @ http://localhost:3000/_next/static/chunks/node_modules_next_dist_f3530cac._.js:3127
[  221747ms] [ERROR] ./app/(root)/catalogue/page.tsx:15:7
Parsing ecmascript source code failed
  13 |         </section>
  14 |
> 15 |     </main>
     |       ^^^^
  16 |   )
  17 | }
  18 |

Expected corresponding JSX closing tag for <div> @ http://localhost:3000/_next/static/chunks/node_modules_next_dist_f3530cac._.js:3127
[  221822ms] [ERROR] ./app/(root)/catalogue/page.tsx:15:7
Parsing ecmascript source code failed
  13 |         </section>
  14 |
> 15 |     </main>
     |       ^^^^
  16 |   )
  17 | }
  18 |

Expected corresponding JSX closing tag for <div> @ http://localhost:3000/_next/static/chunks/node_modules_next_dist_f3530cac._.js:3127
[  221885ms] [ERROR] ./app/(root)/catalogue/page.tsx:15:7
Parsing ecmascript source code failed
  13 |         </section>
  14 |
> 15 |     </main>
     |       ^^^^
  16 |   )
  17 | }
  18 |

Expected corresponding JSX closing tag for <div> @ http://localhost:3000/_next/static/chunks/node_modules_next_dist_f3530cac._.js:3127
[  221964ms] [ERROR] ./app/(root)/catalogue/page.tsx:15:7
Parsing ecmascript source code failed
  13 |         </section>
  14 |
> 15 |     </main>
     |       ^^^^
  16 |   )
  17 | }
  18 |

Expected corresponding JSX closing tag for <div> @ http://localhost:3000/_next/static/chunks/node_modules_next_dist_f3530cac._.js:3127
[  222040ms] [ERROR] ./app/(root)/catalogue/page.tsx:15:7
Parsing ecmascript source code failed
  13 |         </section>
  14 |
> 15 |     </main>
     |       ^^^^
  16 |   )
  17 | }
  18 |

Expected corresponding JSX closing tag for <div> @ http://localhost:3000/_next/static/chunks/node_modules_next_dist_f3530cac._.js:3127
[  222100ms] [ERROR] ./app/(root)/catalogue/page.tsx:15:7
Parsing ecmascript source code failed
  13 |         </section>
  14 |
> 15 |     </main>
     |       ^^^^
  16 |   )
  17 | }
  18 |

Expected corresponding JSX closing tag for <div> @ http://localhost:3000/_next/static/chunks/node_modules_next_dist_f3530cac._.js:3127
[  222180ms] [ERROR] ./app/(root)/catalogue/page.tsx:15:7
Parsing ecmascript source code failed
  13 |         </section>
  14 |
> 15 |     </main>
     |       ^^^^
  16 |   )
  17 | }
  18 |

Expected corresponding JSX closing tag for <div> @ http://localhost:3000/_next/static/chunks/node_modules_next_dist_f3530cac._.js:3127
[  222271ms] [ERROR] ./app/(root)/catalogue/page.tsx:15:7
Parsing ecmascript source code failed
  13 |         </section>
  14 |
> 15 |     </main>
     |       ^^^^
  16 |   )
  17 | }
  18 |

Expected corresponding JSX closing tag for <div> @ http://localhost:3000/_next/static/chunks/node_modules_next_dist_f3530cac._.js:3127
[  222348ms] [ERROR] ./app/(root)/catalogue/page.tsx:15:7
Parsing ecmascript source code failed
  13 |         </section>
  14 |
> 15 |     </main>
     |       ^^^^
  16 |   )
  17 | }
  18 |

Expected corresponding JSX closing tag for <div> @ http://localhost:3000/_next/static/chunks/node_modules_next_dist_f3530cac._.js:3127
[  222412ms] [ERROR] ./app/(root)/catalogue/page.tsx:15:7
Parsing ecmascript source code failed
  13 |         </section>
  14 |
> 15 |     </main>
     |       ^^^^
  16 |   )
  17 | }
  18 |

Expected corresponding JSX closing tag for <div> @ http://localhost:3000/_next/static/chunks/node_modules_next_dist_f3530cac._.js:3127
[  222488ms] [ERROR] ./app/(root)/catalogue/page.tsx:15:7
Parsing ecmascript source code failed
  13 |         </section>
  14 |
> 15 |     </main>
     |       ^^^^
  16 |   )
  17 | }
  18 |

Expected corresponding JSX closing tag for <div> @ http://localhost:3000/_next/static/chunks/node_modules_next_dist_f3530cac._.js:3127
[  222579ms] [ERROR] ./app/(root)/catalogue/page.tsx:15:7
Parsing ecmascript source code failed
  13 |         </section>
  14 |
> 15 |     </main>
     |       ^^^^
  16 |   )
  17 | }
  18 |

Expected corresponding JSX closing tag for <div> @ http://localhost:3000/_next/static/chunks/node_modules_next_dist_f3530cac._.js:3127
[  222670ms] [ERROR] ./app/(root)/catalogue/page.tsx:15:7
Parsing ecmascript source code failed
  13 |         </section>
  14 |
> 15 |     </main>
     |       ^^^^
  16 |   )
  17 | }
  18 |

Expected corresponding JSX closing tag for <div> @ http://localhost:3000/_next/static/chunks/node_modules_next_dist_f3530cac._.js:3127
[  222749ms] [ERROR] ./app/(root)/catalogue/page.tsx:15:7
Parsing ecmascript source code failed
  13 |         </section>
  14 |
> 15 |     </main>
     |       ^^^^
  16 |   )
  17 | }
  18 |

Expected corresponding JSX closing tag for <div> @ http://localhost:3000/_next/static/chunks/node_modules_next_dist_f3530cac._.js:3127
[  222827ms] [ERROR] ./app/(root)/catalogue/page.tsx:15:7
Parsing ecmascript source code failed
  13 |         </section>
  14 |
> 15 |     </main>
     |       ^^^^
  16 |   )
  17 | }
  18 |

Expected corresponding JSX closing tag for <div> @ http://localhost:3000/_next/static/chunks/node_modules_next_dist_f3530cac._.js:3127
[  222905ms] [ERROR] ./app/(root)/catalogue/page.tsx:15:7
Parsing ecmascript source code failed
  13 |         </section>
  14 |
> 15 |     </main>
     |       ^^^^
  16 |   )
  17 | }
  18 |

Expected corresponding JSX closing tag for <div> @ http://localhost:3000/_next/static/chunks/node_modules_next_dist_f3530cac._.js:3127
[  222984ms] [ERROR] ./app/(root)/catalogue/page.tsx:15:7
Parsing ecmascript source code failed
  13 |         </section>
  14 |
> 15 |     </main>
     |       ^^^^
  16 |   )
  17 | }
  18 |

Expected corresponding JSX closing tag for <div> @ http://localhost:3000/_next/static/chunks/node_modules_next_dist_f3530cac._.js:3127
[  223062ms] [ERROR] ./app/(root)/catalogue/page.tsx:15:7
Parsing ecmascript source code failed
  13 |         </section>
  14 |
> 15 |     </main>
     |       ^^^^
  16 |   )
  17 | }
  18 |

Expected corresponding JSX closing tag for <div> @ http://localhost:3000/_next/static/chunks/node_modules_next_dist_f3530cac._.js:3127
[  223140ms] [ERROR] ./app/(root)/catalogue/page.tsx:15:7
Parsing ecmascript source code failed
  13 |         </section>
  14 |
> 15 |     </main>
     |       ^^^^
  16 |   )
  17 | }
  18 |

Expected corresponding JSX closing tag for <div> @ http://localhost:3000/_next/static/chunks/node_modules_next_dist_f3530cac._.js:3127
[  223216ms] [ERROR] ./app/(root)/catalogue/page.tsx:15:7
Parsing ecmascript source code failed
  13 |         </section>
  14 |
> 15 |     </main>
     |       ^^^^
  16 |   )
  17 | }
  18 |

Expected corresponding JSX closing tag for <div> @ http://localhost:3000/_next/static/chunks/node_modules_next_dist_f3530cac._.js:3127
[  223295ms] [ERROR] ./app/(root)/catalogue/page.tsx:15:7
Parsing ecmascript source code failed
  13 |         </section>
  14 |
> 15 |     </main>
     |       ^^^^
  16 |   )
  17 | }
  18 |

Expected corresponding JSX closing tag for <div> @ http://localhost:3000/_next/static/chunks/node_modules_next_dist_f3530cac._.js:3127
[  223370ms] [ERROR] ./app/(root)/catalogue/page.tsx:15:7
Parsing ecmascript source code failed
  13 |         </section>
  14 |
> 15 |     </main>
     |       ^^^^
  16 |   )
  17 | }
  18 |

Expected corresponding JSX closing tag for <div> @ http://localhost:3000/_next/static/chunks/node_modules_next_dist_f3530cac._.js:3127
[  223448ms] [ERROR] ./app/(root)/catalogue/page.tsx:15:7
Parsing ecmascript source code failed
  13 |         </section>
  14 |
> 15 |     </main>
     |       ^^^^
  16 |   )
  17 | }
  18 |

Expected corresponding JSX closing tag for <div> @ http://localhost:3000/_next/static/chunks/node_modules_next_dist_f3530cac._.js:3127
[  223528ms] [ERROR] ./app/(root)/catalogue/page.tsx:15:7
Parsing ecmascript source code failed
  13 |         </section>
  14 |
> 15 |     </main>
     |       ^^^^
  16 |   )
  17 | }
  18 |

Expected corresponding JSX closing tag for <div> @ http://localhost:3000/_next/static/chunks/node_modules_next_dist_f3530cac._.js:3127
[  223619ms] [ERROR] ./app/(root)/catalogue/page.tsx:15:7
Parsing ecmascript source code failed
  13 |         </section>
  14 |
> 15 |     </main>
     |       ^^^^
  16 |   )
  17 | }
  18 |

Expected corresponding JSX closing tag for <div> @ http://localhost:3000/_next/static/chunks/node_modules_next_dist_f3530cac._.js:3127
[  223695ms] [ERROR] ./app/(root)/catalogue/page.tsx:15:7
Parsing ecmascript source code failed
  13 |         </section>
  14 |
> 15 |     </main>
     |       ^^^^
  16 |   )
  17 | }
  18 |

Expected corresponding JSX closing tag for <div> @ http://localhost:3000/_next/static/chunks/node_modules_next_dist_f3530cac._.js:3127
[  223773ms] [ERROR] ./app/(root)/catalogue/page.tsx:15:7
Parsing ecmascript source code failed
  13 |         </section>
  14 |
> 15 |     </main>
     |       ^^^^
  16 |   )
  17 | }
  18 |

Expected corresponding JSX closing tag for <div> @ http://localhost:3000/_next/static/chunks/node_modules_next_dist_f3530cac._.js:3127
[  223852ms] [ERROR] ./app/(root)/catalogue/page.tsx:15:7
Parsing ecmascript source code failed
  13 |         </section>
  14 |
> 15 |     </main>
     |       ^^^^
  16 |   )
  17 | }
  18 |

Expected corresponding JSX closing tag for <div> @ http://localhost:3000/_next/static/chunks/node_modules_next_dist_f3530cac._.js:3127
[  223931ms] [ERROR] ./app/(root)/catalogue/page.tsx:15:7
Parsing ecmascript source code failed
  13 |         </section>
  14 |
> 15 |     </main>
     |       ^^^^
  16 |   )
  17 | }
  18 |

Expected corresponding JSX closing tag for <div> @ http://localhost:3000/_next/static/chunks/node_modules_next_dist_f3530cac._.js:3127
[  224007ms] [ERROR] ./app/(root)/catalogue/page.tsx:15:7
Parsing ecmascript source code failed
  13 |         </section>
  14 |
> 15 |     </main>
     |       ^^^^
  16 |   )
  17 | }
  18 |

Expected corresponding JSX closing tag for <div> @ http://localhost:3000/_next/static/chunks/node_modules_next_dist_f3530cac._.js:3127
[  224070ms] [ERROR] ./app/(root)/catalogue/page.tsx:15:7
Parsing ecmascript source code failed
  13 |         </section>
  14 |
> 15 |     </main>
     |       ^^^^
  16 |   )
  17 | }
  18 |

Expected corresponding JSX closing tag for <div> @ http://localhost:3000/_next/static/chunks/node_modules_next_dist_f3530cac._.js:3127
[  224149ms] [ERROR] ./app/(root)/catalogue/page.tsx:15:7
Parsing ecmascript source code failed
  13 |         </section>
  14 |
> 15 |     </main>
     |       ^^^^
  16 |   )
  17 | }
  18 |

Expected corresponding JSX closing tag for <div> @ http://localhost:3000/_next/static/chunks/node_modules_next_dist_f3530cac._.js:3127
[  224228ms] [ERROR] ./app/(root)/catalogue/page.tsx:15:7
Parsing ecmascript source code failed
  13 |         </section>
  14 |
> 15 |     </main>
     |       ^^^^
  16 |   )
  17 | }
  18 |

Expected corresponding JSX closing tag for <div> @ http://localhost:3000/_next/static/chunks/node_modules_next_dist_f3530cac._.js:3127
[  224319ms] [ERROR] ./app/(root)/catalogue/page.tsx:15:7
Parsing ecmascript source code failed
  13 |         </section>
  14 |
> 15 |     </main>
     |       ^^^^
  16 |   )
  17 | }
  18 |

Expected corresponding JSX closing tag for <div> @ http://localhost:3000/_next/static/chunks/node_modules_next_dist_f3530cac._.js:3127
[  224397ms] [ERROR] ./app/(root)/catalogue/page.tsx:15:7
Parsing ecmascript source code failed
  13 |         </section>
  14 |
> 15 |     </main>
     |       ^^^^
  16 |   )
  17 | }
  18 |

Expected corresponding JSX closing tag for <div> @ http://localhost:3000/_next/static/chunks/node_modules_next_dist_f3530cac._.js:3127
[  224476ms] [ERROR] ./app/(root)/catalogue/page.tsx:15:7
Parsing ecmascript source code failed
  13 |         </section>
  14 |
> 15 |     </main>
     |       ^^^^
  16 |   )
  17 | }
  18 |

Expected corresponding JSX closing tag for <div> @ http://localhost:3000/_next/static/chunks/node_modules_next_dist_f3530cac._.js:3127
[  224553ms] [ERROR] ./app/(root)/catalogue/page.tsx:15:7
Parsing ecmascript source code failed
  13 |         </section>
  14 |
> 15 |     </main>
     |       ^^^^
  16 |   )
  17 | }
  18 |

Expected corresponding JSX closing tag for <div> @ http://localhost:3000/_next/static/chunks/node_modules_next_dist_f3530cac._.js:3127
[  224652ms] [ERROR] ./app/(root)/catalogue/page.tsx:15:7
Parsing ecmascript source code failed
  13 |         </section>
  14 |
> 15 |     </main>
     |       ^^^^
  16 |   )
  17 | }
  18 |

Expected corresponding JSX closing tag for <div> @ http://localhost:3000/_next/static/chunks/node_modules_next_dist_f3530cac._.js:3127
[  224724ms] [ERROR] ./app/(root)/catalogue/page.tsx:15:7
Parsing ecmascript source code failed
  13 |         </section>
  14 |
> 15 |     </main>
     |       ^^^^
  16 |   )
  17 | }
  18 |

Expected corresponding JSX closing tag for <div> @ http://localhost:3000/_next/static/chunks/node_modules_next_dist_f3530cac._.js:3127
[  224802ms] [ERROR] ./app/(root)/catalogue/page.tsx:15:7
Parsing ecmascript source code failed
  13 |         </section>
  14 |
> 15 |     </main>
     |       ^^^^
  16 |   )
  17 | }
  18 |

Expected corresponding JSX closing tag for <div> @ http://localhost:3000/_next/static/chunks/node_modules_next_dist_f3530cac._.js:3127
[  224881ms] [ERROR] ./app/(root)/catalogue/page.tsx:15:7
Parsing ecmascript source code failed
  13 |         </section>
  14 |
> 15 |     </main>
     |       ^^^^
  16 |   )
  17 | }
  18 |

Expected corresponding JSX closing tag for <div> @ http://localhost:3000/_next/static/chunks/node_modules_next_dist_f3530cac._.js:3127
[  224959ms] [ERROR] ./app/(root)/catalogue/page.tsx:15:7
Parsing ecmascript source code failed
  13 |         </section>
  14 |
> 15 |     </main>
     |       ^^^^
  16 |   )
  17 | }
  18 |

Expected corresponding JSX closing tag for <div> @ http://localhost:3000/_next/static/chunks/node_modules_next_dist_f3530cac._.js:3127
[  225035ms] [ERROR] ./app/(root)/catalogue/page.tsx:15:7
Parsing ecmascript source code failed
  13 |         </section>
  14 |
> 15 |     </main>
     |       ^^^^
  16 |   )
  17 | }
  18 |

Expected corresponding JSX closing tag for <div> @ http://localhost:3000/_next/static/chunks/node_modules_next_dist_f3530cac._.js:3127
[  225118ms] [ERROR] ./app/(root)/catalogue/page.tsx:15:7
Parsing ecmascript source code failed
  13 |         </section>
  14 |
> 15 |     </main>
     |       ^^^^
  16 |   )
  17 | }
  18 |

Expected corresponding JSX closing tag for <div> @ http://localhost:3000/_next/static/chunks/node_modules_next_dist_f3530cac._.js:3127
[  225192ms] [ERROR] ./app/(root)/catalogue/page.tsx:15:7
Parsing ecmascript source code failed
  13 |         </section>
  14 |
> 15 |     </main>
     |       ^^^^
  16 |   )
  17 | }
  18 |

Expected corresponding JSX closing tag for <div> @ http://localhost:3000/_next/static/chunks/node_modules_next_dist_f3530cac._.js:3127
[  225281ms] [ERROR] ./app/(root)/catalogue/page.tsx:15:7
Parsing ecmascript source code failed
  13 |         </section>
  14 |
> 15 |     </main>
     |       ^^^^
  16 |   )
  17 | }
  18 |

Expected corresponding JSX closing tag for <div> @ http://localhost:3000/_next/static/chunks/node_modules_next_dist_f3530cac._.js:3127
[  225357ms] [ERROR] ./app/(root)/catalogue/page.tsx:15:7
Parsing ecmascript source code failed
  13 |         </section>
  14 |
> 15 |     </main>
     |       ^^^^
  16 |   )
  17 | }
  18 |

Expected corresponding JSX closing tag for <div> @ http://localhost:3000/_next/static/chunks/node_modules_next_dist_f3530cac._.js:3127
[  225442ms] [ERROR] ./app/(root)/catalogue/page.tsx:15:7
Parsing ecmascript source code failed
  13 |         </section>
  14 |
> 15 |     </main>
     |       ^^^^
  16 |   )
  17 | }
  18 |

Expected corresponding JSX closing tag for <div> @ http://localhost:3000/_next/static/chunks/node_modules_next_dist_f3530cac._.js:3127
[  225554ms] [ERROR] ./app/(root)/catalogue/page.tsx:15:7
Parsing ecmascript source code failed
  13 |         </section>
  14 |
> 15 |     </main>
     |       ^^^^
  16 |   )
  17 | }
  18 |

Expected corresponding JSX closing tag for <div> @ http://localhost:3000/_next/static/chunks/node_modules_next_dist_f3530cac._.js:3127
[  225625ms] [ERROR] ./app/(root)/catalogue/page.tsx:15:7
Parsing ecmascript source code failed
  13 |         </section>
  14 |
> 15 |     </main>
     |       ^^^^
  16 |   )
  17 | }
  18 |

Expected corresponding JSX closing tag for <div> @ http://localhost:3000/_next/static/chunks/node_modules_next_dist_f3530cac._.js:3127
[  225699ms] [ERROR] ./app/(root)/catalogue/page.tsx:15:7
Parsing ecmascript source code failed
  13 |         </section>
  14 |
> 15 |     </main>
     |       ^^^^
  16 |   )
  17 | }
  18 |

Expected corresponding JSX closing tag for <div> @ http://localhost:3000/_next/static/chunks/node_modules_next_dist_f3530cac._.js:3127
[  225780ms] [ERROR] ./app/(root)/catalogue/page.tsx:15:7
Parsing ecmascript source code failed
  13 |         </section>
  14 |
> 15 |     </main>
     |       ^^^^
  16 |   )
  17 | }
  18 |

Expected corresponding JSX closing tag for <div> @ http://localhost:3000/_next/static/chunks/node_modules_next_dist_f3530cac._.js:3127
[  225860ms] [ERROR] ./app/(root)/catalogue/page.tsx:15:7
Parsing ecmascript source code failed
  13 |         </section>
  14 |
> 15 |     </main>
     |       ^^^^
  16 |   )
  17 | }
  18 |

Expected corresponding JSX closing tag for <div> @ http://localhost:3000/_next/static/chunks/node_modules_next_dist_f3530cac._.js:3127
[  225936ms] [ERROR] ./app/(root)/catalogue/page.tsx:15:7
Parsing ecmascript source code failed
  13 |         </section>
  14 |
> 15 |     </main>
     |       ^^^^
  16 |   )
  17 | }
  18 |

Expected corresponding JSX closing tag for <div> @ http://localhost:3000/_next/static/chunks/node_modules_next_dist_f3530cac._.js:3127
[  226031ms] [ERROR] ./app/(root)/catalogue/page.tsx:15:7
Parsing ecmascript source code failed
  13 |         </section>
  14 |
> 15 |     </main>
     |       ^^^^
  16 |   )
  17 | }
  18 |

Expected corresponding JSX closing tag for <div> @ http://localhost:3000/_next/static/chunks/node_modules_next_dist_f3530cac._.js:3127
[  226105ms] [ERROR] ./app/(root)/catalogue/page.tsx:15:7
Parsing ecmascript source code failed
  13 |         </section>
  14 |
> 15 |     </main>
     |       ^^^^
  16 |   )
  17 | }
  18 |

Expected corresponding JSX closing tag for <div> @ http://localhost:3000/_next/static/chunks/node_modules_next_dist_f3530cac._.js:3127
[  226185ms] [ERROR] ./app/(root)/catalogue/page.tsx:15:7
Parsing ecmascript source code failed
  13 |         </section>
  14 |
> 15 |     </main>
     |       ^^^^
  16 |   )
  17 | }
  18 |

Expected corresponding JSX closing tag for <div> @ http://localhost:3000/_next/static/chunks/node_modules_next_dist_f3530cac._.js:3127
[  226264ms] [ERROR] ./app/(root)/catalogue/page.tsx:15:7
Parsing ecmascript source code failed
  13 |         </section>
  14 |
> 15 |     </main>
     |       ^^^^
  16 |   )
  17 | }
  18 |

Expected corresponding JSX closing tag for <div> @ http://localhost:3000/_next/static/chunks/node_modules_next_dist_f3530cac._.js:3127
[  226343ms] [ERROR] ./app/(root)/catalogue/page.tsx:15:7
Parsing ecmascript source code failed
  13 |         </section>
  14 |
> 15 |     </main>
     |       ^^^^
  16 |   )
  17 | }
  18 |

Expected corresponding JSX closing tag for <div> @ http://localhost:3000/_next/static/chunks/node_modules_next_dist_f3530cac._.js:3127
[  226420ms] [ERROR] ./app/(root)/catalogue/page.tsx:15:7
Parsing ecmascript source code failed
  13 |         </section>
  14 |
> 15 |     </main>
     |       ^^^^
  16 |   )
  17 | }
  18 |

Expected corresponding JSX closing tag for <div> @ http://localhost:3000/_next/static/chunks/node_modules_next_dist_f3530cac._.js:3127
[  226497ms] [ERROR] ./app/(root)/catalogue/page.tsx:15:7
Parsing ecmascript source code failed
  13 |         </section>
  14 |
> 15 |     </main>
     |       ^^^^
  16 |   )
  17 | }
  18 |

Expected corresponding JSX closing tag for <div> @ http://localhost:3000/_next/static/chunks/node_modules_next_dist_f3530cac._.js:3127
[  226573ms] [ERROR] ./app/(root)/catalogue/page.tsx:15:7
Parsing ecmascript source code failed
  13 |         </section>
  14 |
> 15 |     </main>
     |       ^^^^
  16 |   )
  17 | }
  18 |

Expected corresponding JSX closing tag for <div> @ http://localhost:3000/_next/static/chunks/node_modules_next_dist_f3530cac._.js:3127
[  226667ms] [ERROR] ./app/(root)/catalogue/page.tsx:15:7
Parsing ecmascript source code failed
  13 |         </section>
  14 |
> 15 |     </main>
     |       ^^^^
  16 |   )
  17 | }
  18 |

Expected corresponding JSX closing tag for <div> @ http://localhost:3000/_next/static/chunks/node_modules_next_dist_f3530cac._.js:3127
[  226760ms] [ERROR] ./app/(root)/catalogue/page.tsx:15:7
Parsing ecmascript source code failed
  13 |         </section>
  14 |
> 15 |     </main>
     |       ^^^^
  16 |   )
  17 | }
  18 |

Expected corresponding JSX closing tag for <div> @ http://localhost:3000/_next/static/chunks/node_modules_next_dist_f3530cac._.js:3127
[  226837ms] [ERROR] ./app/(root)/catalogue/page.tsx:15:7
Parsing ecmascript source code failed
  13 |         </section>
  14 |
> 15 |     </main>
     |       ^^^^
  16 |   )
  17 | }
  18 |

Expected corresponding JSX closing tag for <div> @ http://localhost:3000/_next/static/chunks/node_modules_next_dist_f3530cac._.js:3127
[  226914ms] [ERROR] ./app/(root)/catalogue/page.tsx:15:7
Parsing ecmascript source code failed
  13 |         </section>
  14 |
> 15 |     </main>
     |       ^^^^
  16 |   )
  17 | }
  18 |

Expected corresponding JSX closing tag for <div> @ http://localhost:3000/_next/static/chunks/node_modules_next_dist_f3530cac._.js:3127
[  226993ms] [ERROR] ./app/(root)/catalogue/page.tsx:15:7
Parsing ecmascript source code failed
  13 |         </section>
  14 |
> 15 |     </main>
     |       ^^^^
  16 |   )
  17 | }
  18 |

Expected corresponding JSX closing tag for <div> @ http://localhost:3000/_next/static/chunks/node_modules_next_dist_f3530cac._.js:3127
[  227070ms] [ERROR] ./app/(root)/catalogue/page.tsx:15:7
Parsing ecmascript source code failed
  13 |         </section>
  14 |
> 15 |     </main>
     |       ^^^^
  16 |   )
  17 | }
  18 |

Expected corresponding JSX closing tag for <div> @ http://localhost:3000/_next/static/chunks/node_modules_next_dist_f3530cac._.js:3127
[  227134ms] [ERROR] ./app/(root)/catalogue/page.tsx:15:7
Parsing ecmascript source code failed
  13 |         </section>
  14 |
> 15 |     </main>
     |       ^^^^
  16 |   )
  17 | }
  18 |

Expected corresponding JSX closing tag for <div> @ http://localhost:3000/_next/static/chunks/node_modules_next_dist_f3530cac._.js:3127
[  227214ms] [ERROR] ./app/(root)/catalogue/page.tsx:15:7
Parsing ecmascript source code failed
  13 |         </section>
  14 |
> 15 |     </main>
     |       ^^^^
  16 |   )
  17 | }
  18 |

Expected corresponding JSX closing tag for <div> @ http://localhost:3000/_next/static/chunks/node_modules_next_dist_f3530cac._.js:3127
[  227288ms] [ERROR] ./app/(root)/catalogue/page.tsx:15:7
Parsing ecmascript source code failed
  13 |         </section>
  14 |
> 15 |     </main>
     |       ^^^^
  16 |   )
  17 | }
  18 |

Expected corresponding JSX closing tag for <div> @ http://localhost:3000/_next/static/chunks/node_modules_next_dist_f3530cac._.js:3127
[  227368ms] [ERROR] ./app/(root)/catalogue/page.tsx:15:7
Parsing ecmascript source code failed
  13 |         </section>
  14 |
> 15 |     </main>
     |       ^^^^
  16 |   )
  17 | }
  18 |

Expected corresponding JSX closing tag for <div> @ http://localhost:3000/_next/static/chunks/node_modules_next_dist_f3530cac._.js:3127
[  227445ms] [ERROR] ./app/(root)/catalogue/page.tsx:15:7
Parsing ecmascript source code failed
  13 |         </section>
  14 |
> 15 |     </main>
     |       ^^^^
  16 |   )
  17 | }
  18 |

Expected corresponding JSX closing tag for <div> @ http://localhost:3000/_next/static/chunks/node_modules_next_dist_f3530cac._.js:3127
[  227524ms] [ERROR] ./app/(root)/catalogue/page.tsx:15:7
Parsing ecmascript source code failed
  13 |         </section>
  14 |
> 15 |     </main>
     |       ^^^^
  16 |   )
  17 | }
  18 |

Expected corresponding JSX closing tag for <div> @ http://localhost:3000/_next/static/chunks/node_modules_next_dist_f3530cac._.js:3127
[  227646ms] [ERROR] ./app/(root)/catalogue/page.tsx:15:7
Parsing ecmascript source code failed
  13 |         </section>
  14 |
> 15 |     </main>
     |       ^^^^
  16 |   )
  17 | }
  18 |

Expected corresponding JSX closing tag for <div> @ http://localhost:3000/_next/static/chunks/node_modules_next_dist_f3530cac._.js:3127
[  227681ms] [LOG] [Fast Refresh] rebuilding @ http://localhost:3000/_next/static/chunks/node_modules_next_dist_f3530cac._.js:2297
[  227762ms] [ERROR] ./app/(root)/catalogue/page.tsx:15:7
Parsing ecmascript source code failed
  13 |         </section>
  14 |
> 15 |     </main>
     |       ^^^^
  16 |   )
  17 | }
  18 |

Expected corresponding JSX closing tag for <div> @ http://localhost:3000/_next/static/chunks/node_modules_next_dist_f3530cac._.js:3127
[  227833ms] [ERROR] ./app/(root)/catalogue/page.tsx:15:7
Parsing ecmascript source code failed
  13 |         </section>
  14 |
> 15 |     </main>
     |       ^^^^
  16 |   )
  17 | }
  18 |

Expected corresponding JSX closing tag for <div> @ http://localhost:3000/_next/static/chunks/node_modules_next_dist_f3530cac._.js:3127
[  227913ms] [ERROR] ./app/(root)/catalogue/page.tsx:15:7
Parsing ecmascript source code failed
  13 |         </section>
  14 |
> 15 |     </main>
     |       ^^^^
  16 |   )
  17 | }
  18 |

Expected corresponding JSX closing tag for <div> @ http://localhost:3000/_next/static/chunks/node_modules_next_dist_f3530cac._.js:3127
[  227989ms] [ERROR] ./app/(root)/catalogue/page.tsx:15:7
Parsing ecmascript source code failed
  13 |         </section>
  14 |
> 15 |     </main>
     |       ^^^^
  16 |   )
  17 | }
  18 |

Expected corresponding JSX closing tag for <div> @ http://localhost:3000/_next/static/chunks/node_modules_next_dist_f3530cac._.js:3127
[  228053ms] [ERROR] ./app/(root)/catalogue/page.tsx:15:7
Parsing ecmascript source code failed
  13 |         </section>
  14 |
> 15 |     </main>
     |       ^^^^
  16 |   )
  17 | }
  18 |

Expected corresponding JSX closing tag for <div> @ http://localhost:3000/_next/static/chunks/node_modules_next_dist_f3530cac._.js:3127
[  228133ms] [ERROR] ./app/(root)/catalogue/page.tsx:15:7
Parsing ecmascript source code failed
  13 |         </section>
  14 |
> 15 |     </main>
     |       ^^^^
  16 |   )
  17 | }
  18 |

Expected corresponding JSX closing tag for <div> @ http://localhost:3000/_next/static/chunks/node_modules_next_dist_f3530cac._.js:3127
[  228212ms] [ERROR] ./app/(root)/catalogue/page.tsx:15:7
Parsing ecmascript source code failed
  13 |         </section>
  14 |
> 15 |     </main>
     |       ^^^^
  16 |   )
  17 | }
  18 |

Expected corresponding JSX closing tag for <div> @ http://localhost:3000/_next/static/chunks/node_modules_next_dist_f3530cac._.js:3127
[  228286ms] [ERROR] ./app/(root)/catalogue/page.tsx:15:7
Parsing ecmascript source code failed
  13 |         </section>
  14 |
> 15 |     </main>
     |       ^^^^
  16 |   )
  17 | }
  18 |

Expected corresponding JSX closing tag for <div> @ http://localhost:3000/_next/static/chunks/node_modules_next_dist_f3530cac._.js:3127
[  228364ms] [ERROR] ./app/(root)/catalogue/page.tsx:15:7
Parsing ecmascript source code failed
  13 |         </section>
  14 |
> 15 |     </main>
     |       ^^^^
  16 |   )
  17 | }
  18 |

Expected corresponding JSX closing tag for <div> @ http://localhost:3000/_next/static/chunks/node_modules_next_dist_f3530cac._.js:3127
[  228457ms] [ERROR] ./app/(root)/catalogue/page.tsx:15:7
Parsing ecmascript source code failed
  13 |         </section>
  14 |
> 15 |     </main>
     |       ^^^^
  16 |   )
  17 | }
  18 |

Expected corresponding JSX closing tag for <div> @ http://localhost:3000/_next/static/chunks/node_modules_next_dist_f3530cac._.js:3127
[  228564ms] [ERROR] ./app/(root)/catalogue/page.tsx:15:7
Parsing ecmascript source code failed
  13 |         </section>
  14 |
> 15 |     </main>
     |       ^^^^
  16 |   )
  17 | }
  18 |

Expected corresponding JSX closing tag for <div> @ http://localhost:3000/_next/static/chunks/node_modules_next_dist_f3530cac._.js:3127
[  228641ms] [ERROR] ./app/(root)/catalogue/page.tsx:15:7
Parsing ecmascript source code failed
  13 |         </section>
  14 |
> 15 |     </main>
     |       ^^^^
  16 |   )
  17 | }
  18 |

Expected corresponding JSX closing tag for <div> @ http://localhost:3000/_next/static/chunks/node_modules_next_dist_f3530cac._.js:3127
[  228718ms] [ERROR] ./app/(root)/catalogue/page.tsx:15:7
Parsing ecmascript source code failed
  13 |         </section>
  14 |
> 15 |     </main>
     |       ^^^^
  16 |   )
  17 | }
  18 |

Expected corresponding JSX closing tag for <div> @ http://localhost:3000/_next/static/chunks/node_modules_next_dist_f3530cac._.js:3127
[  228801ms] [ERROR] ./app/(root)/catalogue/page.tsx:15:7
Parsing ecmascript source code failed
  13 |         </section>
  14 |
> 15 |     </main>
     |       ^^^^
  16 |   )
  17 | }
  18 |

Expected corresponding JSX closing tag for <div> @ http://localhost:3000/_next/static/chunks/node_modules_next_dist_f3530cac._.js:3127
[  228875ms] [ERROR] ./app/(root)/catalogue/page.tsx:15:7
Parsing ecmascript source code failed
  13 |         </section>
  14 |
> 15 |     </main>
     |       ^^^^
  16 |   )
  17 | }
  18 |

Expected corresponding JSX closing tag for <div> @ http://localhost:3000/_next/static/chunks/node_modules_next_dist_f3530cac._.js:3127
[  228952ms] [ERROR] ./app/(root)/catalogue/page.tsx:15:7
Parsing ecmascript source code failed
  13 |         </section>
  14 |
> 15 |     </main>
     |       ^^^^
  16 |   )
  17 | }
  18 |

Expected corresponding JSX closing tag for <div> @ http://localhost:3000/_next/static/chunks/node_modules_next_dist_f3530cac._.js:3127
[  229034ms] [ERROR] ./app/(root)/catalogue/page.tsx:15:7
Parsing ecmascript source code failed
  13 |         </section>
  14 |
> 15 |     </main>
     |       ^^^^
  16 |   )
  17 | }
  18 |

Expected corresponding JSX closing tag for <div> @ http://localhost:3000/_next/static/chunks/node_modules_next_dist_f3530cac._.js:3127
[  229107ms] [ERROR] ./app/(root)/catalogue/page.tsx:15:7
Parsing ecmascript source code failed
  13 |         </section>
  14 |
> 15 |     </main>
     |       ^^^^
  16 |   )
  17 | }
  18 |

Expected corresponding JSX closing tag for <div> @ http://localhost:3000/_next/static/chunks/node_modules_next_dist_f3530cac._.js:3127
[  229187ms] [ERROR] ./app/(root)/catalogue/page.tsx:15:7
Parsing ecmascript source code failed
  13 |         </section>
  14 |
> 15 |     </main>
     |       ^^^^
  16 |   )
  17 | }
  18 |

Expected corresponding JSX closing tag for <div> @ http://localhost:3000/_next/static/chunks/node_modules_next_dist_f3530cac._.js:3127
[  229263ms] [ERROR] ./app/(root)/catalogue/page.tsx:15:7
Parsing ecmascript source code failed
  13 |         </section>
  14 |
> 15 |     </main>
     |       ^^^^
  16 |   )
  17 | }
  18 |

Expected corresponding JSX closing tag for <div> @ http://localhost:3000/_next/static/chunks/node_modules_next_dist_f3530cac._.js:3127
[  229340ms] [ERROR] ./app/(root)/catalogue/page.tsx:15:7
Parsing ecmascript source code failed
  13 |         </section>
  14 |
> 15 |     </main>
     |       ^^^^
  16 |   )
  17 | }
  18 |

Expected corresponding JSX closing tag for <div> @ http://localhost:3000/_next/static/chunks/node_modules_next_dist_f3530cac._.js:3127
[  229418ms] [ERROR] ./app/(root)/catalogue/page.tsx:15:7
Parsing ecmascript source code failed
  13 |         </section>
  14 |
> 15 |     </main>
     |       ^^^^
  16 |   )
  17 | }
  18 |

Expected corresponding JSX closing tag for <div> @ http://localhost:3000/_next/static/chunks/node_modules_next_dist_f3530cac._.js:3127
[  229496ms] [ERROR] ./app/(root)/catalogue/page.tsx:15:7
Parsing ecmascript source code failed
  13 |         </section>
  14 |
> 15 |     </main>
     |       ^^^^
  16 |   )
  17 | }
  18 |

Expected corresponding JSX closing tag for <div> @ http://localhost:3000/_next/static/chunks/node_modules_next_dist_f3530cac._.js:3127
[  229573ms] [ERROR] ./app/(root)/catalogue/page.tsx:15:7
Parsing ecmascript source code failed
  13 |         </section>
  14 |
> 15 |     </main>
     |       ^^^^
  16 |   )
  17 | }
  18 |

Expected corresponding JSX closing tag for <div> @ http://localhost:3000/_next/static/chunks/node_modules_next_dist_f3530cac._.js:3127
[  229652ms] [ERROR] ./app/(root)/catalogue/page.tsx:15:7
Parsing ecmascript source code failed
  13 |         </section>
  14 |
> 15 |     </main>
     |       ^^^^
  16 |   )
  17 | }
  18 |

Expected corresponding JSX closing tag for <div> @ http://localhost:3000/_next/static/chunks/node_modules_next_dist_f3530cac._.js:3127
[  229728ms] [ERROR] ./app/(root)/catalogue/page.tsx:15:7
Parsing ecmascript source code failed
  13 |         </section>
  14 |
> 15 |     </main>
     |       ^^^^
  16 |   )
  17 | }
  18 |

Expected corresponding JSX closing tag for <div> @ http://localhost:3000/_next/static/chunks/node_modules_next_dist_f3530cac._.js:3127
[  229791ms] [ERROR] ./app/(root)/catalogue/page.tsx:15:7
Parsing ecmascript source code failed
  13 |         </section>
  14 |
> 15 |     </main>
     |       ^^^^
  16 |   )
  17 | }
  18 |

Expected corresponding JSX closing tag for <div> @ http://localhost:3000/_next/static/chunks/node_modules_next_dist_f3530cac._.js:3127
[  229870ms] [ERROR] ./app/(root)/catalogue/page.tsx:15:7
Parsing ecmascript source code failed
  13 |         </section>
  14 |
> 15 |     </main>
     |       ^^^^
  16 |   )
  17 | }
  18 |

Expected corresponding JSX closing tag for <div> @ http://localhost:3000/_next/static/chunks/node_modules_next_dist_f3530cac._.js:3127
[  229944ms] [ERROR] ./app/(root)/catalogue/page.tsx:15:7
Parsing ecmascript source code failed
  13 |         </section>
  14 |
> 15 |     </main>
     |       ^^^^
  16 |   )
  17 | }
  18 |

Expected corresponding JSX closing tag for <div> @ http://localhost:3000/_next/static/chunks/node_modules_next_dist_f3530cac._.js:3127
[  230006ms] [ERROR] ./app/(root)/catalogue/page.tsx:15:7
Parsing ecmascript source code failed
  13 |         </section>
  14 |
> 15 |     </main>
     |       ^^^^
  16 |   )
  17 | }
  18 |

Expected corresponding JSX closing tag for <div> @ http://localhost:3000/_next/static/chunks/node_modules_next_dist_f3530cac._.js:3127
[  230084ms] [ERROR] ./app/(root)/catalogue/page.tsx:15:7
Parsing ecmascript source code failed
  13 |         </section>
  14 |
> 15 |     </main>
     |       ^^^^
  16 |   )
  17 | }
  18 |

Expected corresponding JSX closing tag for <div> @ http://localhost:3000/_next/static/chunks/node_modules_next_dist_f3530cac._.js:3127
[  230148ms] [ERROR] ./app/(root)/catalogue/page.tsx:15:7
Parsing ecmascript source code failed
  13 |         </section>
  14 |
> 15 |     </main>
     |       ^^^^
  16 |   )
  17 | }
  18 |

Expected corresponding JSX closing tag for <div> @ http://localhost:3000/_next/static/chunks/node_modules_next_dist_f3530cac._.js:3127
[  230223ms] [ERROR] ./app/(root)/catalogue/page.tsx:15:7
Parsing ecmascript source code failed
  13 |         </section>
  14 |
> 15 |     </main>
     |       ^^^^
  16 |   )
  17 | }
  18 |

Expected corresponding JSX closing tag for <div> @ http://localhost:3000/_next/static/chunks/node_modules_next_dist_f3530cac._.js:3127
[  230301ms] [ERROR] ./app/(root)/catalogue/page.tsx:15:7
Parsing ecmascript source code failed
  13 |         </section>
  14 |
> 15 |     </main>
     |       ^^^^
  16 |   )
  17 | }
  18 |

Expected corresponding JSX closing tag for <div> @ http://localhost:3000/_next/static/chunks/node_modules_next_dist_f3530cac._.js:3127
[  230380ms] [ERROR] ./app/(root)/catalogue/page.tsx:15:7
Parsing ecmascript source code failed
  13 |         </section>
  14 |
> 15 |     </main>
     |       ^^^^
  16 |   )
  17 | }
  18 |

Expected corresponding JSX closing tag for <div> @ http://localhost:3000/_next/static/chunks/node_modules_next_dist_f3530cac._.js:3127
[  230473ms] [ERROR] ./app/(root)/catalogue/page.tsx:15:7
Parsing ecmascript source code failed
  13 |         </section>
  14 |
> 15 |     </main>
     |       ^^^^
  16 |   )
  17 | }
  18 |

Expected corresponding JSX closing tag for <div> @ http://localhost:3000/_next/static/chunks/node_modules_next_dist_f3530cac._.js:3127
[  230551ms] [ERROR] ./app/(root)/catalogue/page.tsx:15:7
Parsing ecmascript source code failed
  13 |         </section>
  14 |
> 15 |     </main>
     |       ^^^^
  16 |   )
  17 | }
  18 |

Expected corresponding JSX closing tag for <div> @ http://localhost:3000/_next/static/chunks/node_modules_next_dist_f3530cac._.js:3127
[  230632ms] [ERROR] ./app/(root)/catalogue/page.tsx:15:7
Parsing ecmascript source code failed
  13 |         </section>
  14 |
> 15 |     </main>
     |       ^^^^
  16 |   )
  17 | }
  18 |

Expected corresponding JSX closing tag for <div> @ http://localhost:3000/_next/static/chunks/node_modules_next_dist_f3530cac._.js:3127
[  230706ms] [ERROR] ./app/(root)/catalogue/page.tsx:15:7
Parsing ecmascript source code failed
  13 |         </section>
  14 |
> 15 |     </main>
     |       ^^^^
  16 |   )
  17 | }
  18 |

Expected corresponding JSX closing tag for <div> @ http://localhost:3000/_next/static/chunks/node_modules_next_dist_f3530cac._.js:3127
[  230769ms] [ERROR] ./app/(root)/catalogue/page.tsx:15:7
Parsing ecmascript source code failed
  13 |         </section>
  14 |
> 15 |     </main>
     |       ^^^^
  16 |   )
  17 | }
  18 |

Expected corresponding JSX closing tag for <div> @ http://localhost:3000/_next/static/chunks/node_modules_next_dist_f3530cac._.js:3127
[  230849ms] [ERROR] ./app/(root)/catalogue/page.tsx:15:7
Parsing ecmascript source code failed
  13 |         </section>
  14 |
> 15 |     </main>
     |       ^^^^
  16 |   )
  17 | }
  18 |

Expected corresponding JSX closing tag for <div> @ http://localhost:3000/_next/static/chunks/node_modules_next_dist_f3530cac._.js:3127
[  230925ms] [ERROR] ./app/(root)/catalogue/page.tsx:15:7
Parsing ecmascript source code failed
  13 |         </section>
  14 |
> 15 |     </main>
     |       ^^^^
  16 |   )
  17 | }
  18 |

Expected corresponding JSX closing tag for <div> @ http://localhost:3000/_next/static/chunks/node_modules_next_dist_f3530cac._.js:3127
[  231003ms] [ERROR] ./app/(root)/catalogue/page.tsx:15:7
Parsing ecmascript source code failed
  13 |         </section>
  14 |
> 15 |     </main>
     |       ^^^^
  16 |   )
  17 | }
  18 |

Expected corresponding JSX closing tag for <div> @ http://localhost:3000/_next/static/chunks/node_modules_next_dist_f3530cac._.js:3127
[  231081ms] [ERROR] ./app/(root)/catalogue/page.tsx:15:7
Parsing ecmascript source code failed
  13 |         </section>
  14 |
> 15 |     </main>
     |       ^^^^
  16 |   )
  17 | }
  18 |

Expected corresponding JSX closing tag for <div> @ http://localhost:3000/_next/static/chunks/node_modules_next_dist_f3530cac._.js:3127
[  231160ms] [ERROR] ./app/(root)/catalogue/page.tsx:15:7
Parsing ecmascript source code failed
  13 |         </section>
  14 |
> 15 |     </main>
     |       ^^^^
  16 |   )
  17 | }
  18 |

Expected corresponding JSX closing tag for <div> @ http://localhost:3000/_next/static/chunks/node_modules_next_dist_f3530cac._.js:3127
[  231236ms] [ERROR] ./app/(root)/catalogue/page.tsx:15:7
Parsing ecmascript source code failed
  13 |         </section>
  14 |
> 15 |     </main>
     |       ^^^^
  16 |   )
  17 | }
  18 |

Expected corresponding JSX closing tag for <div> @ http://localhost:3000/_next/static/chunks/node_modules_next_dist_f3530cac._.js:3127
[  231316ms] [ERROR] ./app/(root)/catalogue/page.tsx:15:7
Parsing ecmascript source code failed
  13 |         </section>
  14 |
> 15 |     </main>
     |       ^^^^
  16 |   )
  17 | }
  18 |

Expected corresponding JSX closing tag for <div> @ http://localhost:3000/_next/static/chunks/node_modules_next_dist_f3530cac._.js:3127
[  231392ms] [ERROR] ./app/(root)/catalogue/page.tsx:15:7
Parsing ecmascript source code failed
  13 |         </section>
  14 |
> 15 |     </main>
     |       ^^^^
  16 |   )
  17 | }
  18 |

Expected corresponding JSX closing tag for <div> @ http://localhost:3000/_next/static/chunks/node_modules_next_dist_f3530cac._.js:3127
[  231471ms] [ERROR] ./app/(root)/catalogue/page.tsx:15:7
Parsing ecmascript source code failed
  13 |         </section>
  14 |
> 15 |     </main>
     |       ^^^^
  16 |   )
  17 | }
  18 |

Expected corresponding JSX closing tag for <div> @ http://localhost:3000/_next/static/chunks/node_modules_next_dist_f3530cac._.js:3127
[  231549ms] [ERROR] ./app/(root)/catalogue/page.tsx:15:7
Parsing ecmascript source code failed
  13 |         </section>
  14 |
> 15 |     </main>
     |       ^^^^
  16 |   )
  17 | }
  18 |

Expected corresponding JSX closing tag for <div> @ http://localhost:3000/_next/static/chunks/node_modules_next_dist_f3530cac._.js:3127
[  231632ms] [ERROR] ./app/(root)/catalogue/page.tsx:15:7
Parsing ecmascript source code failed
  13 |         </section>
  14 |
> 15 |     </main>
     |       ^^^^
  16 |   )
  17 | }
  18 |

Expected corresponding JSX closing tag for <div> @ http://localhost:3000/_next/static/chunks/node_modules_next_dist_f3530cac._.js:3127
[  231748ms] [LOG] [Fast Refresh] rebuilding @ http://localhost:3000/_next/static/chunks/node_modules_next_dist_f3530cac._.js:2297
[  232295ms] [LOG] [Fast Refresh] done in 484ms @ http://localhost:3000/_next/static/chunks/node_modules_next_dist_f3530cac._.js:2297
[  232787ms] [LOG] [Fast Refresh] rebuilding @ http://localhost:3000/_next/static/chunks/node_modules_next_dist_f3530cac._.js:2297
[  233784ms] [LOG] [Fast Refresh] done in 937ms @ http://localhost:3000/_next/static/chunks/node_modules_next_dist_f3530cac._.js:2297
[  280599ms] [LOG] [Fast Refresh] rebuilding @ http://localhost:3000/_next/static/chunks/node_modules_next_dist_f3530cac._.js:2297
[  281245ms] [LOG] [Fast Refresh] done in 763ms @ http://localhost:3000/_next/static/chunks/node_modules_next_dist_f3530cac._.js:2297
[  287202ms] [LOG] [Fast Refresh] rebuilding @ http://localhost:3000/_next/static/chunks/node_modules_next_dist_f3530cac._.js:2297
[  288111ms] [LOG] [Fast Refresh] done in 1013ms @ http://localhost:3000/_next/static/chunks/node_modules_next_dist_f3530cac._.js:2297
[  293133ms] [LOG] [Fast Refresh] rebuilding @ http://localhost:3000/_next/static/chunks/node_modules_next_dist_f3530cac._.js:2297
[  293146ms] [LOG] [Fast Refresh] done in 126ms @ http://localhost:3000/_next/static/chunks/node_modules_next_dist_f3530cac._.js:2297
[  335980ms] [LOG] [Fast Refresh] rebuilding @ http://localhost:3000/_next/static/chunks/node_modules_next_dist_f3530cac._.js:2297
[  336819ms] [WARNING] [Fast Refresh] performing full reload

Fast Refresh will perform a full reload when you edit a file that's imported by modules outside of the React rendering tree.
You might have a file which exports a React component but also exports a value that is imported by a non-React component file.
Consider migrating the non-React component export to a separate file and importing it into both files.

It is also possible the parent component of the component you edited is a class component, which disables Fast Refresh.
Fast Refresh requires at least one parent function component in your React tree. @ http://localhost:3000/_next/static/chunks/node_modules_next_dist_f3530cac._.js:2297
[  336853ms] [LOG] [Fast Refresh] done in 936ms @ http://localhost:3000/_next/static/chunks/node_modules_next_dist_f3530cac._.js:2297
[  337011ms] [LOG] [Fast Refresh] rebuilding @ http://localhost:3000/_next/static/chunks/node_modules_next_dist_f3530cac._.js:2297
[  338066ms] [LOG] [Fast Refresh] done in 1159ms @ http://localhost:3000/_next/static/chunks/node_modules_next_dist_f3530cac._.js:2297
[  339768ms] [INFO] %cDownload the React DevTools for a better development experience: https://react.dev/link/react-devtools font-weight:bold @ http://localhost:3000/_next/static/chunks/node_modules_next_dist_f3530cac._.js:2297
[  340233ms] [LOG] [HMR] connected @ http://localhost:3000/_next/static/chunks/node_modules_next_dist_f3530cac._.js:2297
[  341014ms] [WARNING] Image with src "https://www.viviennewestwood.com/dw/image/v2/BJGV_PRD/on/demandware.static/-/Sites-viviennewestwood-master-catalog/default/dw69896e20/images/2G01000A-J001M-_GREY-MELANGE_001_large.jpeg?q=80" has "fill" but is missing "sizes" prop. Please add it to improve page performance. Read more: https://nextjs.org/docs/api-reference/next/image#sizes @ http://localhost:3000/_next/static/chunks/node_modules_next_dist_f3530cac._.js:2297
[  341055ms] [LOG] [Fast Refresh] rebuilding @ http://localhost:3000/_next/static/chunks/node_modules_next_dist_f3530cac._.js:2297
[  341084ms] [WARNING] Image with src "https://eu.manieredevoir.com/cdn/shop/files/MDV_0030_MDV2_be0fab84-a04c-4251-adc9-1fefaa4175c4.jpg?v=1759502594" has "fill" but is missing "sizes" prop. Please add it to improve page performance. Read more: https://nextjs.org/docs/api-reference/next/image#sizes @ http://localhost:3000/_next/static/chunks/node_modules_next_dist_f3530cac._.js:2297
[  341098ms] [WARNING] Image with src "https://www.viviennewestwood.com/dw/image/v2/BJGV_PRD/on/demandware.static/-/Library-Sites-viviennewestwood-global-content/default/dw8c63789d/images/collections/autumn-winter-25_26/AW2526%20Lookbook/2x3/VW_AW2526_Lookbook_Look_02.jpg?sw=632&sh=948&q=80" has "fill" but is missing "sizes" prop. Please add it to improve page performance. Read more: https://nextjs.org/docs/api-reference/next/image#sizes @ http://localhost:3000/_next/static/chunks/node_modules_next_dist_f3530cac._.js:2297
[  341232ms] [LOG] [Fast Refresh] done in 279ms @ http://localhost:3000/_next/static/chunks/node_modules_next_dist_f3530cac._.js:2297
[  347481ms] [LOG] [Fast Refresh] rebuilding @ http://localhost:3000/_next/static/chunks/node_modules_next_dist_f3530cac._.js:2297
[  348216ms] [LOG] [Fast Refresh] done in 850ms @ http://localhost:3000/_next/static/chunks/node_modules_next_dist_f3530cac._.js:2297
[  354927ms] [LOG] [Fast Refresh] rebuilding @ http://localhost:3000/_next/static/chunks/node_modules_next_dist_f3530cac._.js:2297
[  355655ms] [LOG] [Fast Refresh] done in 837ms @ http://localhost:3000/_next/static/chunks/node_modules_next_dist_f3530cac._.js:2297
[  359847ms] [LOG] [Fast Refresh] rebuilding @ http://localhost:3000/_next/static/chunks/node_modules_next_dist_f3530cac._.js:2297
[  360404ms] [LOG] [Fast Refresh] done in 672ms @ http://localhost:3000/_next/static/chunks/node_modules_next_dist_f3530cac._.js:2297
[  368033ms] [LOG] [Fast Refresh] rebuilding @ http://localhost:3000/_next/static/chunks/node_modules_next_dist_f3530cac._.js:2297
[  368877ms] [LOG] [Fast Refresh] done in 924ms @ http://localhost:3000/_next/static/chunks/node_modules_next_dist_f3530cac._.js:2297
